from,to
CALM1,ABCA1
EGFR,ABCA1
NR1H3,ABCA1
RXRA,ABCA1
RXRB,ABCA1
RXRG,ABCA1
ESR1,ABCA3
VDR,ABCB1
EGFR,ABI1
MET,ABI2
CDON,ABL1
INSR,ABL1
LRP8,ABL1
RXRA,ACAA1
RXRA,ACADL
PPARG,ACADM
RXRA,ACADM
CD74,ACKR3
IGF1R,ACLY
RXRA,ACOX1
RXRA,ACOX2
RXRA,ACOX3
PPARG,ACSL1
PPARG,ACSL3
PPARA,ACSL4
PPARG,ACSL4
RXRB,ACSL4
RXRG,ACSL4
PPARG,ACSL5
PPARG,ACSL6
EGFR,ACTA1
FLT1,ACTA1
KDR,ACTA1
EGFR,ACTC1
IGF1R,ACTC1
EGF,ACTN4
BMPR2,ACTR8
BMPR2,ACVR1
ACTR2,ACVR1B
ACVR2A,ACVR1B
ACVR2B,ACVR1B
CFC1,ACVR1B
CFC1B,ACVR1B
INSR,ADAM12
ITGB3,ADAM12
IGF1R,ADAM15
AXL,ADAM17
EGFR,ADAM17
NTRK1,ADAM17
NTRK2,ADAM17
MMP14,ADAM9
SIGLEC7,ADGRA2
SIGLEC8,ADGRA2
SIGLEC9,ADGRA2
IGF1R,ADRB2
KDR,ADRB2
NR3C1,AFP
BMPR2,AGER
EGFR,AGO2
MAS1,AGTR1
PPARG,AGTR1
ERBB2,AGTR2
EGFR,AHCYL1
NR3C1,AHR
AXL,AKT1
CAV1,AKT1
CD19,AKT1
CD40,AKT1
CD40LG,AKT1
CD55,AKT1
EDNRA,AKT1
EGF,AKT1
ERBB2,AKT1
ERBB3,AKT1
IL2RA,AKT1
IL2RB,AKT1
IL2RG,AKT1
ITGA6,AKT1
KDR,AKT1
LAMA4,AKT1
MERTK,AKT1
OLR1,AKT1
PDGFRB,AKT1
PDPN,AKT1
PIK3CB,AKT1
PTPRF,AKT1
RET,AKT1
S1PR3,AKT1
SMO,AKT1
TYRO3,AKT1
FLT1,AKT3
ESR1,ALDOA
IGF1R,ALK
EGF,ALKBH5
BMPR2,ANKS1A
EGFR,ANKS1A
EGFR,ANKS1B
F3,ANXA2
FGFR1,ANXA2
IGF1R,ANXA2
INSR,ANXA2
LGALS3,ANXA2
PTK2B,ANXA2
KDR,ANXA5
PPARG,AOC3
ESR1,AP1B1
EGFR,APBA3
EGFR,APBB1
EGFR,APBB2
EGFR,APBB3
LRP6,APC
NOTCH1,APC
HLA-A,APLP2
RXRA,APOA1
EGFR,APPL1
CALM1,AQP1
EPHB2,AQP1
ANXA2,AQP2
PPARG,AQP7
RXRA,AQP7
RXRB,AQP7
RXRG,AQP7
AGTR1,ARF6
EGFR,ARF6
MET,ARF6
IGF1R,ARRB1
TIGIT,ARRB2
BMPR2,ARSA
EGFR,ASAP3
NOTCH1,ASCL1
BMPR2,ATF2
BSG,ATF2
EGF,ATM
EGFR,ATM
INSR,ATM
NOTCH1,ATOH1
BCR,ATP2B1
EGFR,ATP5F1C
ESR1,ATP5PF
NOTCH1,AXIN1
ESR1,AXIN2
ESR1,B4GALT1
MET,BAG1
IGF1R,BAIAP2
ERBB4,BAK1
HSPA5,BAX
NR3C1,BAX
PRNP,BAX
CXCR4,BCAR1
EGFR,BCAR1
FLT1,BCAR1
IGF1R,BCAR1
ITGA9,BCAR1
ITGAX,BCAR1
ITGB2,BCAR1
KDR,BCAR1
TLR4,BCL10
CD4,BCL2
FAS,BCL2
IL2RG,BCL2
IL7R,BCL2
LGALS1,BCL2
EGFR,BCR
IGF1R,BDKRB2
EGFR,BECN1
KRT1,BECN1
FAS,BID
TNFRSF1A,BID
ESR1,BIK
TNFRSF1B,BIRC2
FN1,BIRC5
ITGA1,BIRC5
ITGB1,BIRC5
IGF1R,BLNK
MERTK,BMPR2
RGMA,BMPR2
RGMB,BMPR2
EGFR,BMX
IGF1R,BMX
KDR,BMX
TEK,BMX
CD47,BNIP3
CAV1,BSG
EGF,BSG
IGF1R,BTK
FN1,C5AR1
CNR1,CACNA1A
CNR1,CACNA1B
CNR1,CACNA1C
NCAM1,CACNA1C
CNR1,CACNA1D
CNR1,CACNA1E
CNR1,CACNA1F
CNR1,CACNA1G
CNR1,CACNA1H
CNR1,CACNA1I
CNR1,CACNA1S
CNR1,CACNA2D1
CNR1,CACNB1
CNR1,CACNB2
CNR1,CACNB3
CNR1,CACNB4
CNR1,CACNG1
CNR1,CACNG2
CNR1,CACNG3
CNR1,CACNG6
CNR1,CACNG7
CNR1,CACNG8
MYLK,CALD1
IGF1R,CAMK1
EGFR,CARD16
EGFR,CASP1
FN1,CASP3
IL1R1,CASP3
IL1R2,CASP3
ITGA1,CASP3
ITGB1,CASP3
LPAR3,CASP3
TNFRSF1A,CASP3
VDR,CASP3
FAS,CASP7
FN1,CASP7
ITGB1,CASP7
EGF,CASP8
EGFR,CASP8
FAP,CASP8
PTPN6,CASP8
TNFRSF10A,CASP8
TNFRSF1A,CASP8
TNFRSF25,CASP8
FAS,CASP8AP2
BST1,CAV1
EGF,CAV1
ERBB2,CAV1
FLT4,CAV1
ICAM1,CAV1
NR3C1,CAV1
NTRK1,CAV1
PPARG,CAV1
PRNP,CAV1
CD93,CBL
CTLA4,CBLB
EGFR,CCDC50
EGFR,CCDC88A
IGF1R,CCDC88A
EGFR,CCDC88C
BMPR2,CCDC89
EGFR,CCND1
NOTCH1,CCND1
ESR1,CCNG2
MMP2,CCR2
CTLA4,CCR5
FPR2,CCR5
CXCR4,CCR7
ITGB4,CD151
MET,CD151
PDCD1,CD247
EPHA3,CD274
IGF1R,CD28
PTPRO,CD300C
FLT1,CD300LB
PPARG,CD36
RXRA,CD36
HLA-A,CD3D
CTLA4,CD3E
HLA-A,CD3G
IGF1R,CD3G
ENPEP,CD4
PDCD1,CD4
FN1,CD44
KDR,CD44
MET,CD44
EGFR,CD5
IGF1R,CD6
LGALS1,CD69
APP,CD74
FN1,CD79A
ITGB1,CD81
HLA-A,CD8B
HLA-A,CD8B2
FN1,CD93
CXCR4,CDC42
ITGB1,CDC42
KDR,CDC42
MET,CDC42
GJA1,CDH1
MET,CDH2
MMP2,CDH2
ENG,CDH5
ICAM1,CDH5
KDR,CDH5
DDR1,CDK1
INSR,CDK1
PLD1,CDK1
PTPN6,CDK1
TAS2R38,CDK1
EGFR,CDK6
EGF,CDKN1A
NOTCH1,CDKN1A
NR3C1,CDKN1A
SMAD2,CDKN1A
SMAD3,CDKN1A
TEK,CDKN1A
INSR,CEACAM1
MFAP3L,CEACAM1
PDCD1,CEACAM1
EGFR,CEBPB
AGTR1,CERS6
BMPR2,CES1
VDR,CFAP20
CXCR4,CFL1
EGFR,CHEK1
FAS,CHUK
IL1R1,CHUK
NOTCH1,CHUK
TLR4,CHUK
EGFR,CISH
CD81,CLDN1
CD9,CLDN1
EFNB1,CLDN1
EPCAM,CLDN1
ITGB1,CLDN11
NCAM1,CLEC14A
NCAM1,CLEC2L
EGFR,CLNK
NCAM1,CNTN1
EGFR,COPS6
TEK,COPS9
PPARA,CPT1A
PPARD,CPT1A
PPARG,CPT1A
RXRA,CPT1A
RXRB,CPT1A
RXRG,CPT1A
PPARG,CPT1B
RXRA,CPT1B
PPARG,CPT1C
RXRA,CPT1C
RXRA,CPT2
ACVR1,CREBBP
FGFR1,CREBBP
FZD1,CREBBP
LRP6,CREBBP
FLT1,CRK
IGF1R,CRK
ITGA9,CRK
ITGAX,CRK
ITGB1,CRK
ITGB2,CRK
KDR,CRK
TEK,CRK
EGFR,CRKL
FN1,CRKL
IGF1R,CRKL
ITGA9,CRKL
ITGAX,CRKL
ITGB1,CRKL
ITGB2,CRKL
IGF1R,CRYGB
IGF1R,CSF1R
FLT1,CSK
HLA-A,CSK
BMPR2,CSRP3
BMPR2,CTBP1
LRP6,CTBP1
PDCD1,CTLA4
FLT1,CTNNB1
KDR,CTNNB1
LRP6,CTNNB1
PKD1,CTNNB1
TLR4,CTNNB1
VDR,CTNNB1
IGF1R,CTTN
ITGB1,CTTN
MET,CTTN
PKD1,CTTN
CD74,CXCR2
PPARG,CXCR2
ACKR3,CXCR4
ADRA1A,CXCR4
ADRA1B,CXCR4
ADRB2,CXCR4
CCR2,CXCR4
CD28,CXCR4
KIT,CXCR4
S1PR3,CXCR4
VCAM1,CYBA
AGTR1,CYBB
VCAM1,CYBB
PPARG,CYP27A1
RXRA,CYP4A11
RXRA,CYP4A22
RXRA,CYP4F11
RXRA,CYP4F12
RXRA,CYP8B1
EGFR,CYTH2
IGF1R,DAB1
TNFRSF1A,DAB2IP
CALM1,DAPK1
NEO1,DAPK1
PTPRF,DAPK1
SMAD2,DAPK1
SMAD3,DAPK1
EGFR,DAPP1
TNFRSF1A,DAXX
RXRA,DBI
EGFR,DCBLD2
MMP2,DDR1
IGF1R,DDX3X
EGFR,DEGS1
MET,DNAJA3
EGFR,DOCK1
TEK,DOK1
TEK,DOK2
EGFR,DOK4
TEK,DOK4
EGFR,DOK5
IGF1R,DOK5
EGFR,DOK6
FN1,DPF2
ITGB1,DPF2
CAV1,DPP4
GPC3,DPP4
ESR1,DSCAM
NOTCH1,DTX3
NOTCH1,DTX3L
NOTCH1,DTX4
BAMBI,DVL2
FZD1,DVL2
FZD10,DVL2
FZD2,DVL2
FZD3,DVL2
FZD5,DVL2
FZD6,DVL2
FZD7,DVL2
FZD8,DVL2
FZD9,DVL2
ROR2,DVL2
RYK,DVL2
ANXA2,DYSF
EGFR,E2F1
INSR,E2F1
ESR1,EBAG9
IL1R1,ECSIT
IGF1R,EFS
ACKR3,EGFR
ACVR2B,EGFR
ANXA2,EGFR
BRS3,EGFR
CDCP1,EGFR
CMKLR2,EGFR
EDNRA,EGFR
F2R,EGFR
F2RL1,EGFR
GPER1,EGFR
GPR1,EGFR
GPR151,EGFR
GPR160,EGFR
ITGA3,EGFR
ITGB1,EGFR
L1CAM,EGFR
LPAR2,EGFR
LPAR3,EGFR
MMP2,EGFR
NOTCH1,EGFR
NPR2,EGFR
OPRM1,EGFR
OSMR,EGFR
PGR,EGFR
PLAUR,EGFR
PTAFR,EGFR
PTGIR,EGFR
RARA,EGFR
TGM2,EGFR
THBS1,EGFR
TLR9,EGFR
NR3C1,EGR1
PLD1,EGR1
EGFR,EHD1
IGF1R,EHD1
EGFR,EHD4
RXRA,EHHADH
EGFR,EIF1B
EGFR,EIF2AK2
ESR1,EIF2AK3
ESR1,EIF2S1
EGFR,ENAH
ACVRL1,ENG
BMPR1A,ENG
BMPR1B,ENG
FN1,ENG
ITGA2B,ENG
ITGA5,ENG
ITGB1,ENG
KDR,ENG
LGALS3,ENG
SMAP1,ENG
SLITRK1,ENPEP
HLA-A,EOMES
CD40,EP300
INSR,EP300
EGFR,EPB41
CAV1,EPHA2
KDR,EPOR
EGFR,EPPK1
EGFR,EPS8
MET,ERBB2
MET,ERBB3
CALM1,ESR1
EGF,ESR1
ERBB2,ESR1
ERBB4,ESR1
IFNGR2,ESR1
PTPN6,ESR1
RET,ESR1
TFRC,ESR1
TLR2,ESR1
ESR1,ESRRG
IGF1R,ETS1
MYLK,ETS1
ICAM1,EZR
VCAM1,EZR
MMP2,F2R
PKD1,F2R
PROCR,F2R
EGFR,F3
EGFR,FABP1
RXRA,FABP1
IGF1R,FABP3
RXRA,FABP3
IGF1R,FABP4
INSR,FABP4
RXRA,FABP4
RXRB,FABP4
RXRG,FABP4
IL1R1,FADD
IL1RAP,FADD
TNFRSF1A,FADD
PPARA,FADS2
RXRA,FADS2
RXRB,FADS2
RXRG,FADS2
ESR1,FAM102A
BCR,FAS
CD40,FAS
EPHB2,FAS
PGR,FASN
RXRA,FAT1
NT5E,FCRL1
EGFR,FES
KDR,FES
TEK,FES
EGFR,FGFR1
IGF1R,FGFR1
IGF1R,FGFR3
GPC3,FGFR4
GPC4,FGFR4
GPC4,FGFRL1
TGFBR2,FLI1
MAS1,FLNA
APP,FLT1
EGF,FLT1
EPHB6,FLT1
FLT4,FLT1
GPC3,FLT1
GPC4,FLT1
INSR,FLT1
PLG,FLT1
FN1,FLT4
NOTCH1,FLT4
FN1,FOS
NOTCH1,FOS
VDR,FOS
PKD1,FOSB
ESR1,FOXA1
SMAD3,FOXA1
NOTCH1,FOXI2
BMPR2,FOXL1
ESR1,FOXO1
GLP1R,FOXO1
IL6R,FOXO1
IL6ST,FOXO1
KRT1,FOXO1
PGR,FOXO1
PPARA,FOXO1
PTK2B,FOXO1
AR,FOXO3
CD177,FOXO3
EGF,FOXO3
ITGB1,FOXO3
KRT1,FOXO3
PGR,FOXO3
PTK2B,FOXO3
CD70,FOXP3
SMAD3,FOXP3
FN1,FPR1
APP,FPR2
EGFR,FRS2
KDR,FRS2
FN1,FSCN1
STX1A,FURIN
CXCR4,FUT1
EGF,FXR1
INSR,FXR1
EGFR,FYB1
FLT1,FYN
SFRP5,FZD1
SFRP5,FZD10
SFRP5,FZD2
SFRP5,FZD3
SFRP5,FZD4
SFRP5,FZD5
SFRP5,FZD6
SFRP5,FZD7
SFRP5,FZD8
SFRP5,FZD9
NOTCH1,GAA
FLT1,GAB1
KDR,GAB1
ACVR1,GADD45A
ESR1,GAPDH
ESR1,GATA3
NOTCH1,GATA3
BMPR2,GATA4
CAV1,GCH1
IGF1R,GHR
IGF1R,GIGYF1
EGF,GJA1
IGF1R,GJA1
KRT1,GJA1
S1PR1,GJA1
S1PR2,GJA1
S1PR3,GJA1
PPARG,GK2
RXRA,GK2
MET,GLMN
AGTR1,GNA11
ESR1,GNA11
BMPR2,GNA12
CNR1,GNA12
CXCR4,GNA12
AGTR1,GNA13
CNR1,GNA13
ESR1,GNA13
ADORA2B,GNA14
AGTR1,GNA14
APLNR,GNA14
CNR1,GNA14
ESR1,GNA14
FPR2,GNA14
AGTR1,GNA15
ESR1,GNA15
ADORA2B,GNAI1
AGTR1,GNAI1
APLNR,GNAI1
CNR1,GNAI1
CX3CR1,GNAI1
EGFR,GNAI1
NPFFR2,GNAI1
CX3CR1,GNAI2
ADORA2B,GNAI3
AGTR1,GNAI3
APLNR,GNAI3
CNR1,GNAI3
CX3CR1,GNAI3
FPR2,GNAI3
NPFFR2,GNAI3
ADORA2B,GNAL
ADORA2B,GNAO1
CNR1,GNAO1
NPFFR2,GNAO1
ADORA2B,GNAQ
AGTR1,GNAQ
AGTR2,GNAQ
CXCR4,GNAQ
ESR1,GNAQ
GPER1,GNAQ
ADORA2B,GNAS
GPER1,GNAS
ADORA2B,GNAZ
CNR1,GNAZ
NPFFR2,GNAZ
GPER1,GNB1
CNR1,GNB2
FZD3,GNB3
PTGER3,GNB3
SMO,GNB3
AGTR1,GNG12
GPER1,GNG2
CXCR4,GNGT1
PROCR,GPALPP1
EGFR,GPRC5A
PPARG,GPX3
EGFR,GRAP
MET,GRAP
TEK,GRAP
HLA-A,GRAP2
EGFR,GRAPL
MET,GRAPL
TEK,GRAPL
EGFR,GRB14
TEK,GRB14
AGTR2,GRB2
CAV1,GRB2
FLT1,GRB2
FN1,GRB2
IGF1R,GRB2
IL3RA,GRB2
ITGB1,GRB2
KDR,GRB2
TEK,GRB2
CAV1,GRB7
EGFR,GRB7
MET,GRB7
TEK,GRB7
ESR1,GREB1
TLR4,GRK2
IGF1R,GTF2I
FN1,H2AX
JMJD6,H2AX
EGFR,H3C11
EGFR,H3C13
EGFR,H3C7
PLG,HABP2
CEACAM1,HAVCR2
FGFR3,HBZ
IGF1R,HCK
CXCR4,HCLS1
EGFR,HCLS1
PPARG,HDAC1
TNFRSF1A,HDAC3
PKD1,HDAC5
PKD1,HDAC7
NOTCH1,HES1
NOTCH1,HES5
NOTCH1,HES7
NOTCH1,HEY1
KRT1,HIF1A
P4HB,HIF1A
RACK1,HIF1A
CAV1,HMGA1
INSR,HMGA1
RXRA,HMGCS2
LRP6,HNF1A
IGF1R,HNRNPH1
ADRB2,HNRNPK
EPHB3,HNRNPK
PTK2B,HNRNPK
RET,HNRNPK
BMPR2,HNRNPR
IGF1R,HOXA10
PGR,HOXA5
BMPR1A,HOXC8
SMAD1,HOXC8
MMP2,HPSE
IGF1R,HRAS
LGALS3,HRAS
MET,HRAS
PPARG,HSD11B1
RXRA,HSD11B1
RXRA,HSD17B4
THBD,HSF1
KDR,HSP90AA1
ESR1,HSPA8
RIPK1,HSPA8
BCR,HSPB1
EGF,HSPB1
ESR1,HSPB1
INSR,HSPB1
PKD1,HSPB1
ESR1,HSPD1
IGF1R,HSPD1
EGFR,HTT
CD40,ICAM1
CD40LG,ICAM1
ITGA5,ICAM1
MET,ICAM1
MST1R,ICAM1
NR3C1,ICAM1
TNFRSF8,ICAM1
CTLA4,ICOS
INSR,ID3
PTK2B,ID3
SMAD1,ID3
CD86,IDO1
IL18,IDO1
IGF1R,IFNAR1
EGFR,IFNAR2
IGF1R,IFNAR2
GPC4,IGDCC4
EGF,IGF1R
FN1,IGF1R
GPC3,IGF1R
ITGAV,IGF1R
ITGB3,IGF1R
IGF1R,IGFBP1
NR3C1,IGFBP1
FAS,IKBKB
TLR4,IKBKB
EGFR,IKBKE
FAS,IKBKG
TLR4,IKBKG
TNFRSF1A,IKBKG
FN1,IL17RC
IL12RB1,IL1R1
IL12RB2,IL1R1
PTPRD,IL1RAP
PTPRF,IL1RAP
PTPRS,IL1RAP
HLA-A,IL2RA
HLA-A,IL2RB
IGF1R,IL2RB
HLA-A,IL2RG
ICAM1,IL2RG
PTPN6,IL3RA
EGFR,IL6ST
RXRA,ILK
ESR1,INA
MET,INPP5D
MET,INPPL1
EGFR,INSR
EGFR,IPCEF1
EGFR,IQGAP1
KDR,IQGAP1
MET,IQGAP1
IL1R1,IRAK1
NGFR,IRAK1
TLR9,IRAK1
TLR9,IRAK4
PPARG,IRF1
TNFRSF1B,IRF1
ESR1,IRF3
TLR4,IRF3
CNR1,IRS1
EGFR,IRS1
FN1,IRS1
IGF1R,IRS1
MET,IRS1
IGF1R,IRS2
EGFR,IRS4
KLRD1,ISG20
NCAM1,ISLR2
FN1,ITGA11
FN1,ITGA2
FN1,ITGA2B
MET,ITGA5
TEK,ITGA5
EGFR,ITGA6
FN1,ITGA6
MET,ITGA6
RXRA,ITGA6
FN1,ITGA9
LAMA4,ITGA9
MYLK,ITGA9
PLG,ITGA9
TGM2,ITGA9
THBS1,ITGA9
VTN,ITGA9
ENG,ITGAV
ICAM1,ITGAX
MET,ITGAX
AGRN,ITGB1
CD14,ITGB1
EZR,ITGB1
FLT4,ITGB1
GP6,ITGB1
JAM3,ITGB1
LAMA4,ITGB1
LRP8,ITGB1
PCDHA4,ITGB1
PCDHA7,ITGB1
PLG,ITGB1
PTPRG,ITGB1
THBS1,ITGB1
TSPAN1,ITGB1
VLDLR,ITGB1
VTN,ITGB1
CD14,ITGB2
CD40LG,ITGB2
CD81,ITGB2
GP1BB,ITGB2
GP5,ITGB2
GP9,ITGB2
JAM3,ITGB2
MST1R,ITGB2
VCAM1,ITGB2
FN1,ITGB4
MET,ITGB4
FN1,ITGB5
VCAM1,ITGB7
FN1,ITGB8
BSG,ITPR1
AGTR1,JAK1
ABCA1,JAK2
CX3CR1,JAK2
ITGB1,JAK2
CX3CR1,JAK3
IGF1R,JAK3
PARD3,JAM3
ITGB1,JAML
FN1,JUN
NOTCH1,JUN
PPARG,JUN
VDR,JUN
EGFR,KCND3
EGFR,KCNJ4
EGFR,KCNN1
EGF,KDR
EGFR,KDR
IGF1R,KDR
PLXNA1,KDR
SCUBE2,KDR
VTN,KDR
EGF,KHDRBS1
FGFR2,KHDRBS1
INSR,KHDRBS1
PKD1,KIDINS220
IGF1R,KIT
NOTCH1,KLF4
RXRA,KLK1
RXRA,KLK2
RXRA,KLK3
CD160,KLRD1
TYROBP,KLRD1
PPARG,KMT5A
IGF1R,KRAS
MET,KRAS
EGFR,KRT17
EGFR,KRT18
EGFR,KRT7
EGFR,KRT8
LGALS3,LAG3
HLA-A,LAT
ICAM1,LBR
CXCR4,LCK
HLA-A,LCP2
IGF1R,LCP2
EGFR,LDHA
LRP6,LEF1
NOTCH1,LEF1
PTPN6,LEPR
ESR1,LIPE
GPER1,LMNA
BMPR2,LMX1A
PPARG,LPIN1
PPARG,LPL
RXRA,LPL
EGFR,LPP
IGF1R,LPP
IGF1R,LPXN
MMP2,LRP2
FN1,LRP4
LRP6,LRP5
APP,LRP6
CAV1,LRP6
CDH1,LRP6
DAB2,LRP6
FZD2,LRP6
KREMEN1,LRP6
KREMEN2,LRP6
PTH1R,LRP6
WIF1,LRP6
ZNRF3,LRP6
EGFR,LRRK1
TLR9,LRRK2
BMPR2,LSM10
BMPR2,LSP1
CNTN4,LVRN
EFNB1,LVRN
L1CAM,LVRN
LRP6,MACF1
IGF1R,MAP2
FAS,MAP2K3
TNFRSF1A,MAP2K3
FAS,MAP2K4
PKD1,MAP2K4
TNFRSF1A,MAP2K4
FAS,MAP2K6
TNFRSF1A,MAP2K6
TNFRSF1A,MAP2K7
EGFR,MAP3K1
IL1R1,MAP3K1
TLR4,MAP3K1
TNFRSF1A,MAP3K1
TNFRSF1B,MAP3K1
KDR,MAP3K13
TNFRSF1A,MAP3K14
TNFRSF1B,MAP3K14
FAS,MAP3K5
TNFRSF1A,MAP3K5
BMPR2,MAP3K7
IL1R1,MAP3K7
TLR4,MAP3K8
TNFRSF1A,MAP4K2
TNFRSF1A,MAP4K3
IL1R1,MAP4K4
TLR4,MAP4K4
TNFRSF1A,MAP4K4
TNFRSF1A,MAP4K5
ACVR1B,MAPK1
BSG,MAPK1
CD28,MAPK1
CD40,MAPK1
ENG,MAPK1
F11R,MAPK1
IL13,MAPK1
IL18,MAPK1
ITGB3,MAPK1
MFAP3L,MAPK1
MTNR1A,MAPK1
NTRK1,MAPK1
P2RX7,MAPK1
PLD2,MAPK1
PNPLA2,MAPK1
PTPRB,MAPK1
PTPRJ,MAPK1
S1PR1,MAPK1
S1PR2,MAPK1
S1PR3,MAPK1
S1PR4,MAPK1
SDC1,MAPK1
TRADD,MAPK1
IL1R1,MAPK10
PGR,MAPK10
KDR,MAPK11
PGR,MAPK11
PGR,MAPK12
PGR,MAPK13
CD36,MAPK14
CD40,MAPK14
CD40LG,MAPK14
CDON,MAPK14
CXCR1,MAPK14
DLG1,MAPK14
EDNRB,MAPK14
EGF,MAPK14
EPOR,MAPK14
IL2RA,MAPK14
IL2RB,MAPK14
IL2RG,MAPK14
IL4R,MAPK14
PGR,MAPK14
PTK2B,MAPK14
PTPRR,MAPK14
RIPK1,MAPK14
S1PR2,MAPK14
TEK,MAPK14
TLR4,MAPK14
TRAF2,MAPK14
BSG,MAPK3
CNR1,MAPK3
ENG,MAPK3
IGF1R,MAPK3
ITGB1,MAPK3
NRP1,MAPK3
TNFRSF1A,MAPK3
ACVR1B,MAPK8
GPC3,MAPK8
IL1R1,MAPK8
PGR,MAPK8
TEK,MAPK8
EGFR,MAPK8IP1
EGFR,MAPK8IP2
GPC3,MAPK9
IL1R1,MAPK9
PGR,MAPK9
IGF1R,MAPRE1
TLR4,MARCKS
PKD1,MARK2
PROCR,MARK2
EGFR,MARVELD2
PDGFRA,MBTPS1
SPHK1,MBTPS1
LGALS3,MCAM
EGFR,MCM7
ACVR1B,MDM4
RXRA,ME1
NOTCH1,MEF2C
JMJD6,MEPCE
IGF1R,MERTK
ADAM10,MET
AR,MET
EGF,MET
EGFR,MFAP3L
FN1,MFN2
MYLK,MLC1
AR,MME
PPARG,MMP1
RXRA,MMP1
TLR9,MMP13
AR,MMP2
BSG,MMP2
MMP14,MMP2
ADORA3,MMP9
CD151,MMP9
CDH2,MMP9
FGFR1,MMP9
FGFR2,MMP9
FGFR3,MMP9
FGFR4,MMP9
GNRHR,MMP9
MMP14,MMP9
PPARG,MMP9
TGM2,MMP9
TNFRSF11B,MMP9
EGFR,MPHOSPH6
F2RL1,MPO
IL12RB1,MPO
IL23R,MPO
KRT1,MPO
ESR1,MSN
VCAM1,MSN
IGF1R,MST1R
BMPR2,MTA1
IGF1R,MTA1
MET,MTA1
ESR1,MTA3
APP,MTOR
BCR,MTOR
CD79A,MTOR
EGF,MTOR
EGFR,MTOR
FN1,MTOR
IGF1R,MTOR
PTK2B,MTOR
TLR2,MTOR
CD244,MUC15
CRTAM,MUC15
FLT4,MUC15
ESR1,MYC
NOTCH1,MYC
RXRA,MYC
TLR4,MYD88
TLR8,MYD88
TLR9,MYD88
MYLK,MYL10
EGFR,MYL12A
MYLK,MYL12A
EGFR,MYL12B
MYLK,MYL12B
MYLK,MYL2
MYLK,MYL6B
MYLK,MYL7
EGFR,MYL9
MYLK,MYL9
MYLK,MYLPF
MYLK,MYO18A
MYLK,MYO1F
FN1,MYOM2
IGF1R,NAPG
BMPR2,NBEA
AGTR2,NBN
NPTN,NCAM1
PRNP,NCAM1
NCAM1,NCAM2
VCAM1,NCF1
VCAM1,NCF2
VCAM1,NCF4
FLT1,NCK1
MET,NCK1
TEK,NCK1
EGFR,NCK2
ESR1,NCOA2
EGFR,NDRG1
ESR1,NDUFV3
IGF1R,NEDD9
DLG1,NET1
CAV1,NEU3
MYLK,NEUROD1
EGFR,NFATC1
IGF1R,NFATC1
IGF1R,NFATC4
MET,NFATC4
ANXA1,NFE2L2
EGFR,NFE2L2
ESR1,NFE2L2
AGER,NFKB1
CCR1,NFKB1
CD28,NFKB1
CD40,NFKB1
EGF,NFKB1
EPOR,NFKB1
ERBB2,NFKB1
EXTL3,NFKB1
F2R,NFKB1
FAS,NFKB1
IL12RB1,NFKB1
IL13,NFKB1
IL1R1,NFKB1
IL1RAP,NFKB1
IL23R,NFKB1
IL2RA,NFKB1
ITGB2,NFKB1
LPAR2,NFKB1
LPAR3,NFKB1
NGFR,NFKB1
NR3C1,NFKB1
PPARG,NFKB1
PRNP,NFKB1
RIPK1,NFKB1
TEK,NFKB1
TGM2,NFKB1
TLR4,NFKB1
TNFRSF1A,NFKB1
TNFRSF8,NFKB1
EGFR,NFKBIA
RXRA,NFKBIA
TNFRSF1A,NFKBIA
EGFR,NIBAN2
BMPR2,NKX2-5
BMPR2,NLK
ESR1,NME1
BMPR2,NOP56
PKD1,NOS1
PPARG,NOS2
RXRA,NOS2
TLR9,NOS2
APP,NOS3
BDKRB2,NOS3
C1QBP,NOS3
CALM1,NOS3
EGF,NOS3
ESR1,NOS3
ESR2,NOS3
F2RL1,NOS3
FGFR3,NOS3
FLT1,NOS3
GPER1,NOS3
KDR,NOS3
OLR1,NOS3
PKD1,NOS3
PPARA,NOS3
PPARG,NOS3
PTK2B,NOS3
TRPV1,NOS3
THBD,NOSTRIN
ADAM10,NOTCH1
CNTN1,NOTCH1
CNTN6,NOTCH1
NCSTN,NOTCH1
PLXNA1,NOTCH1
SDC3,NOTCH1
NOTCH1,NOTCH4
VCAM1,NOX1
VCAM1,NOX3
IGF1R,NRAS
LGALS3,NRAS
MET,NRAS
TNFRSF1A,NRK
ALCAM,NRP1
CNTN2,NRP1
EGF,NRP1
L1CAM,NRP1
MET,NRP1
TNFRSF11B,NRP1
EGF,NSD1
FN1,NT5E
IGF1R,NTRK1
IGF1R,NTRK3
EGFR,NUMB
EGFR,NUMBL
PPARG,OLR1
RXRA,OLR1
TLR4,OLR1
ESR1,OXTR
CXCR4,P3R3URF-PIK3R3
EGFR,P3R3URF-PIK3R3
FLT1,P3R3URF-PIK3R3
IGF1R,P3R3URF-PIK3R3
KDR,P3R3URF-PIK3R3
MET,P3R3URF-PIK3R3
PGR,P3R3URF-PIK3R3
EGFR,PABPC1
EGFR,PABPC3
EGFR,PAG1
HLA-A,PAG1
PKD1,PAK4
PKD2,PAK4
EGFR,PALS2
PPARG,PAPPA
AR,PARK7
MET,PARP1
NOTCH1,PAX8
PPARG,PAX8
SMAD3,PAX8
MET,PBK
MET,PCBD2
CTLA4,PCDHGB4
PPARG,PCK1
RXRA,PCK1
PPARG,PCK2
RXRA,PCK2
EGFR,PCNA
IGF1R,PCNA
PKD1,PCSK2
BTLA,PDCD1
CD274,PDCD1
CD48,PDCD1
PDCD1LG2,PDCD1
CTLA4,PDCD4
NRP1,PDGFRA
CAV1,PDGFRB
NRP1,PDGFRB
EGFR,PDK1
IGF1R,PDLIM1
EGFR,PDP1
IGF1R,PDPK1
RXRA,PDPK1
ESR1,PDZK1
BMPR2,PDZRN3
KDR,PECAM1
MMP2,PECAM1
PTK2B,PFKFB3
EGFR,PFKP
KDR,PFN1
EGF,PGR
FGFR1,PGR
FGFR2,PGR
TGFBR2,PHLDA2
LRP6,PI4K2A
PKD1,PI4KB
PKD2,PI4KB
IGF1R,PIK3C2A
AGTR2,PIK3CA
CD151,PIK3CA
CXCR4,PIK3CA
FLT1,PIK3CA
FN1,PIK3CA
IGF1R,PIK3CA
IL3RA,PIK3CA
ITGB1,PIK3CA
KDR,PIK3CA
MET,PIK3CA
PGR,PIK3CA
TEK,PIK3CA
CXCR4,PIK3CB
FLT1,PIK3CB
IGF1R,PIK3CB
KDR,PIK3CB
MET,PIK3CB
PGR,PIK3CB
CD19,PIK3CD
CHRNA7,PIK3CD
CHRNA9,PIK3CD
CXCR4,PIK3CD
ERBB2,PIK3CD
ERBB3,PIK3CD
ERBB4,PIK3CD
FLT1,PIK3CD
FLT3,PIK3CD
FLT4,PIK3CD
HCST,PIK3CD
ICOS,PIK3CD
IGF1R,PIK3CD
ITGB4,PIK3CD
KDR,PIK3CD
KIT,PIK3CD
MET,PIK3CD
PDGFRA,PIK3CD
PDGFRB,PIK3CD
PGR,PIK3CD
TRAF3,PIK3CD
CD151,PIK3CG
CXCR4,PIK3CG
FLT1,PIK3CG
FN1,PIK3CG
IGF1R,PIK3CG
KDR,PIK3CG
MET,PIK3CG
PDCD1,PIK3CG
PGR,PIK3CG
VCAM1,PIK3CG
AGTR2,PIK3R1
CXCR4,PIK3R1
FLT1,PIK3R1
FN1,PIK3R1
HLA-A,PIK3R1
IGF1R,PIK3R1
IL1R1,PIK3R1
IL3RA,PIK3R1
ITGB1,PIK3R1
KDR,PIK3R1
MET,PIK3R1
PGR,PIK3R1
PKD1,PIK3R1
TEK,PIK3R1
CXCR4,PIK3R2
ESR1,PIK3R2
FLT1,PIK3R2
IGF1R,PIK3R2
KDR,PIK3R2
MET,PIK3R2
PGR,PIK3R2
CXCR4,PIK3R3
FLT1,PIK3R3
IGF1R,PIK3R3
KDR,PIK3R3
MET,PIK3R3
PGR,PIK3R3
CXCR4,PIK3R5
FLT1,PIK3R5
IGF1R,PIK3R5
KDR,PIK3R5
MET,PIK3R5
PGR,PIK3R5
ESR1,PISD
CCKBR,PKD2
MYLK,PKD2
EGFR,PKIA
EGFR,PKM
ANXA2,PLAT
PRNP,PLAT
IGF1R,PLAU
FN1,PLAUR
AGTR1,PLCG1
AGTR2,PLCG1
CXCR4,PLCG1
FLT1,PLCG1
ICAM1,PLCG1
IGF1R,PLCG1
KDR,PLCG1
FLT1,PLCG2
ICAM1,PLCG2
IGF1R,PLCG2
KDR,PLCG2
ESR1,PLD1
VDR,PLD1
TEK,PLD2
EGFR,PLEC
EGFR,PLEKHA6
PPARG,PLIN1
RXRA,PLIN1
EGFR,PLSCR1
NRP1,PLXNA1
MET,PLXNB3
BMPR2,PMPCA
EGFR,PPARD
BCR,PPARG
DDR2,PPARG
EGFR,PPARG
ESR1,PPARG
PNPLA2,PPARG
THRB,PPARG
TNFRSF1A,PPARG
CNR1,PPM1A
ESR1,PPM1D
IGF1R,PPP1R11
EDNRA,PPP1R12A
F2R,PPP1R12A
INSR,PPP1R12A
PTK2B,PPP1R12A
PKD1,PPP1R14A
CNR1,PPP1R1B
PGR,PPP1R1B
INSR,PPP1R3A
EGFR,PPP2R2A
LRP6,PPP2R5A
IGF1R,PPP3R2
ESR1,PRDM15
PDGFRB,PRDX2
HLA-A,PRF1
LEPR,PRKAA1
LEPR,PRKAA2
PKD1,PRKAA2
LEPR,PRKAB1
LEPR,PRKAB2
LEPR,PRKAG1
LEPR,PRKAG2
EGFR,PRKAR1A
IGF1R,PRKCA
HLA-A,PRKCQ
TLR4,PRKCZ
PKD1,PRKD1
EGFR,PRKDC
CEACAM1,PROX1
ESR1,PSEN2
EGFR,PSMB4
NOTCH1,PTCRA
BCR,PTEN
DLG1,PTEN
INSR,PTEN
PPARG,PTEN
IGF1R,PTH1R
AXL,PTK2
BRS3,PTK2
BSG,PTK2
CD44,PTK2
CSF1R,PTK2
EFNA1,PTK2
EFNB1,PTK2
EGF,PTK2
EPHA4,PTK2
EPHB1,PTK2
EPHB2,PTK2
F11R,PTK2
FCER1A,PTK2
FGFR3,PTK2
FN1,PTK2
GFRA1,PTK2
IGF1R,PTK2
ITGA11,PTK2
ITGA2,PTK2
ITGA2B,PTK2
ITGA3,PTK2
ITGA4,PTK2
ITGA6,PTK2
ITGA8,PTK2
ITGA9,PTK2
ITGAD,PTK2
ITGAE,PTK2
ITGAL,PTK2
ITGAX,PTK2
LHCGR,PTK2
LPAR2,PTK2
LPAR3,PTK2
MET,PTK2
NECTIN1,PTK2
NECTIN3,PTK2
NGFR,PTK2
NTRK1,PTK2
OCLN,PTK2
PDGFRA,PTK2
PECAM1,PTK2
SDC4,PTK2
SFRP4,PTK2
THBS1,PTK2
VCAM1,PTK2
FN1,PTK2B
IGF1R,PTK2B
VCAM1,PTK2B
CTLA4,PTPA
CTLA4,PTPN1
FLT1,PTPN1
TEK,PTPN1
ALK,PTPN11
AXL,PTPN11
CLEC7A,PTPN11
DDR1,PTPN11
EPHA2,PTPN11
ERBB4,PTPN11
FLT3,PTPN11
FLT4,PTPN11
IL6R,PTPN11
KLRD1,PTPN11
LEPR,PTPN11
NTRK2,PTPN11
PDCD1,PTPN11
RET,PTPN11
TEK,PTPN11
TIE1,PTPN11
PPARG,PTPN12
ITGA9,PTPN2
ITGAX,PTPN2
CTLA4,PTPN6
HLA-A,PTPN6
KLRD1,PTPN6
PDCD1,PTPN6
NCAM1,PTPRA
FAS,PTPRC
EGFR,PTPRE
IGF1R,PTPRE
LGALS3,PTPRK
MUSK,PTPRO
NCAM1,PTPRS
CXCR4,PXN
FLT1,PXN
FN1,PXN
ICAM1,PXN
KDR,PXN
LGALS3,PXN
MET,PXN
BMPR2,RABGGTA
CXCR4,RAC1
EGFR,RAC1
TNFRSF1A,RAC1
IGF1R,RAF1
CXCR4,RALB
MET,RANBP9
EGFR,RAP1GAP
CXCR4,RAP2A
CXCR4,RAP2B
MET,RAPGEF1
ALK,RASA1
CSF1R,RASA1
EGF,RASA1
EPHA2,RASA1
EPHB2,RASA1
EPHB3,RASA1
ERBB2,RASA1
ERBB3,RASA1
ERBB4,RASA1
FLT1,RASA1
FLT3,RASA1
IGF1R,RASA1
KDR,RASA1
KIT,RASA1
NTRK1,RASA1
NTRK2,RASA1
NTRK3,RASA1
PDGFRA,RASA1
PDGFRB,RASA1
PTK2B,RASA1
SDC2,RASA1
TEK,RASA1
ANXA2,RBM39
GPC3,RBM39
NOTCH1,RBM39
NOTCH1,RBPJL
EGFR,RELA
IL1R1,RELA
IL1RAP,RELA
TEK,RELA
TLR4,RELA
TNFRSF1A,RELA
PKD1,REM1
IGF1R,RET
LGALS1,RET
MET,RET
DDR1,RGS2
ADGRG1,RHOA
BCR,RHOA
CDH1,RHOA
CDH2,RHOA
CHRNA7,RHOA
EDNRA,RHOA
EFNA1,RHOA
EFNA2,RHOA
EFNA5,RHOA
EGF,RHOA
EGFR,RHOA
EPHA1,RHOA
EPHA2,RHOA
EPHA3,RHOA
EPHA4,RHOA
EPHA5,RHOA
EPHA6,RHOA
EPHA7,RHOA
FZD3,RHOA
ICAM1,RHOA
ICAM2,RHOA
IL13,RHOA
ITGB2,RHOA
LAMA4,RHOA
LPAR2,RHOA
LY96,RHOA
MET,RHOA
NGFR,RHOA
NTRK1,RHOA
S1PR1,RHOA
S1PR2,RHOA
S1PR3,RHOA
S1PR4,RHOA
S1PR5,RHOA
TGFBR1,RHOA
TGFBR2,RHOA
THBS1,RHOA
TLR4,RHOA
TNFRSF1B,RHOA
UNC5A,RHOA
VTN,RHOA
EGFR,RHOD
PKD1,RIN1
EGFR,RIN2
EGFR,RMDN3
ANXA2,ROBO4
FN1,ROBO4
EGF,RPS6KA1
ITGB1,RPS6KB1
MET,RPS6KB1
RXRA,RPS6KB1
NOTCH1,RRAS
ACVR1,RXRA
KDR,S1PR1
EGFR,SCAMP1
PPARG,SCARB1
EGFR,SCD
PPARG,SCD
RXRA,SCD
RXRA,SCP2
FN1,SDC1
ITGB1,SDC1
MMP2,SDC2
FN1,SDC3
IGF1R,SDC3
FN1,SDC4
BSG,SELE
TGFBR1,SETD2
PKD1,SFRP4
PPARG,SGK1
TLR4,SGK1
EGFR,SGSM2
EGFR,SH2B1
LEPR,SH2B1
EGFR,SH2B3
IGF1R,SH2B3
EGFR,SH2D1A
EGFR,SH2D2A
KDR,SH2D2A
EGFR,SH3BGRL
EGFR,SH3BP2
FLT1,SHB
AGTR2,SHC1
CAV1,SHC1
FLT1,SHC1
FN1,SHC1
HLA-A,SHC1
IL3RA,SHC1
KDR,SHC1
MET,SHC1
TEK,SHC1
EGFR,SHC2
FLT1,SHC2
HLA-A,SHC2
IGF1R,SHC2
MET,SHC2
FLT1,SHC3
HLA-A,SHC3
KDR,SHC3
FLT1,SHC4
IGF1R,SHC4
KDR,SHC4
CTLA4,SIGLEC10
PROCR,SIGLEC10
CTLA4,SIGLEC11
PROCR,SIGLEC11
IGF1R,SIRPA
IGF1R,SIRPB1
IGF1R,SIRPG
ANXA1,SIRT2
EGF,SIRT2
IGF1R,SKAP2
NOTCH1,SKP2
EGFR,SLA
BSG,SLC16A1
BSG,SLC16A7
CAV1,SLC1A1
CAV1,SLC1A2
CAV1,SLC1A3
CAV1,SLC1A6
PPARG,SLC27A1
RXRA,SLC27A1
PPARG,SLC27A4
RXRA,SLC27A4
PPARG,SLC2A4
ESR1,SLC39A7
IGF1R,SLC6A1
ACE2,SLC6A19
TNFRSF11B,SLC7A5
EGFR,SLC9A1
BMPR2,SMAD1
CAV1,SMAD1
ENG,SMAD1
NOTCH1,SMAD1
ACVR1B,SMAD2
ACVR1B,SMAD3
ACVR1B,SMAD4
AGER,SMAD4
ALK,SMAD4
CD44,SMAD4
FGFR2,SMAD4
FZD1,SMAD4
LRP6,SMAD4
NPR2,SMAD4
TGFBR1,SMAD4
TGFBR2,SMAD4
BMPR2,SMAD5
CAV1,SMAD5
ENG,SMAD5
ACVR1B,SMAD7
BMPR2,SMAD9
CAV1,SMAD9
ENG,SMAD9
MET,SMC1A
TNFRSF1A,SMPD1
TNFRSF1A,SMPD3
KRT1,SNAI1
PKD1,SNAI1
SMAD3,SNAI1
IGF1R,SNAP29
MET,SNAPIN
EGFR,SNRPD2
ACVR1B,SNX1
ACVR1B,SNX2
EGFR,SOAT1
TEK,SOCS1
EGFR,SOCS3
ESR1,SOD1
DIP2A,SOD2
PPARG,SORBS1
RXRA,SORBS1
AGTR2,SOS1
FLT1,SOS1
FN1,SOS1
IGF1R,SOS1
IL3RA,SOS1
KDR,SOS1
EGFR,SOS2
EGFR,SOX2
NOTCH1,SOX2
SMAD3,SOX9
EGFR,SPRED1
IGF1R,SPRY4
MET,SPSB1
EGFR,SQSTM1
BSG,SRC
ITGA9,SRC
VCAM1,SRC
TEK,SRSF1
PKD1,SSH1
PKD2,SSH1
ACVR1,STAT1
ALK,STAT1
AR,STAT1
CALM1,STAT1
CXCR4,STAT1
EGF,STAT1
EGFR,STAT1
EPHB2,STAT1
ERBB2,STAT1
FGFR1,STAT1
FGFR2,STAT1
FGFR3,STAT1
FGFR4,STAT1
FLT1,STAT1
IFNAR1,STAT1
IFNAR2,STAT1
IFNGR1,STAT1
IFNGR2,STAT1
IFNL3,STAT1
IL10RA,STAT1
IL12RB1,STAT1
IL13,STAT1
IL22,STAT1
IL22RA1,STAT1
IL23R,STAT1
IL27RA,STAT1
IL2RA,STAT1
IL2RB,STAT1
IL2RG,STAT1
IL6ST,STAT1
KCNA3,STAT1
KDR,STAT1
MPL,STAT1
PDGFRA,STAT1
PDGFRB,STAT1
PTGIR,STAT1
PTPRG,STAT1
PTPRU,STAT1
RET,STAT1
SDC2,STAT1
TEK,STAT1
TGFBR1,STAT1
TLR4,STAT1
TLR9,STAT1
ANXA1,STAT3
AXL,STAT3
BCR,STAT3
CD28,STAT3
CXCR4,STAT3
DSCAM,STAT3
EGF,STAT3
EPHA3,STAT3
EPOR,STAT3
ERBB2,STAT3
FGFR3,STAT3
FGFR4,STAT3
FLT1,STAT3
FLT3,STAT3
IGF1R,STAT3
IL10RA,STAT3
IL12RB1,STAT3
IL12RB2,STAT3
IL13,STAT3
IL20RB,STAT3
IL22,STAT3
IL22RA1,STAT3
IL23R,STAT3
IL27RA,STAT3
IL2RA,STAT3
IL2RB,STAT3
IL2RG,STAT3
IL6R,STAT3
IL6ST,STAT3
KIT,STAT3
LEPR,STAT3
LGALS1,STAT3
MERTK,STAT3
MET,STAT3
MPL,STAT3
NTRK1,STAT3
NTRK2,STAT3
NTRK3,STAT3
PDGFRA,STAT3
PDGFRB,STAT3
PTGIR,STAT3
PTK2B,STAT3
PTPN6,STAT3
PTPRD,STAT3
PTPRG,STAT3
PTPRR,STAT3
PTPRT,STAT3
RACK1,STAT3
RET,STAT3
CXCR4,STAT5A
EGFR,STAT5A
IL3RA,STAT5A
TEK,STAT5A
CXCR4,STAT5B
EGFR,STAT5B
IL3RA,STAT5B
TEK,STAT5B
ESR1,STIM1
EGFR,SYK
TLR9,SYK
KDR,SYNGAP1
BMPR2,TAB1
IL1R1,TAB1
BMPR2,TAB2
TLR4,TBK1
LRP6,TCF3
NOTCH1,TCF3
LRP6,TCF4
IGF1R,TDO2
ACVR1B,TDP2
IGF1R,TEC
CSF1R,TEK
EGFR,TEK
FN1,TEK
EGFR,TERT
ESR1,TERT
FGFR3,TET2
ACVR1B,TGFBRAP1
ITGB2,THY1
TLR4,TICAM1
TLR9,TICAM1
TLR4,TICAM2
TLR9,TICAM2
ACE2,TIGIT
NECTIN3,TIGIT
NECTIN4,TIGIT
RECK,TIGIT
SIRPA,TIGIT
SIRPB1,TIGIT
SIRPG,TIGIT
TLR4,TIRAP
TLR9,TIRAP
LRP6,TLE1
LRP6,TLE5
EGFR,TLN1
ANXA2,TLR2
EGFR,TLR3
CD14,TLR4
CD36,TLR4
TLR1,TLR4
TLR2,TLR4
TLR8,TLR7
TLR9,TLR7
CD14,TLR9
AR,TMPRSS2
GPC3,TNFRSF11B
GPC4,TNFRSF11B
PPARG,TNFRSF11B
CD9,TNFRSF1A
LTB,TNFRSF1A
MYLK2,TNFRSF1B
TNFRSF1A,TNIK
TEK,TNIP2
VCAM1,TNPO1
EGFR,TNS4
IL1RAP,TOLLIP
BMPR2,TOPBP1
IL1R1,TRADD
IL1RAP,TRADD
IL1R1,TRAF6
IL1RAP,TRAF6
NCSTN,TRAF6
NOTCH2,TRAF6
TGFBR1,TRAF6
TGFBR2,TRAF6
TLR2,TRAF6
TLR6,TRAF6
TLR7,TRAF6
TLR9,TRAF6
FAS,TRAP1
PGLYRP1,TREM1
TLR1,TREM1
FLT1,TREM2
ESR1,TRIM25
EPHA3,TRIM36
NPR2,TRIM36
IGF1R,TRIM39
EGFR,TRIP4
CAV1,TRPC1
PKD2,TRPC3
EGFR,TRPC4
MYLK,TRPC5
PKD2,TRPC7
CNR1,TRPV1
EGFR,TRPV3
PPARG,TSC2
PPARG,TSC22D1
ESR1,TSKU
ESR1,TUBA1A
ESR1,TUBA1C
ESR1,TUBA4A
ESR1,TUBA8
BMPR2,TUBB
BMPR2,TUBB3
BMPR2,TUBB4A
IGF1R,TXK
RXRA,UBC
MET,UBE2L3
PPARG,UCP1
RXRA,UCP1
ACVR1B,UHMK1
BMPR2,UHMK1
GPC3,UNC5C
GPC3,UNC5D
EGFR,USP24
EGFR,USP6NL
EGFR,USP9X
ADORA2B,VASP
PKD1,VASP
PKD2,VASP
FN1,VAV1
HLA-A,VAV1
ITGB2,VAV1
MET,VAV1
IGF1R,VAV2
ITGB2,VAV2
IGF1R,VAV3
ITGB2,VAV3
CD40LG,VCAM1
ICAM1,VCAM1
IL18,VCAM1
P2RY2,VCAM1
PPARG,VCAM1
TRPC3,VCAM1
VTN,VCAM1
IGF1R,VCP
ACVR1,VDR
NR1I2,VDR
GPC3,VSIG10L
LVRN,VSIG8
TREM1,VSIG8
TREM1,VSTM2B
EGFR,WASF1
ESR1,XBP1
ACVR1B,XIAP
ACVRL1,XIAP
ITGA1,XIAP
TGFBR1,XIAP
EGFR,XPO6
EGFR,XRCC6
EGF,YAP1
ERBB4,YAP1
CANX,YBX1
EGF,YBX1
FN1,YBX1
INSR,YBX1
TFRC,YBX1
FLT1,YES1
IGF1R,YES1
IGF1R,YWHAB
IGF1R,YWHAE
IGF1R,YWHAG
AGTR1,YWHAQ
EGFR,YWHAZ
IGF1R,YWHAZ
EGFR,ZAP70
SMAD3,ZEB1
SMAD2,ZEB2
EGFR,ZFYVE16
EGFR,ZNRF1
EGFR,ZPR1
VDR,CYP3A4
VDR,CYP2B6
VDR,CYP2C9
TDGF1,LRP6
IL36RN,IL1RAP
NCL,HBB
TGFBR1,TP63
LRP1B,DVL2
PCDHA6,ITGB1
ICOSLG,CTLA4
PVR,PVRIG
CEACAM6,EGFR
SELPLG,ITGAM
SELPLG,ITGB2
ICAM1,MUC1
CD40LG,ITGAM
HLA-A,LILRA1
HLA-A,KIR2DL1
HLA-A,KIR2DL3
CD55,CR1
HLA-A,KIR3DL1
B2M,KLRC1
HLA-F,CD8A
HLA-F,CD8B
HLA-F,CD8B2
HLA-F,KIR3DL1
HLA-F,KIR3DL2
CEACAM8,CEACAM1
HAVCR1,CD300LB
MET,TNFRSF10B
HLA-A,KIR2DL2
CEACAM6,CEACAM1
TYRO3,HAVCR1
LEPR,KIR2DL5A
SIGLEC6,KIR2DL4
HAVCR1,BTN3A3
CD274,NCR3
HAVCR1,SIGLEC1
SLAMF6,HAVCR1
CD4,SIGLEC6
MET,MUC1
PTPRO,SIGLEC8
CD300LB,SIGLEC6
GP5,ITGAM
FCGR2A,TIGIT
SIGLEC6,NCR1
GP9,ITGAM
MOG,SIGLEC6
FLT4,KIR2DS5
GP1BB,ITGAM
PVR,KIR2DL5A
CEACAM8,PTPRO
ITGA7,CD151
CD300LF,HAVCR1
PTPRO,SIGLEC7
KIR2DS4,SIGLEC6
FCGR2A,PDCD1
PVR,NECTIN4
MPZ,SIGLEC6
TNFRSF10C,HAVCR1
FCAR,SIGLEC6
NECTIN2,PVR
PILRA,SIGLEC6
HLA-A,KIR2DS4
HAVCR1,IGSF21
ITGAM,MPO
EGFR,CD33
EGFR,FCGR2A
IGF1R,FIP1L1
IGF1R,MUC1
INSR,PVR
EGFR,H3-4
EGFR,MT-CO2
TNFRSF10B,CASP8
KIR2DL1,PTPN11
KIR3DL1,PTPN11
EGFR,SH2D3A
HLA-F,KIR2DS4
BCR,TP53
KIR2DL3,PTPN11
RACK1,TP63
BMPR2,SULT1E1
CXCR4,STAT2
CD40LG,TP53
TLR4,DEFB104A
KLRC1,PTPN11
KLRC1,PTPN6
TRAF2,TXN
EGFR,IGHG1
EGFR,H3C2
IFITM1,TP53
TGM2,TP53
INSR,TP53
MUC1,TP53
CHRNA7,TP53
KRT1,TP53
MUC1,PTK2
BDKRB1,TP53
CD99,PTPN11
EGFR,CA9
HLA-A,KIR2DL4
HLA-A,KIR3DL3
FN1,ITGA10
PPARG,SCD5
TDGF1,MAPK1
TRADD,TXN
IL2RA,ITGAM
HLA-F,KIR2DL2
LTB,TP53
ITGAM,CRKL
FN1,ITGA7
NOTCH1,TP53
HLA-F,KIR2DS5
ITGAM,BCAR1
HLA-F,KLRC4
KIR3DL2,PTPN11
HLA-A,KLRC4
ITGAM,RHOA
HLA-F,KLRD1
MUC1,CASP8
MYLK,MYL5
PVR,SRC
CD44,TP53
HLA-B,KIR2DS5
TLR4,ITGAM
CD58,MAPK1
HLA-A,KLRC2
NOTCH1,TNFRSF10B
NGFR,TP53
ESR1,TUBA4B
HLA-F,KIR2DL1
ITGAM,CRK
HLA-F,KIR2DL5A
ITGA10,PTK2
RXRA,MT-CO2
EGFR,LAMB4
HLA-F,KIR2DS3
HLA-F,KLRC1
FPR1,ITGAM
CD40,TP53
HLA-A,KIR2DS5
FPR1,CR1
HLA-A,KIR2DS3
HLA-F,KIR2DL4
HLA-A,KIR2DL5A
RXRA,GK
PTK2B,TXN
HLA-F,KLRC2
RXRA,SCD5
HAVCR1,CD83
ITGAM,PTK2
HLA-A,KLRC1
ITGA7,PTK2
PTK2B,TP53
ESR1,KLRC3
HLA-A,KIR2DS1
CD58,ICAM1
HLA-F,KLRC3
HLA-B,KLRC1
ESR1,TUBA3C
MYLK,TIAF1
MST1R,ITGAM
EGFR,CASP10
HLA-F,KIR2DS1
TNFRSF1A,TXN
CD99,MMP9
HLA-F,KIR2DL3
PPARG,GK
TRAF2,TP53
HLA-F,KIR3DL3
HLA-A,KLRC3
SORT1,TP53
KIR2DL2,PTPN11
KIR2DL4,PTPN11
ITGAM,NFKB1
ANPEP,ABCA1
PPARG,ABCA1
EFNB2,ABL1
MYLK,ACADVL
PPARG,PLIN2
EGF,AGTR1
IL13,AHR
IL18,AKT1
IL13,AKT1
CCR7,AKT1
LPAR2,AKT1
TPO,AKT1
NR1I2,AKT1
P2RY1,AKT1
FLT4,AKT1
MUC1,AKT1
NOTCH3,AKT1
LRRC4,AKT1
NTRK3,AKT1
GLP1R,AKT1
FPR1,AKT1
CR1,AKT1
IFNGR1,AKT1
ITGAL,AKT1
ICAM2,AKT1
CYSLTR2,AKT1
FCGR2A,AKT1
NPY6R,AKT1
CD58,AKT1
DRD2,AKT1
RIPK1,AKT1
TACR1,AKT1
KIR2DL4,AKT1
TDGF1,AKT1
CD38,AKT1
SELE,AKT1
ANXA2,AKT1
NRP2,AKT1
ITGAV,AKT1
ADRB1,AKT1
NECTIN1,AKT1
GHSR,AKT1
DAG1,AKT1
ACKR3,AKT1
ITGA5,AKT1
ERBB4,AKT1
CX3CR1,AKT1
FLT1,AKT1
CTLA4,AKT1
TNFRSF10D,AKT1
PPARG,AKT1
PGR,AKT1
P4HB,ANXA2
CNTN2,XIAP
PGR,FAS
TNFSF8,FAS
CCR5,FAS
CCR6,FAS
CFTR,AQP3
FAS,RHOA
MAG,RHOA
PLXNB1,RHOA
LPAR1,RHOA
NTSR1,RHOA
GPR55,RHOA
NGFR,ARHGDIA
NTSR1,ARHGDIA
EGF,BAX
CSF1R,BAX
NRP1,BAX
EPHB2,BAX
CAV1,BCL2
EGF,BCL2
IL2RA,BCL2
TNFRSF4,BCL2
CTLA4,BCL2L1
CD40LG,BCL6
FAS,OPN1SW
CD40,CASP3
CD40LG,CASP8
PPARG,CAV2
GJA1,CCNH
IL1R1,CD80
IL1R1,CD86
IL1R1,CD40
MIP,CDK1
LGALS1,CDC42
CX3CR1,CDC42
PPARG,CDK2
PKD1,CDKN1A
RARA,CDKN1A
ESR2,CDKN1A
IL36RN,CDKN1A
DDR1,CDKN1A
ERBB2,CDKN1A
MTNR1B,CDKN1A
PTPRG,CDKN1A
LPAR1,CDKN1A
VCAM1,CDKN1B
EGFR,CDKN1B
PPARG,CDKN2A
EGFR,CDKN2B
EGF,CDX2
CD34,CTSC
IL1R1,CKB
FAS,COX6C
MYLK,CPT1A
C5AR1,CR1
ESR1,CREB1
RET,CREBBP
ICAM3,CREBBP
IL10RA,MAPK14
GPC6,MAPK14
EPHA4,MAPK14
TREM2,MAPK14
KLRC2,CTLA4
CAV1,CTNNB1
EGF,CYP19A1
PPARG,CYP19A1
CNR1,DAB1
FLT3,DNMT1
ICAM1,DUSP9
CD40,EGFR
NRXN2,EGFR
CYSLTR2,EGFR
IL13,EGFR
PTGER2,EGFR
CNR1,EGFR
MRGPRX1,EGFR
PLG,EGFR
EGF,EP300
ERBB2,EP300
ANXA2,EPHB2
ESR1,EPHB2
ITGB1,EPHB2
MUC1,ESR1
EGFR,ETFA
PPARG,ETS1
CXCR4,ETV5
MYLK,FABP1
CXCR4,PTK2B
GPC3,GPC4
EGF,FOXO1
APP,FOXO1
ALK,FOXO3
APP,FOXO3
LGALS1,FLT1
AGTR1,FLT1
ITGAV,FLT1
IL13,FLT1
LGALS1,FLT4
GPER1,FOS
ENPEP,FOS
ICAM1,FOS
PPARG,FOSB
IGF1R,GRK4
CTLA4,GSK3A
CNTN2,HBB
MUC1,HIF1A
HTR2B,HIF1A
EPHB2,HIF1A
OLR1,HMOX1
CD34,HMOX1
EGF,HNRNPK
CR1,HES1
CAV1,HSPA4
IL36RN,HSPB1
PKD1,HSPB2
TNFRSF1B,ICAM1
TIE1,ICAM1
IL10RA,ICAM1
IL36RN,ICAM1
PPARG,IFI27
TLR9,IFN1@
NOTCH1,IGF1R
VCAM1,IGSF1
IL10RA,IL1R1
CD79A,IL1R1
IL10RA,IL1RAP
IL18,IRAK1
CAV1,ITGA6
TEK,IRF1
IL13,ITGAM
C5AR1,ITGAM
CD69,ITGAM
DPP4,ITGB1
FPR1,ITGB2
PLAUR,ITGB2
TLR4,JUN
LGALS1,JUN
LGALS1,JUND
NRP2,KDR
LGALS1,KDR
SSTR1,KDR
ENPEP,LCK
SFRP2,LRP6
FAS,LTK
ICAM1,LYN
ACVR1B,SMAD1
TLR4,MAL
ESR1,MAP2
MTTP,MCL1
EGF,MCL1
TNFRSF1B,MAP3K5
CD40,MET
IL6R,MMP2
FLT4,MMP2
TGM2,MMP2
IL13,MMP9
CD40LG,MMP9
IL18,MMP9
FPR1,MMP9
FLT4,MMP9
BSG,MMP9
CR1,MPO
FPR1,MPO
IGF1R,MYCN
EFNA5,MYLK
EPHB2,MYLK
MRC2,PPP1R12A
MYLK,PPP1R12A
ACVR1B,NCAM1
KIT,NFKB1
C5AR1,NFKB1
TACR1,NFKB1
CD38,NFKB1
SMAD1,NFKB1
TNFRSF9,NFKB1
CD27,NFKB1
CNTN2,NFKB1
TLR6,NFKB1
IL10RA,NFKB1
TNFRSF4,NFKB1
CCR8,NFKB1
CD79A,NFKB1
PPARD,NFKB1
P4HB,NFKB1
NRXN2,NFKB1
PECAM1,NFKB1
IGSF1,NFKB1
LILRB4,NFKB1
INSR,NFKB1
SIGIRR,NFKB1
CTLA4,NFKB1
FAS,NFKBIA
CHRNG,NOS3
CAV1,NOS3
ANPEP,NOS3
PKD1,NPHP1
ENG,OPRM1
CAV1,PDK1
MYLK,PDK4
PPARG,PGR
LGALS3,PIK3CA
ESR1,PIK3CA
CTLA4,PIK3CA
FAS,PIK3CB
PPARG,PIK3CB
IL13,PIK3CD
IL10RA,PIK3CD
FAS,PIK3CG
CR1,PIK3CG
CTLA4,PIK3CG
CR1,PIK3R2
BCR,PKD1
EGF,PKD2
TNFRSF1A,PLA2G4A
EGF,PLAT
TGM2,PPARG
TLR4,PPARG
AGTR1,PTPA
IL1RAPL1,MAPK1
TLR5,MAPK1
DPP4,MAPK1
DAG1,MAPK1
MPL,MAPK1
TNFRSF11A,MAPK1
C5AR1,MAPK1
RIPK1,MAPK1
CD34,MAPK1
ALK,MAPK1
P2RY1,MAPK1
DLG1,MAPK1
LRP8,MAPK1
IL36RN,MAPK1
FPR1,MAPK1
CD38,MAPK1
FCGR2A,MAPK1
STX1A,MAPK1
TRAF3,MAPK1
ADRA2A,MAPK1
MRAP,MAPK1
CD72,MAPK1
PLG,MAPK1
AGRN,MAPK1
EPHA3,MAPK1
IFITM1,MAPK1
MTNR1B,MAPK1
GRM2,MAPK1
CD40LG,MAPK1
VTN,MAPK1
LGALS1,MAPK1
LRRC4,MAPK1
CX3CR1,MAPK1
CD2,MAPK1
NECTIN1,MAPK1
NPY4R,MAPK1
HTR1A,MAPK1
TYROBP,MAPK1
CCR5,MAPK1
KLRK1,MAPK1
PLD1,MAPK1
SSTR4,MAPK1
TNFSF8,MAPK1
CD79A,MAPK1
FAS,MAPK3
LGALS1,MAPK8
NRP1,MAPK8
ICAM1,MAPK8
FAS,MAP2K1
PGR,MAP2K1
EGFR,MAP2K3
ICAM1,MAP2K6
LGALS1,MAP2K7
PRNP,EIF2AK2
ICAM1,PSMC6
GHR,PTK2
KIT,PTK2
MCAM,PTK2
CD28,PTK2
P4HB,PTK2
CEACAM6,PTK2
VTN,PTK2
P2RY2,PTK2
MAG,PTK2
TGM2,PTK2
MET,PTK6
TPO,PTPN11
IL13,PTPN11
LGALS3,RAC1
TLR4,MOK
CD8A,RASA1
FCGR2A,RASA1
ESR1,ARID4A
AGTR1,RELA
CX3CR1,RHO
ACVR1B,BRD2
FAS,BRD2
LGALS1,MAP2K4
TLR4,MAP2K4
AGTR1,SOAT1
MET,SOAT1
PPARG,SP1
TPO,STAT1
LIFR,STAT1
OSMR,STAT1
ACVRL1,STAT1
TSLP,STAT1
IL31RA,STAT3
AGTR1,STAT3
TPO,STAT3
IL5RA,STAT3
CSF3R,STAT3
CD40,STAT3
LIFR,STAT3
OSMR,STAT3
LTK,STAT3
PLG,STAT3
SELE,STAT3
LRRC4,STAT3
P2RY2,ADAM17
IL18,ADAM17
C5AR1,ADAM17
TGM2,ZEB1
P4HB,PRDX2
PLG,PRDX2
PPARG,TFAP2A
TLR4,TFRC
PLG,TLR4
IL18,TNFRSF1A
BEX3,TNFRSF1B
IL22,TRAF6
IL10RA,TRAF6
LGALS3,TTF1
EGFR,TYR
PPARG,UCP2
ICAM1,VAV1
TNFRSF1A,VCAM1
TIE1,VCAM1
TNFRSF1B,VCAM1
PTPRC,VDR
MCAM,XPC
P4HB,XPC
CEACAM6,XPC
CAV1,YWHAZ
CXCR4,ZAP70
FAS,ZAP70
SDC1,CXCR4
RET,CXCR4
CD22,NR0B2
PTPN6,NR0B2
IL13,NR0B2
TLR8,IKBKG
PTPRR,BECN1
EGF,CLDN1
ITGB1,TCEAL1
ACVR1B,NPEPPS
ICAM1,BCAR1
NRP1,BCAR1
IL3RA,CREB5
SELPLG,ABCG1
CD2,ABCG1
EGF,ZEB2
PKD1,CERT1
PKD2,CERT1
CAV1,ARFRP1
EGFR,TUBB3
NPY6R,YAP1
EGFR,ZNRD2
EGF,IGF2BP2
CD86,KHDRBS1
FCGR2A,KHDRBS1
ESR1,PLAC1
PGR,PGRMC1
ADIPOR1,SIRT1
PPARG,SIRT1
ACVR1B,ANKRD1
LGALS1,SGSM3
NRP1,SGSM3
LGALS1,NELFCD
PKD2,HDAC7
BSG,TUBA8
PPARG,UGT1A9
TNFRSF1A,RFK
GJA1,MRAP
FAS,DIABLO
AGTR1,TRPV4
AGTR2,WNK2
FAS,WNK2
BMPR2,SNIP1
ACVR1B,WDR83
ICAM1,WDR83
CR1,WDR83
LGALS1,WDR83
PPARG,WDR83
CX3CR1,WDR83
PGR,RERG
ESR1,PPARGC1B
MET,ARMC3
P2RX7,IL4I1
CNTN2,MIR146A
ACVR1B,POTEM
BSG,POTEM
ESR1,POTEM
CSF3R,ABL1
TLR9,ACP5
PGR,ADAMTS1
ADGRE5,AKT1
ALK,AKT1
CNTNAP1,AKT1
CXCR6,AKT1
F2R,AKT1
FCER1A,AKT1
GP6,AKT1
HLA-DQB1,AKT1
HLA-DQB2,AKT1
LEPR,AKT1
MET,AKT1
MPL,AKT1
MSR1,AKT1
NOTCH1,AKT1
PPARD,AKT1
PTCH1,AKT1
TIE1,AKT1
TSLP,AKT1
VIPR1,AKT1
GP6,ANXA5
IL13,ARG1
PTGER2,ARG1
PLAUR,BAX
PPARG,BAX
PLAUR,BCL2
TSLP,BCL2
TLR4,BCL2L11
FLT1,BMX
CASR,CALCRL
B2M,CASP3
PLAUR,CASP3
ITGA1,CAV1
CTLA4,CD28
TLR4,CD40
APP,CD68
PPARG,CDH1
PGR,CDK5
BCR,CDKN1A
NOTCH1,CDKN1B
TLR4,CIITA
CALCRL,CREM
PGR,CTNNAL1
PGR,CTNND1
CTLA4,CXCR4
S1PR1,CXCR4
PKD2,CYP1B1
IL18,E2F1
NOTCH1,EBF1
BDKRB2,EGFR
GPBAR1,EGFR
CNR1,EGR1
TLR2,EIF2AK2
TLR4,EIF2S1
GPC3,EPHB2
CAV1,EPHB4
NR1H3,FAS
THY1,FAS
PDCD1,FGL2
NOTCH1,FLT3
TLR4,FLT3
CD81,FOXO1
HLA-DQB1,FOXO1
HLA-DQB2,FOXO1
MSR1,FOXO1
BCR,FOXO3
CCR7,FOXP3
IL13,FOXP3
IL21R,FOXP3
TSLP,FOXP3
NCAM1,GAP43
NRP1,GIPC1
ADGRE5,GSK3B
IL13,HAND1
ESR1,HIF1A
TLR4,HIF1A
LGALS1,HRAS
TNFRSF1A,HSPA1B
TLR4,ICAM1
CTLA4,IDO1
PPARA,IGFBP1
P2RX7,IL1R1
IGF1R,ILK
VCAM1,IPPK
TLR8,IRF1
CTLA4,ITCH
SELE,ITGAM
CD200,ITGAX
TLR4,ITGAX
PECAM1,ITGB2
SELE,ITGB2
TLR4,KCNA3
CCR7,KDR
OPRM1,KDR
ITGAM,KLRG1
TNFRSF1B,LATS1
BMPR2,LIMK2
ADIPOR1,MAPK1
ADRB3,MAPK1
CD4,MAPK1
CR1,MAPK1
ICOS,MAPK1
INPP5K,MAPK1
SELL,MAPK1
TPO,MAPK1
ACVR2A,MAPK14
ADRB2,MAPK14
CD2,MAPK14
FCER1A,MAPK14
IL18,MAPK14
KIT,MAPK14
LRP8,MAPK14
SELL,MAPK14
SMO,MAPK14
TLR4,MAPK8
TLR4,MAPKAPK2
TLR9,MARCO
PKD2,MEF2D
TLR4,MET
TLR9,MKNK1
BSG,MMP11
PPARA,MMP2
VTN,MMP2
ADIPOR1,MMP9
APP,MMP9
ERBB2,MMP9
PPARA,MMP9
PPARD,MMP9
TNFRSF18,MMP9
TNFRSF25,MMP9
TLR4,MSR1
TLR9,MSR1
IL13,MUC15
TLR4,NCF1
PGR,NF2
B2M,NFKB1
FLT4,NFKB1
GPBAR1,NFKB1
LRP1,NFKB1
LTBR,NFKB1
NECTIN1,NFKB1
NOTCH1,NFKB1
PLXNA4,NFKB1
PPARA,NFKB1
SIRPA,NFKB1
SIRPB1,NFKB1
SIRPG,NFKB1
TNFRSF25,NFKB1
TLR4,NFKBIA
ADIPOR1,NOS3
NR1H4,NOS3
ESR1,NSDHL
TLR4,ODC1
TLR9,OLR1
PGR,PAK1
CAV1,PECAM1
GPR83,PIK3CD
ITGAM,PIK3R1
TNFRSF1A,PIK3R1
TLR4,PKN1
NGFR,PLAT
RTN4R,PLAT
ADIPOR1,PPARG
EGF,PPARG
GABRG2,PPARG
PKD1,PPP1R14B
ICAM1,PPP3CC
EGFR,PRKD3
KDR,PRKD3
PGR,PRKG2
TLR4,PSMB9
BCR,PTK2
CD40,PTK2
GHSR,PTK2
INPP5K,PTK2
PLD2,PTK2
TLR4,PTPRC
PGR,RAC1
CALCRL,RAMP1
JAM3,RAP1A
ADRA2A,RGS2
CCKAR,RHOA
DRD2,RHOA
LINGO1,RHOA
ACVR1B,RIN3
PGR,RND3
FAS,SCARA3
TLR4,SCARA3
AGTR1,SERPINB9
TNFRSF1B,SIRPA
TNFRSF1B,SIRPB1
TNFRSF1B,SIRPG
BMPR2,SMAD2
ENG,SMAD2
BMPR2,SMAD3
PPARG,SMAD3
TLR4,SMPD2
MMP2,SMPD3
TLR4,SOCS3
TLR4,SOD2
TLR4,SP1
NOTCH1,SPI1
ITGAM,SRC
LGALS1,SRC
TLR4,SRC
AGTR1,STAT1
IL6R,STAT1
PKD1,STAT1
PTPRC,STAT1
TLR2,STAT1
ADRB1,STAT3
CSF1R,STAT3
IL11RA,STAT3
KDR,STAT3
PKD1,STAT3
TLR2,STAT3
TSLP,STAT3
FAS,STAT6
ITGAM,SYK
S1PR1,TEK
PPARG,TFAP2B
CD40LG,TLR4
APP,TNFRSF1B
SPN,TP53
LGALS3,TRAPPC9
AXL,TWIST1
APP,USP5
TLR9,VAV1
CXCR4,VCAM1
EGF,WNK1
CR1,ZAP70
PPARG,ZHX2
A1BG,AKT1
ABCA1,BID
ABCA1,CDO1
ABCA1,CPNE1
ABCA1,CPNE3
ABCA1,CPNE6
ABCA1,CPNE7
ABCA1,GCLC
ABCA1,GCLM
ABCA1,LCAT
ABCA1,PPCS
ABCA1,PRODH2
ABCA1,RPL36A
ABCA1,SCARB1
ABCA1,SDS
ABCA1,SOAT1
ABCA1,SOAT2
ABCA1,SULT2B1
ABCA1,TDO2
ABCA1,TPH2
ABCA1,TYR
ACE2,PAH
ACVR1,AKT1
ACVR1B,AKT1
ACVR1B,AKT2
ACVR1B,AKT3
ACVR1B,MAP3K7CL
ACVR1B,MAP3K7
ACVR1B,NLK
ACVR1B,SMAD5
ACVR1B,SMAD9
ACVR1B,STAT1
ACVR1B,STAT2
ACVR1B,STAT3
ACVR1B,STAT4
ACVR1B,STAT5A
ACVR1B,STAT5B
ACVR1B,STAT6
ACVR1,STAT3
ACVR2A,AKT1
ACVR2A,STAT1
ACVR2A,STAT3
ACVR2B,AKT1
ACVR2B,STAT1
ACVR2B,STAT3
ACVRL1,AKT1
ACVRL1,STAT3
ADCY1,PDE10A
ADCY5,PDE10A
ADCY7,PDE10A
ADCY8,PDE10A
ADCY9,PDE10A
ADCYAP1R1,AHR
ADCYAP1R1,CASP3
ADCYAP1R1,CDKN1A
ADCYAP1R1,CYP17A1
ADCYAP1R1,FOXO1
ADCYAP1R1,IGFBP1
ADCYAP1R1,PGR
ADCYAP1R1,PTK2
ADORA2A,TP53
ADORA2B,SFTPB
ADORA2B,SFTPC
ADRA1A,ANXA5
ADRA1A,ATP2B1
ADRA1A,MAPK1
ADRA1A,MMP2
ADRA1A,MMP9
ADRA1A,PTK2
ADRA1B,ANXA5
ADRA1B,ATP2B1
ADRA1B,MAPK1
ADRA1B,MMP2
ADRA1B,MMP9
ADRA1B,PTK2
ADRA1D,ANXA5
ADRA1D,ATP2B1
ADRA1D,MAPK1
ADRA1D,MMP2
ADRA1D,MMP9
ADRA1D,PTK2
ADRA2A,ANXA5
ADRA2A,ATP2B1
ADRA2A,GNB3
ADRA2A,GNG7
ADRA2A,MMP2
ADRA2A,MMP9
ADRA2A,PTK2
ADRA2B,ANXA5
ADRA2B,ATP2B1
ADRA2B,MAPK1
ADRA2B,MMP2
ADRA2B,MMP9
ADRA2B,PTK2
ADRA2C,ANXA5
ADRA2C,ATP2B1
ADRA2C,GNB3
ADRA2C,GNG7
ADRA2C,MAPK1
ADRA2C,MMP2
ADRA2C,MMP9
ADRA2C,PTK2
ADRB1,EGFR
ADRB1,ESR1
ADRB1,MAPK1
ADRB1,PTK2
ADRB2,BAX
ADRB2,CASP3
ADRB2,CASP9
ADRB2,CYP19A1
ADRB2,EP300
ADRB2,ESR1
ADRB2,HIF1A
ADRB2,MAPK1
ADRB2,MMP9
ADRB2,PTK2
ADRB2,SIRT1
ADRB3,ESR1
ADRB3,PTK2
AGER,ABCA1
AGER,ABCG1
AGER,CASP3
AGER,RXRA
AGER,VDR
AGTR1,ABCB1
AGTR1,ARPC1B
AGTR1,INPP4A
AGTR1,INPP4B
AGTR1,KCNJ5
AGTR1,MYO10
AGTR1,NR3C1
AGTR1,NR3C2
AGTR1,PLEKHA1
AGTR1,PLEKHA2
AGTR1,PTPN13
AGTR1,TSG101
AGTRAP,MAPK1
ALK,CASP3
ALK,DUSP5
ALK,PTEN
ALK,PTK2
ALK,PTPRO
ALOX5,BECN1
ALOX5,CASP3
ALOX5,CASP9
ALOX5,CAV1
ALOX5,CDKN1A
ALOX5,HMOX1
ALOX5,IL1R1
ALOX5,ITGAM
ALOX5,ITGB2
ALOX5,KEAP1
ALOX5,MMP2
ALOX5,MMP9
ALOX5,MPO
ALOX5,NFE2L2
ALOX5,NFKB1
ALOX5,NOS3
ALOX5,NOTCH1
ALOX5,PTK2
ALOX5,SIRT1
ALOX5,SOD2
ALOX5,TNFRSF1A
ALOX5,TP53
ALOX5,TRAF6
AMHR2,ACVR1B
AMHR2,AKT1
AMHR2,STAT1
AMHR2,STAT3
ANPEP,SLC38A4
ANPEP,SLC7A5
ANPEP,TPP1
ANXA1,BAX
ANXA1,CASP3
ANXA1,CASP9
ANXA1,CYP19A1
ANXA1,EP300
ANXA1,HIF1A
ANXA1,MMP9
ANXA1,PTK2
ANXA1,SIRT1
AOC3,BECN1
AOC3,CASP3
AOC3,CASP9
AOC3,CAV1
AOC3,CDKN1A
AOC3,CTPS1
AOC3,GPX4
AOC3,HMGCS1
AOC3,HMOX1
AOC3,IL1R1
AOC3,KEAP1
AOC3,MMP2
AOC3,MMP9
AOC3,NFE2L2
AOC3,NFKB1
AOC3,NOTCH1
AOC3,PRDX1
AOC3,PRDX2
AOC3,PTK2
AOC3,SIRT1
AOC3,SOD2
AOC3,TNFRSF1A
AOC3,TP53
AOC3,TRAF6
APP,ACTN4
APP,AKT1
APP,ANXA2
APP,BCL2
APP,BECN1
APP,CASP9
APP,CDKN1A
APP,IL1R1
APP,KEAP1
APP,MMP2
APP,NFE2L2
APP,NFKB1
APP,PRDX1
APP,PTK2
APP,SIRT1
APP,SIRT3
APP,TLR4
APP,TNFRSF1A
APP,TRAF6
APP,TRIM72
AQP1,ALDH6A1
AQP1,ATP6AP1
AQP1,ATP6V0A1
AQP1,ATP6V0A2
AQP1,ATP6V0A4
AQP1,ATP6V0B
AQP1,ATP6V0C
AQP1,ATP6V0D1
AQP1,ATP6V0D2
AQP1,ATP6V0E1
AQP1,ATP6V0E2
AQP1,ATP6V1A
AQP1,ATP6V1B1
AQP1,ATP6V1B2
AQP1,ATP6V1C1
AQP1,ATP6V1C2
AQP1,ATP6V1D
AQP1,ATP6V1E1
AQP1,ATP6V1E2
AQP1,ATP6V1F
AQP1,ATP6V1G1
AQP1,ATP6V1G2
AQP1,ATP6V1G3
AQP1,ATP6V1H
AQP1,BST1
AQP1,CA1
AQP1,CTH
AQP1,FAH
AQP1,FBP1
AQP1,GCH1
AQP1,GCHFR
AQP1,HAGH
AQP1,MAT2A
AQP1,MAT2B
AQP1,MINPP1
AQP1,NADSYN1
AQP1,PAICS
AQP1,SHMT1
AQP1,TCIRG1
AQP1,UGDH
AQP5,AQP3
AR,BCL2
AR,PGR
AR,PTK2
AR,TRAF6
AVPR2,ESR1
AVPR2,PTK2
AXL,DUSP5
AXL,GNB3
AXL,GNG7
AXL,PTEN
AXL,PTPRO
AXL,RHOA
B2M,AKT1
B2M,BCL2
B2M,GNB3
B2M,GNG7
B2M,MMP2
B2M,PTEN
B2M,PTK2
B2M,RHOA
B2M,TP53
BCR,AKT1
BDKRB1,ANXA5
BDKRB1,ATP2B1
BDKRB1,MMP2
BDKRB1,MMP9
BDKRB1,PTK2
BDKRB2,ANXA5
BDKRB2,ATP2B1
BDKRB2,MMP2
BDKRB2,MMP9
BDKRB2,PTK2
BEX3,CASP3
BMPR1A,AKT1
BMPR1A,STAT1
BMPR1A,STAT3
BMPR1B,AKT1
BMPR1B,STAT1
BMPR1B,STAT3
BMPR2,ACVR1B
BMPR2,ACVRL1
BMPR2,AKT1
BMPR2,AKT2
BMPR2,AKT3
BMPR2,MAP3K7CL
BMPR2,STAT1
BMPR2,STAT2
BMPR2,STAT3
BMPR2,STAT4
BMPR2,STAT5A
BMPR2,STAT5B
BMPR2,STAT6
BSG,LDHAL6A
BSG,LDHA
BSG,LDHB
BSG,LDHC
CACNA1C,ANXA2
CACNA1C,TRIM72
CACNG1,ANXA2
CACNG1,ATP2B1
CACNG1,TRIM72
CACNG2,ANXA2
CACNG2,ATP2B1
CACNG2,TRIM72
CACNG3,ANXA2
CACNG3,ATP2B1
CACNG3,TRIM72
CACNG4,ANXA2
CACNG4,ATP2B1
CACNG4,TRIM72
CACNG5,ANXA2
CACNG5,ATP2B1
CACNG5,TRIM72
CACNG7,ANXA2
CACNG7,ATP2B1
CACNG7,TRIM72
CACNG8,ANXA2
CACNG8,ATP2B1
CACNG8,TRIM72
CALM1,ANXA2
CALM1,ASS1
CALM1,CASP3
CALM1,CASP8
CALM1,CASP9
CALM1,CAV1
CALM1,FXR1
CALM1,LMNA
CALM1,PDE10A
CALM1,TRIM72
CASR,ANXA5
CASR,ATP2B1
CASR,MAPK1
CASR,MMP2
CASR,MMP9
CASR,PTK2
CATSPER1,ANXA2
CATSPER1,TRIM72
CATSPER2,ANXA2
CATSPER2,TRIM72
CATSPER3,ANXA2
CATSPER3,TRIM72
CATSPER4,ANXA2
CATSPER4,TRIM72
CATSPERB,ANXA2
CATSPERB,TRIM72
CATSPERD,ANXA2
CATSPERD,TRIM72
CAV1,BID
CAV1,CASP3
CAV1,CASP7
CAV1,CYCS
CAV1,FZD5
CAV1,GUCY1A1
CAV1,GUCY1B1
CAV1,HPRT1
CAV1,IDO1
CAV1,MT1A
CAV1,NR1H4
CAV1,PARP1
CAV1,PLIN1
CAV1,PTK2
CAV1,RIPK1
CAV1,TK1
CAV1,TNFRSF1A
CAV1,TRADD
CCKBR,PTPN11
CCR10,ANXA5
CCR10,ATP2B1
CCR10,MMP2
CCR10,MMP9
CCR10,PTK2
CCR4,ANXA5
CCR4,ATP2B1
CCR4,MMP2
CCR4,MMP9
CCR4,PTK2
CCR8,ANXA5
CCR8,ATP2B1
CCR8,MMP2
CCR8,MMP9
CCR8,PTK2
CCR9,ANXA5
CCR9,ATP2B1
CCR9,MMP2
CCR9,MMP9
CCR9,PTK2
CD14,CASP8
CD14,IRAK1
CD180,TLR4
CD19,GNB3
CD19,GNG7
CD19,PTEN
CD19,RHOA
CD247,AKT1
CD247,COMT
CD247,CYP24A1
CD247,ITGAM
CD247,MAPK1
CD247,NOS3
CD247,PTEN
CD247,PTK2
CD247,RHOA
CD247,RXRA
CD247,VDR
CD274,CD247
CD274,CD3D
CD274,CD3E
CD274,CD3G
CD274,CD4
CD274,HLA-DPA1
CD274,HLA-DRB1
CD274,LCK
CD274,TRAC
CD274,TRAV19
CD274,TRAV29DV5
CD274,TRAV8-4
CD274,TRBC1
CD274,TRBV12-3
CD274,TRBV7-9
CD28,AKT1
CD28,ANXA5
CD28,ATP2B1
CD28,BCL2
CD28,CASP3
CD28,COMT
CD28,CYP24A1
CD28,IDO1
CD28,ITGAM
CD28,MMP2
CD28,MMP9
CD28,NOS3
CD28,RHOA
CD28,RXRA
CD28,TP53
CD28,VDR
CD36,ACSL4
CD36,IRAK1
CD3D,COMT
CD3D,CYP24A1
CD3D,ITGAM
CD3D,MAPK1
CD3D,NOS3
CD3D,PTK2
CD3D,RXRA
CD3D,VDR
CD3E,COMT
CD3E,CYP24A1
CD3E,ITGAM
CD3E,MAPK1
CD3E,NOS3
CD3E,PTK2
CD3E,RXRA
CD3E,VDR
CD3G,AKT1
CD3G,COMT
CD3G,CYP24A1
CD3G,ITGAM
CD3G,MAPK1
CD3G,NOS3
CD3G,PTEN
CD3G,PTK2
CD3G,RHOA
CD3G,RXRA
CD3G,VDR
CD40LG,BCL2
CD40LG,CASP3
CD40LG,MMP2
CD40LG,PTK2
CD4,NOS3
CD80,AKT1
CD80,PTEN
CD80,RHOA
CD86,AKT1
CD86,PTEN
CD86,RHOA
CDH2,GJA1
CDH2,PTPN11
CEACAM1,ITGA5
CEACAM1,ITGB1
CEACAM6,ITGB1
CEACAM8,ITGB1
CER1,ACVR1B
CFTR,CASP3
CFTR,SOD2
CHRM1,ANXA5
CHRM1,ATP2B1
CHRM1,MMP2
CHRM1,MMP9
CHRM1,PTK2
CHRNA1,ANXA2
CHRNA1,TRIM72
CHRNA2,ANXA2
CHRNA2,TRIM72
CHRNA3,ANXA2
CHRNA3,TRIM72
CHRNA4,ANXA2
CHRNA4,MAPK1
CHRNA4,STAT3
CHRNA4,TRIM72
CHRNA5,ANXA2
CHRNA5,TRIM72
CHRNA6,ANXA2
CHRNA6,TRIM72
CHRNA7,ANXA2
CHRNA7,MAPK14
CHRNA7,MAPK1
CHRNA7,PTK2
CHRNA7,STAT3
CHRNA7,TRIM72
CHRNA9,ANXA2
CHRNA9,TRIM72
CHRNB2,ANXA2
CHRNB2,MAPK1
CHRNB2,STAT3
CHRNB2,TRIM72
CHRNB3,ANXA2
CHRNB3,TRIM72
CHRNB4,ANXA2
CHRNB4,TRIM72
CLDN4,AFM
CLDN4,ANXA5
CLDN4,C9
CLDN4,CASP3
CLDN4,HBA1
CLDN4,HBA2
CLDN4,HBB
CLDN4,HNRNPK
CLDN4,HSPA8
CLDN4,PARK7
CLDN4,PFN1
CLDN4,PLAT
CLDN4,PRDX1
CLDN4,PRDX2
CLDN4,PTK2
CLDN4,TP53
CNGB1,ANXA2
CNGB1,MAPK1
CNGB1,NOS3
CNGB1,PTK2
CNGB1,TRIM72
CNR1,ARRB2
CNR1,CARM1
CNR1,CGB5
CNR1,CGB8
CNR1,DISC1
CNR1,ESR1
CNR1,GLP1R
CNR1,GRK2
CNR1,HRH2
CNR1,JUN
CNR1,PDE4B
CNR1,RAP1B
CNR2,ESR1
CNR2,PTK2
CR1,C4B
CR1,C9
CRABP2,CASP9
CRHR1,ESR1
CRHR1,PTK2
CRLF2,STAT3
CSF1R,CASP3
CSF1R,IDO1
CSF1R,MAPK1
CSF1R,NOS3
CSF2RA,STAT1
CSF2RA,STAT3
CSF2RB,STAT1
CSF2RB,STAT3
CXCR1,ANXA5
CXCR1,ATP2B1
CXCR1,EP300
CXCR1,MMP2
CXCR1,MMP9
CXCR1,NFE2L2
CXCR1,PTK2
CXCR2,ANXA5
CXCR2,ATP2B1
CXCR2,MMP2
CXCR2,MMP9
CXCR2,PTK2
CXCR3,ANXA5
CXCR3,ATP2B1
CXCR3,MAPK1
CXCR3,MMP2
CXCR3,MMP9
CXCR3,NOS3
CXCR3,PTK2
CXCR4,ALG2
CXCR4,ALOX5
CXCR4,ALPP
CXCR4,ANXA5
CXCR4,AOC1
CXCR4,ATP2B1
CXCR4,ATP2B4
CXCR4,BID
CXCR4,CASR
CXCR4,CDK5R1
CXCR4,CHRNA7
CXCR4,CHRNB2
CXCR4,CXCR2
CXCR4,CXCR3
CXCR4,CYP2E1
CXCR4,F2RL3
CXCR4,F8
CXCR4,GABBR1
CXCR4,GABBR2
CXCR4,ITGB1BP2
CXCR4,ITIH1
CXCR4,MARCO
CXCR4,MGP
CXCR4,MMP2
CXCR4,MMP9
CXCR4,OCLN
CXCR4,P2RX7
CXCR4,PCDH19
CXCR4,PIK3R6
CXCR4,PRLR
CXCR4,RYR1
CXCR4,S100A13
CXCR4,S100A2
CXCR4,SOD1
CXCR4,SSH1
CXCR4,SUGT1
CXCR4,TJP1
CXCR4,TNFAIP6
CXCR4,TNNC1
CXCR4,TRPA1
CXCR4,TRPC1
CXCR4,TRPC6
CXCR4,TRPV1
CXCR4,TRPV5
CXCR4,TRPV6
CXCR5,ANXA5
CXCR5,ATP2B1
CXCR5,MMP2
CXCR5,MMP9
CXCR5,PTK2
CYSLTR1,ANXA5
CYSLTR1,ATP2B1
CYSLTR1,MMP2
CYSLTR1,MMP9
CYSLTR1,PTK2
CYSLTR2,ANXA5
CYSLTR2,ATP2B1
CYSLTR2,MMP2
CYSLTR2,MMP9
CYSLTR2,PTK2
DAB2,AGTR1
DAB2,EGFR
DCC,PIK3CD
DCC,RHOA
DDR1,DUSP5
DDR1,PTEN
DDR1,PTPRO
DDR2,DUSP5
DDR2,PTEN
DDR2,PTPN11
DDR2,PTPRO
DLG1,ANXA2
DLG1,TRIM72
DLG3,ANXA2
DLG3,TRIM72
DLG4,ANXA2
DLG4,TRIM72
DRD1,ESR1
DRD1,MAPK1
DRD1,PTK2
DRD2,ESR1
DRD2,PTK2
DSCAM,MAPK14
EFNA1,DVL2
EFNA1,EGFR
EFNA1,LRP6
EFNA1,PTEN
EFNB1,PIK3CD
EFNB2,PIK3CD
EGF,ANXA5
EGF,ATP2B1
EGF,CASP3
EGF,CASP9
EGF,GNB3
EGF,GNG7
EGF,HIF1A
EGF,MMP2
EGFR,ABI2
EGFR,ACTA2
EGFR,ACTBL2
EGFR,ACTB
EGFR,ACTG1
EGFR,ACTG2
EGFR,AKT3
EGFR,APP
EGFR,ARPC1B
EGFR,BAG4
EGFR,BAIAP2
EGFR,BID
EGFR,BLNK
EGFR,BRK1
EGFR,BTK
EGFR,CASP9
EGFR,CD247
EGFR,CD28
EGFR,CD3G
EGFR,CD79A
EGFR,CD79B
EGFR,CD80
EGFR,CD86
EGFR,CDC14A
EGFR,CDC14B
EGFR,CDC14C
EGFR,CDC25B
EGFR,CDC25C
EGFR,CDH10
EGFR,CDH11
EGFR,CDH12
EGFR,CDH15
EGFR,CDH16
EGFR,CDH17
EGFR,CDH18
EGFR,CDH19
EGFR,CDH20
EGFR,CDH22
EGFR,CDH23
EGFR,CDH24
EGFR,CDH2
EGFR,CDH3
EGFR,CDH4
EGFR,CDH5
EGFR,CDH7
EGFR,CDH8
EGFR,CDHR1
EGFR,CDKN3
EGFR,CELSR1
EGFR,CELSR2
EGFR,CELSR3
EGFR,CNTRL
EGFR,CPSF6
EGFR,CRAT
EGFR,CUX1
EGFR,CYFIP1
EGFR,CYFIP2
EGFR,DCHS1
EGFR,DNAJC6
EGFR,DUSP10
EGFR,DUSP12
EGFR,DUSP13
EGFR,DUSP14
EGFR,DUSP15
EGFR,DUSP16
EGFR,DUSP19
EGFR,DUSP21
EGFR,DUSP22
EGFR,DUSP23
EGFR,DUSP26
EGFR,DUSP28
EGFR,DUSP2
EGFR,DUSP4
EGFR,DUSP5
EGFR,DUSP6
EGFR,DUSP7
EGFR,DUSP9
EGFR,EPM2A
EGFR,ERLIN2
EGFR,EYA1
EGFR,EYA2
EGFR,EYA3
EGFR,EYA4
EGFR,FAT1
EGFR,FAT2
EGFR,FAT3
EGFR,FCGR1A
EGFR,FCGR3A
EGFR,FGFR1OP2
EGFR,FGFR2
EGFR,FGFR3
EGFR,FGFR4
EGFR,GNB2
EGFR,GNB3
EGFR,GNB4
EGFR,GNB5
EGFR,GNG10
EGFR,GNG11
EGFR,GNG12
EGFR,GNG13
EGFR,GNG3
EGFR,GNG4
EGFR,GNG5
EGFR,GNG7
EGFR,GNG8
EGFR,GNGT1
EGFR,GNGT2
EGFR,IGHD
EGFR,IGHG2
EGFR,IGHG3
EGFR,IGHG4
EGFR,IGHM
EGFR,IGHV1-2
EGFR,IGHV1-46
EGFR,IGHV1-69
EGFR,IGHV2-5
EGFR,IGHV2-70
EGFR,IGHV3-11
EGFR,IGHV3-13
EGFR,IGHV3-23
EGFR,IGHV3-30
EGFR,IGHV3-33
EGFR,IGHV3-48
EGFR,IGHV3-53
EGFR,IGHV3-7
EGFR,IGHV3-9
EGFR,IGHV4-34
EGFR,IGHV4-39
EGFR,IGHV4-59
EGFR,IGKC
EGFR,IGKV1-12
EGFR,IGKV1-16
EGFR,IGKV1-17
EGFR,IGKV1-33
EGFR,IGKV1-39
EGFR,IGKV1-5
EGFR,IGKV1D-12
EGFR,IGKV1D-16
EGFR,IGKV1D-33
EGFR,IGKV1D-39
EGFR,IGKV2-28
EGFR,IGKV2-29
EGFR,IGKV2-30
EGFR,IGKV2D-28
EGFR,IGKV2D-30
EGFR,IGKV2D-40
EGFR,IGKV3-11
EGFR,IGKV3-15
EGFR,IGKV3-20
EGFR,IGKV3D-20
EGFR,IGKV4-1
EGFR,IGKV5-2
EGFR,IGLC1
EGFR,IGLC2
EGFR,IGLC3
EGFR,IGLC6
EGFR,IGLC7
EGFR,IGLV1-40
EGFR,IGLV1-44
EGFR,IGLV1-47
EGFR,IGLV1-51
EGFR,IGLV2-11
EGFR,IGLV2-14
EGFR,IGLV2-23
EGFR,IGLV2-8
EGFR,IGLV3-19
EGFR,IGLV3-1
EGFR,IGLV3-21
EGFR,IGLV3-25
EGFR,IGLV3-27
EGFR,IGLV6-57
EGFR,IGLV7-43
EGFR,INPP4A
EGFR,INPP4B
EGFR,ITK
EGFR,JUN
EGFR,KLB
EGFR,LAT2
EGFR,LRRFIP1
EGFR,MMP1
EGFR,MRAS
EGFR,MTM1
EGFR,MTMR3
EGFR,MTMR4
EGFR,MYO10
EGFR,MYO18A
EGFR,NCKAP1L
EGFR,NCKAP1
EGFR,NOTCH3
EGFR,PARP1
EGFR,PCDH10
EGFR,PCDH11X
EGFR,PCDH11Y
EGFR,PCDH12
EGFR,PCDH18
EGFR,PCDH19
EGFR,PCDH1
EGFR,PCDH20
EGFR,PCDH7
EGFR,PCDH8
EGFR,PCDH9
EGFR,PCDHAC1
EGFR,PCDHAC2
EGFR,PCDHB10
EGFR,PCDHB11
EGFR,PCDHB12
EGFR,PCDHB13
EGFR,PCDHB14
EGFR,PCDHB15
EGFR,PCDHB16
EGFR,PCDHB1
EGFR,PCDHB2
EGFR,PCDHB4
EGFR,PCDHB5
EGFR,PCDHB6
EGFR,PCDHB7
EGFR,PCDHB8
EGFR,PCDHGA10
EGFR,PCDHGA11
EGFR,PCDHGA12
EGFR,PCDHGA1
EGFR,PCDHGA2
EGFR,PCDHGA3
EGFR,PCDHGA5
EGFR,PCDHGA6
EGFR,PCDHGA7
EGFR,PCDHGA8
EGFR,PCDHGB1
EGFR,PCDHGB2
EGFR,PCDHGB4
EGFR,PCDHGB6
EGFR,PCDHGB7
EGFR,PCDHGC3
EGFR,PCDHGC4
EGFR,PCDHGC5
EGFR,PDPK1
EGFR,PLEKHA1
EGFR,PLEKHA2
EGFR,PPFIA3
EGFR,PPP2CB
EGFR,PPP2R1B
EGFR,PPP2R5A
EGFR,PPP2R5B
EGFR,PPP2R5C
EGFR,PPP2R5D
EGFR,PPP2R5E
EGFR,PRKCH
EGFR,PRKCQ
EGFR,PRKD2
EGFR,PTP4A1
EGFR,PTP4A2
EGFR,PTP4A3
EGFR,PTPMT1
EGFR,PTPN13
EGFR,PTPN14
EGFR,PTPN18
EGFR,PTPN20
EGFR,PTPN22
EGFR,PTPN23
EGFR,PTPN4
EGFR,PTPN5
EGFR,PTPN7
EGFR,PTPRB
EGFR,PTPRC
EGFR,PTPRD
EGFR,PTPRF
EGFR,PTPRH
EGFR,PTPRM
EGFR,PTPRN2
EGFR,PTPRO
EGFR,PTPRQ
EGFR,PTPRR
EGFR,PTPRT
EGFR,PTPRZ1
EGFR,PXN
EGFR,RRAS2
EGFR,RRAS
EGFR,SSH1
EGFR,SSH2
EGFR,SSH3
EGFR,STAT2
EGFR,STAT4
EGFR,STAT6
EGFR,TEC
EGFR,TPTE2
EGFR,TPTE
EGFR,TRIM24
EGFR,TXK
EGFR,WASF2
EGFR,WASF3
EGFR,ZMYM2
EGF,SIRT1
EGF,TP53
EPHA10,DUSP5
EPHA10,PTEN
EPHA10,PTPN11
EPHA10,PTPRO
EPHA1,DUSP5
EPHA1,PTEN
EPHA1,PTPN11
EPHA1,PTPRO
EPHA2,DUSP5
EPHA2,DVL2
EPHA2,LRP6
EPHA2,PTEN
EPHA2,PTPRO
EPHA3,DUSP5
EPHA3,PIK3CD
EPHA3,PTEN
EPHA3,PTPN11
EPHA3,PTPRO
EPHA4,DUSP5
EPHA4,PTEN
EPHA4,PTPN11
EPHA5,DUSP5
EPHA5,PTEN
EPHA5,PTPN11
EPHA5,PTPRO
EPHA6,DUSP5
EPHA6,PTEN
EPHA6,PTPN11
EPHA6,PTPRO
EPHA7,DUSP5
EPHA7,PTEN
EPHA7,PTPN11
EPHA7,PTPRO
EPHA8,DUSP5
EPHA8,PTEN
EPHA8,PTPN11
EPHA8,PTPRO
EPHB1,DUSP5
EPHB1,PIK3CD
EPHB1,PTEN
EPHB1,PTPN11
EPHB1,PTPRO
EPHB2,DUSP5
EPHB2,PIK3CD
EPHB2,PTEN
EPHB2,PTPN11
EPHB3,DUSP5
EPHB3,PIK3CD
EPHB3,PTEN
EPHB3,PTPN11
EPHB3,PTPRO
EPHB4,DUSP5
EPHB4,PTEN
EPHB4,PTPN11
EPHB4,PTPRO
EPOR,AKT1
EPOR,GNB3
EPOR,GNG7
EPOR,RHOA
ERAP1,HLA-H
ERAP1,PDIA3
ERAP1,TAPBP
ERBB2,DUSP5
ERBB2,FOXO1
ERBB2,GNB3
ERBB2,GNG7
ERBB2,NOS3
ERBB2,PTEN
ERBB2,RHOA
ERBB3,DUSP5
ERBB3,GNB3
ERBB3,GNG7
ERBB3,NOS3
ERBB3,PTEN
ERBB3,PTPRO
ERBB3,RHOA
ERBB4,DUSP5
ERBB4,GNB3
ERBB4,GNG7
ERBB4,MAPK1
ERBB4,PTEN
ERBB4,PTPRO
ERBB4,RHOA
ESR1,ABI1
ESR1,ABI2
ESR1,ACYP1
ESR1,ADORA1
ESR1,AGR2
ESR1,AICDA
ESR1,APOA1
ESR1,APP
ESR1,ARF6
ESR1,ARNT
ESR1,ARRB2
ESR1,ATP4A
ESR1,BAG4
ESR1,BAIAP2
ESR1,BCR
ESR1,BECN1
ESR1,BID
ESR1,BLK
ESR1,BLNK
ESR1,BLOC1S1
ESR1,BRD8
ESR1,BRK1
ESR1,BTK
ESR1,BTRC
ESR1,C2CD3
ESR1,CACNA1E
ESR1,CACNB3
ESR1,CAD
ESR1,CAPN1
ESR1,CARM1
ESR1,CASP3
ESR1,CASP7
ESR1,CATSPERE
ESR1,CBL
ESR1,CBX3
ESR1,CCDC158
ESR1,CCDC47
ESR1,CCNE1
ESR1,CD247
ESR1,CD28
ESR1,CD3G
ESR1,CD79A
ESR1,CD79B
ESR1,CD80
ESR1,CD86
ESR1,CDC14A
ESR1,CDC42
ESR1,CEBPB
ESR1,CHD9
ESR1,CHRNA3
ESR1,CHRNA4
ESR1,CHRNB2
ESR1,CHRNB4
ESR1,CNOT1
ESR1,CNTRL
ESR1,COG3
ESR1,CPSF6
ESR1,CREBBP
ESR1,CTNNB1
ESR1,CUX1
ESR1,CYC1
ESR1,CYCS
ESR1,CYFIP1
ESR1,CYFIP2
ESR1,CYP2A6
ESR1,CYP2C8
ESR1,CYP2D6
ESR1,DAPP1
ESR1,DEK
ESR1,DHRS9
ESR1,DHX30
ESR1,DISC1
ESR1,DNAJA3
ESR1,DNAJB11
ESR1,DNMT1
ESR1,DNMT3B
ESR1,DYSF
ESR1,E2F1
ESR1,EFHD2
ESR1,EFR3A
ESR1,ELANE
ESR1,ENAH
ESR1,ERLIN2
ESR1,EZH2
ESR1,FAS
ESR1,FCGR1A
ESR1,FCGR2A
ESR1,FCGR3A
ESR1,FGFR1OP2
ESR1,FGFR1
ESR1,FGFR3
ESR1,FGFR4
ESR1,FGR
ESR1,FLNC
ESR1,FLT1
ESR1,FYN
ESR1,FZD5
ESR1,GAB1
ESR1,GAB2
ESR1,GIPC1
ESR1,GLUD1
ESR1,GNA12
ESR1,GPC4
ESR1,GPER1
ESR1,GPS2
ESR1,GRAP2
ESR1,GRK2
ESR1,GUCY1A1
ESR1,GUCY1B1
ESR1,HCK
ESR1,HDAC1
ESR1,HELZ2
ESR1,HNF4A
ESR1,HOXA10
ESR1,HOXB9
ESR1,HOXC6
ESR1,HPRT1
ESR1,HRAS
ESR1,HR
ESR1,HSD17B10
ESR1,HSDL2
ESR1,HSF2
ESR1,HSPB8
ESR1,IDH3A
ESR1,IDO1
ESR1,IGFBP1
ESR1,IGFBP2
ESR1,IGHD
ESR1,IGHG1
ESR1,IGHG2
ESR1,IGHG3
ESR1,IGHG4
ESR1,IGHM
ESR1,IGHV1-2
ESR1,IGHV1-46
ESR1,IGHV1-69
ESR1,IGHV2-5
ESR1,IGHV2-70
ESR1,IGHV3-11
ESR1,IGHV3-13
ESR1,IGHV3-23
ESR1,IGHV3-30
ESR1,IGHV3-33
ESR1,IGHV3-48
ESR1,IGHV3-53
ESR1,IGHV3-7
ESR1,IGHV3-9
ESR1,IGHV4-34
ESR1,IGHV4-39
ESR1,IGHV4-59
ESR1,IGKC
ESR1,IGKV1-12
ESR1,IGKV1-16
ESR1,IGKV1-17
ESR1,IGKV1-33
ESR1,IGKV1-39
ESR1,IGKV1-5
ESR1,IGKV1D-12
ESR1,IGKV1D-16
ESR1,IGKV1D-33
ESR1,IGKV1D-39
ESR1,IGKV2-28
ESR1,IGKV2-29
ESR1,IGKV2-30
ESR1,IGKV2D-28
ESR1,IGKV2D-30
ESR1,IGKV2D-40
ESR1,IGKV3-11
ESR1,IGKV3-15
ESR1,IGKV3-20
ESR1,IGKV3D-20
ESR1,IGKV4-1
ESR1,IGKV5-2
ESR1,IGLC1
ESR1,IGLC2
ESR1,IGLC3
ESR1,IGLC6
ESR1,IGLC7
ESR1,IGLV1-40
ESR1,IGLV1-44
ESR1,IGLV1-47
ESR1,IGLV1-51
ESR1,IGLV2-11
ESR1,IGLV2-14
ESR1,IGLV2-23
ESR1,IGLV2-8
ESR1,IGLV3-19
ESR1,IGLV3-1
ESR1,IGLV3-21
ESR1,IGLV3-25
ESR1,IGLV3-27
ESR1,IGLV6-57
ESR1,IGLV7-43
ESR1,ILK
ESR1,INF2
ESR1,INPP5D
ESR1,INPP5J
ESR1,INPP5K
ESR1,INPPL1
ESR1,IQSEC1
ESR1,IRS1
ESR1,ITGAV
ESR1,ITGB3
ESR1,ITK
ESR1,JMJD1C
ESR1,JUND
ESR1,KAT2B
ESR1,KHDRBS2
ESR1,KIRREL1
ESR1,KLB
ESR1,KLK3
ESR1,KLRC1
ESR1,KMT2B
ESR1,KMT2C
ESR1,KRT19
ESR1,KRT28
ESR1,KRT33B
ESR1,LAT2
ESR1,LAT
ESR1,LCOR
ESR1,LCP2
ESR1,LLGL2
ESR1,LMNB2
ESR1,LRP6
ESR1,LRRFIP1
ESR1,LYN
ESR1,MAGOH
ESR1,MAP4K3
ESR1,MBD2
ESR1,MED1
ESR1,MED25
ESR1,MEN1
ESR1,MMP1
ESR1,MMP3
ESR1,MMP9
ESR1,MT-ATP6
ESR1,MYH10
ESR1,MYO18A
ESR1,N4BP3
ESR1,NCK1
ESR1,NCKAP1L
ESR1,NCKAP1
ESR1,NCOA3
ESR1,NCOA6
ESR1,NDUFS3
ESR1,NEMF
ESR1,NFKB1
ESR1,NFKBIB
ESR1,NKD1
ESR1,NMNAT1
ESR1,NOTCH1
ESR1,NPHS2
ESR1,NR1I2
ESR1,NRBF2
ESR1,NSD1
ESR1,NTPCR
ESR1,P2RX4
ESR1,PABPN1
ESR1,PAPSS1
ESR1,PARP1
ESR1,PCK1
ESR1,PDGFRB
ESR1,PDK3
ESR1,PDPK1
ESR1,PGAM4
ESR1,PIK3C2B
ESR1,PIK3CB
ESR1,PLAT
ESR1,PLCB1
ESR1,PLCB2
ESR1,PLCB3
ESR1,PLCG1
ESR1,PLCG2
ESR1,PLD2
ESR1,PLEKHG3
ESR1,PNRC1
ESR1,PNRC2
ESR1,POLR2A
ESR1,POU5F1
ESR1,PPARA
ESR1,PPRC1
ESR1,PRAME
ESR1,PROX1
ESR1,PSD
ESR1,PSME3
ESR1,PTEN
ESR1,PTK2
ESR1,PUF60
ESR1,RABEP1
ESR1,RAC1
ESR1,RAF1
ESR1,RAP1B
ESR1,RBBP7
ESR1,RBL2
ESR1,RCOR1
ESR1,RELA
ESR1,RFFL
ESR1,RHOA
ESR1,RORA
ESR1,RRAS
ESR1,S1PR3
ESR1,SDC1
ESR1,SDC2
ESR1,SDCBP
ESR1,SEMG1
ESR1,SERPINB9
ESR1,SF1
ESR1,SH3KBP1
ESR1,SIN3A
ESR1,SIRT1
ESR1,SIRT2
ESR1,SLC25A1
ESR1,SLC30A9
ESR1,SMC4
ESR1,SMPDL3B
ESR1,SMYD1
ESR1,SNRPF
ESR1,SOCS3
ESR1,SOD2
ESR1,SORBS1
ESR1,SPAG1
ESR1,SPATA13
ESR1,SPTB
ESR1,SRPRB
ESR1,SYK
ESR1,TEC
ESR1,TGFB1I1
ESR1,THEM6
ESR1,THRAP3
ESR1,TK1
ESR1,TLN1
ESR1,TMEM121B
ESR1,TMEM205
ESR1,TRAF6
ESR1,TRERF1
ESR1,TRIM2
ESR1,TSC22D3
ESR1,TSFM
ESR1,TTF1
ESR1,TUBB2A
ESR1,TXK
ESR1,TXNRD1
ESR1,UBE2I
ESR1,UBE3A
ESR1,VAV1
ESR1,VAV2
ESR1,VCL
ESR1,VDR
ESR1,VIM
ESR1,WASF1
ESR1,WASF2
ESR1,WASF3
ESR1,WASL
ESR1,YES1
ESR1,ZAP70
ESR1,ZMYM2
ESR1,ZNHIT3
ESR2,BCL2
ESR2,CASP3
ESR2,HAVCR2
ESR2,MMP2
ESR2,PTEN
ESR2,PTK2
ESR2,RHOA
ESR2,TP53
EZR,CASP8
EZR,FAS
F2R,AHR
F2R,CASP3
F2R,CDKN1A
F2R,CYP17A1
F2R,FOXO1
F2R,IGFBP1
F2RL1,ANXA5
F2RL1,ATP2B1
F2RL1,MMP2
F2RL1,MMP9
F2RL1,PTK2
F2RL3,AHR
F2RL3,CASP3
F2RL3,CDKN1A
F2RL3,CYP17A1
F2RL3,FOXO1
F2RL3,IGFBP1
F2RL3,PGR
F2RL3,PTK2
F2R,MAPK1
F2R,PGR
F2R,PTK2
F2R,RHOA
F3,CASP3
FAS,CASP10
FAS,CASP3
FAS,CASP9
FAS,EIF2A
FAS,PIK3CA
FAS,PIK3R1
FAS,PTK2
FAS,RIPK3
FCGR1A,AKT1
FCGR1A,PTEN
FCGR1A,RHOA
FCGR2A,PTEN
FCGR2A,RHOA
FCGR2B,RASA1
FCGR3A,AKT1
FCGR3A,PTEN
FCGR3A,RHOA
FGFR1,AKT1
FGFR1,DUSP5
FGFR1,PTEN
FGFR1,PTPRO
FGFR1,RHOA
FGFR1,STAT3
FGFR2,AKT1
FGFR2,DUSP5
FGFR2,PTPRO
FGFR2,RHOA
FGFR2,STAT3
FGFR3,AKT1
FGFR3,DUSP5
FGFR3,PTPRO
FGFR3,RHOA
FGFR4,AKT1
FGFR4,DUSP5
FGFR4,PTEN
FGFR4,PTK2
FGFR4,PTPRO
FGFR4,RHOA
FKBP1B,ANXA2
FKBP1B,CACNB2
FKBP1B,TRIM72
FLOT1,ACTN4
FLOT1,ANXA2
FLOT1,HBA1
FLOT1,HBA2
FLOT1,HSPA8
FLOT1,HSPB1
FLOT1,PFN1
FLOT1,PRDX1
FLOT1,PROCR
FLOT1,PTK2
FLT1,ACP1
FLT1,AKT2
FLT1,CDC14A
FLT1,CDC14B
FLT1,CDC14C
FLT1,CDC25A
FLT1,CDC25B
FLT1,CDC25C
FLT1,CDKN3
FLT1,DNAJC6
FLT1,DUSP10
FLT1,DUSP12
FLT1,DUSP13
FLT1,DUSP14
FLT1,DUSP15
FLT1,DUSP16
FLT1,DUSP19
FLT1,DUSP1
FLT1,DUSP21
FLT1,DUSP22
FLT1,DUSP23
FLT1,DUSP26
FLT1,DUSP28
FLT1,DUSP2
FLT1,DUSP3
FLT1,DUSP4
FLT1,DUSP5
FLT1,DUSP6
FLT1,DUSP7
FLT1,DUSP9
FLT1,EPM2A
FLT1,EYA1
FLT1,EYA2
FLT1,EYA3
FLT1,EYA4
FLT1,MTM1
FLT1,MTMR3
FLT1,MTMR4
FLT1,PPFIA3
FLT1,PTEN
FLT1,PTP4A1
FLT1,PTP4A2
FLT1,PTP4A3
FLT1,PTPMT1
FLT1,PTPN12
FLT1,PTPN13
FLT1,PTPN14
FLT1,PTPN18
FLT1,PTPN20
FLT1,PTPN21
FLT1,PTPN22
FLT1,PTPN23
FLT1,PTPN2
FLT1,PTPN3
FLT1,PTPN4
FLT1,PTPN5
FLT1,PTPN6
FLT1,PTPN7
FLT1,PTPN9
FLT1,PTPRA
FLT1,PTPRB
FLT1,PTPRC
FLT1,PTPRD
FLT1,PTPRE
FLT1,PTPRF
FLT1,PTPRG
FLT1,PTPRH
FLT1,PTPRK
FLT1,PTPRM
FLT1,PTPRN2
FLT1,PTPRO
FLT1,PTPRQ
FLT1,PTPRR
FLT1,PTPRS
FLT1,PTPRT
FLT1,PTPRU
FLT1,PTPRZ1
FLT1,SSH1
FLT1,SSH2
FLT1,SSH3
FLT1,STAT2
FLT1,STAT4
FLT1,STAT5A
FLT1,STAT5B
FLT1,STAT6
FLT1,TPTE2
FLT1,TPTE
FLT3,DUSP5
FLT3,GNB3
FLT3,GNG7
FLT3,PTEN
FLT3,PTPRO
FLT3,RHOA
FLT4,DUSP5
FLT4,MAPK1
FLT4,PTEN
FLT4,PTPRO
FLT4,STAT1
FLT4,STAT3
FN1,ARF6
FN1,ATP5PF
FN1,BCAR1
FN1,BCL2
FN1,BID
FN1,CDC42
FN1,EGFR
FN1,FYN
FN1,MAP2K1
FN1,MAP2K2
FN1,MMP2
FN1,PARP1
FN1,SYK
FN1,TP53
FOLR1,IGF1R
FSHR,ESR1
FSHR,PTK2
FZD10,GNB3
FZD10,GNG7
FZD1,GNB3
FZD1,GNG7
FZD1,LRP6
FZD2,GNB3
FZD2,GNG7
FZD2,MAPK1
FZD2,NOS3
FZD2,PTK2
FZD3,GNG7
FZD4,GNB3
FZD4,GNG7
FZD5,GNB3
FZD5,GNG7
FZD6,GNB3
FZD6,GNG7
FZD7,GNB3
FZD7,GNG7
FZD8,GNB3
FZD8,GNG7
FZD9,GNB3
FZD9,GNG7
GABBR1,ABCC9
GABBR2,ABCC9
GCGR,GNB3
GCGR,GNG7
GFRA1,AKT1
GFRA1,STAT1
GFRA1,STAT3
GHR,MAPK1
GHR,STAT1
GIPR,ESR1
GIPR,PTK2
GJB2,CASP3
GJB2,PTK2
GLP1R,PTK2
GPBAR1,ANXA5
GPBAR1,ATP2B1
GPBAR1,ESR1
GPBAR1,MMP2
GPBAR1,MMP9
GPBAR1,PTK2
GPER1,CAPN1
GPER1,CASP3
GPER1,CCNE1
GPER1,JUN
GPER1,MAPK1
GPER1,MAPK3
GPER1,STAT3
GRIA1,ANXA2
GRIA1,TRIM72
GRIA3,ANXA2
GRIA3,TRIM72
GRIA4,ANXA2
GRIA4,TRIM72
GRIK1,ANXA2
GRIK1,TRIM72
GRIK2,ANXA2
GRIK2,TRIM72
GRIK3,ANXA2
GRIK3,TRIM72
GRIK4,ANXA2
GRIK4,TRIM72
GRIK5,ANXA2
GRIK5,TRIM72
GRIN1,ANXA2
GRIN1,TRIM72
GRIN2A,ANXA2
GRIN2A,TRIM72
GRIN2B,ANXA2
GRIN2B,TRIM72
GRIN2C,ANXA2
GRIN2C,TRIM72
GRIN2D,ANXA2
GRIN2D,TRIM72
GUCY2C,PDE10A
GUCY2D,PDE10A
HCAR2,AMBP
HCAR2,BAX
HCAR2,CASP3
HCAR2,CASP8
HCAR2,CASP9
HCAR2,CREBBP
HCAR2,ESR1
HCAR2,HAS2
HCAR2,ITGB1
HCAR2,MAPK1
HCAR2,MMP2
HCAR2,PPARG
HCAR2,PTK2
HCAR2,RXRA
HCAR2,TP53
HCAR2,VDR
HCAR3,AMBP
HCAR3,ANXA5
HCAR3,ATP2B1
HCAR3,BAX
HCAR3,CASP3
HCAR3,CASP8
HCAR3,CASP9
HCAR3,CREBBP
HCAR3,ESR1
HCAR3,HAS2
HCAR3,ITGB1
HCAR3,MAPK1
HCAR3,MMP2
HCAR3,MMP9
HCAR3,PPARG
HCAR3,PTK2
HCAR3,RXRA
HCAR3,TP53
HCAR3,VDR
HFE,CASP3
HFE,FTL
HFE,HBA1
HFE,HBA2
HFE,PTK2
HFE,TNFRSF1A
HLA-A,PIK3CA
HLA-DRA,MAPK1
HLA-DRA,NOS3
HLA-DRA,PTK2
HRH1,ANXA5
HRH1,ATP2B1
HRH1,ESR1
HRH1,MMP2
HRH1,MMP9
HRH1,PTK2
HRH2,CASP3
HRH2,NFKB1
HRH2,PTK2
HRH4,ANXA5
HRH4,ATP2B1
HRH4,MAPK1
HRH4,MMP2
HRH4,MMP9
HRH4,PTK2
HSPA5,CASP3
HTR1A,PTK2
HTR1B,ESR1
HTR1B,PTK2
HTR1D,PTK2
HTR3A,ANXA2
HTR3A,TRIM72
HTR3B,ANXA2
HTR3B,TRIM72
HTR3C,ANXA2
HTR3C,TRIM72
HTR3D,ANXA2
HTR3D,TRIM72
HTR3E,ANXA2
HTR3E,TRIM72
HTR4,IDO1
HTR6,IDO1
HTR7,ESR1
HTR7,IDO1
HTR7,PTK2
ICAM1,APP
ICAM1,ATP7A
ICAM1,ATP7B
ICAM1,BECN1
ICAM1,BID
ICAM1,BRD4
ICAM1,CASP3
ICAM1,CASP9
ICAM1,CAVIN1
ICAM1,CDH1
ICAM1,CDKN1A
ICAM1,CTNNB1
ICAM1,EIF4EBP1
ICAM1,EIF4E
ICAM1,FGFR1
ICAM1,GPX1
ICAM1,GPX2
ICAM1,GSTZ1
ICAM1,HMOX1
ICAM1,HPRT1
ICAM1,IL1R1
ICAM1,KEAP1
ICAM1,MAPK3
ICAM1,MDM2
ICAM1,MMP2
ICAM1,MMP9
ICAM1,MYD88
ICAM1,NFE2L2
ICAM1,NFKBIA
ICAM1,NOS3
ICAM1,NOTCH1
ICAM1,PARP1
ICAM1,PIK3C3
ICAM1,PTK2
ICAM1,SIRT1
ICAM1,SOD1
ICAM1,SOD2
ICAM1,SP1
ICAM1,SREBF2
ICAM1,TRAF6
ICAM1,VDAC1
ICAM1,VDAC2
ICOS,AKT1
ICOS,GNB3
ICOS,GNG7
ICOS,PTEN
ICOS,RHOA
IFNGR1,NOS3
IFNGR1,PTK2
IFNLR1,STAT1
IFNLR1,STAT3
IGF1R,ACP1
IGF1R,AKT2
IGF1R,AKT3
IGF1R,CASP1
IGF1R,CDC14A
IGF1R,CDC14B
IGF1R,CDC14C
IGF1R,CDC25A
IGF1R,CDC25B
IGF1R,CDC25C
IGF1R,CDKN3
IGF1R,DNAJC6
IGF1R,DUSP10
IGF1R,DUSP12
IGF1R,DUSP13
IGF1R,DUSP14
IGF1R,DUSP15
IGF1R,DUSP16
IGF1R,DUSP19
IGF1R,DUSP1
IGF1R,DUSP21
IGF1R,DUSP22
IGF1R,DUSP23
IGF1R,DUSP26
IGF1R,DUSP28
IGF1R,DUSP2
IGF1R,DUSP3
IGF1R,DUSP4
IGF1R,DUSP5
IGF1R,DUSP6
IGF1R,DUSP7
IGF1R,DUSP9
IGF1R,EPM2A
IGF1R,EYA1
IGF1R,EYA2
IGF1R,EYA3
IGF1R,EYA4
IGF1R,MTM1
IGF1R,MTMR3
IGF1R,MTMR4
IGF1R,PPFIA3
IGF1R,PTP4A1
IGF1R,PTP4A2
IGF1R,PTP4A3
IGF1R,PTPMT1
IGF1R,PTPN12
IGF1R,PTPN13
IGF1R,PTPN14
IGF1R,PTPN18
IGF1R,PTPN20
IGF1R,PTPN21
IGF1R,PTPN22
IGF1R,PTPN23
IGF1R,PTPN2
IGF1R,PTPN3
IGF1R,PTPN4
IGF1R,PTPN5
IGF1R,PTPN6
IGF1R,PTPN7
IGF1R,PTPN9
IGF1R,PTPRA
IGF1R,PTPRB
IGF1R,PTPRC
IGF1R,PTPRD
IGF1R,PTPRG
IGF1R,PTPRH
IGF1R,PTPRJ
IGF1R,PTPRK
IGF1R,PTPRM
IGF1R,PTPRN2
IGF1R,PTPRO
IGF1R,PTPRQ
IGF1R,PTPRR
IGF1R,PTPRS
IGF1R,PTPRT
IGF1R,PTPRU
IGF1R,PTPRZ1
IGF1R,PXN
IGF1R,PYCARD
IGF1R,RPS6KB1
IGF1R,SHC3
IGF1R,SSH1
IGF1R,SSH2
IGF1R,SSH3
IGF1R,STAT1
IGF1R,STAT2
IGF1R,STAT4
IGF1R,STAT5A
IGF1R,STAT5B
IGF1R,STAT6
IGF1R,TPTE2
IGF1R,TPTE
IL10RB,STAT1
IL10RB,STAT3
IL13,BECN1
IL13,CASP3
IL13,CASP9
IL13,CAV1
IL13,CDKN1A
IL13,IL1R1
IL13,MMP2
IL13,NOS3
IL13,NOTCH1
IL13,PTK2
IL13RA1,STAT1
IL13RA1,STAT3
IL13,TNFRSF1A
IL13,TRAF6
IL15RA,STAT3
IL17RD,MAPK1
IL18,BCL2
IL18,MMP2
IL18,PTK2
IL18R1,NFKB1
IL18R1,STAT3
IL18RAP,NFKB1
IL1R1,TAB2
IL1RAP,ABI1
IL1RAP,ABI2
IL1RAP,AKT1
IL1RAP,AKT2
IL1RAP,AKT3
IL1RAP,BAG4
IL1RAP,BAIAP2
IL1RAP,BCR
IL1RAP,BLNK
IL1RAP,BRK1
IL1RAP,BTK
IL1RAP,CD247
IL1RAP,CD28
IL1RAP,CD3G
IL1RAP,CD79A
IL1RAP,CD79B
IL1RAP,CD80
IL1RAP,CD86
IL1RAP,CNTRL
IL1RAP,CPSF6
IL1RAP,CUX1
IL1RAP,CYFIP1
IL1RAP,CYFIP2
IL1RAP,DAPP1
IL1RAP,ERLIN2
IL1RAP,FCGR1A
IL1RAP,FCGR2A
IL1RAP,FCGR3A
IL1RAP,FGFR1OP2
IL1RAP,FGFR1
IL1RAP,FGFR2
IL1RAP,FGFR3
IL1RAP,FGFR4
IL1RAP,FYN
IL1RAP,GAB1
IL1RAP,GAB2
IL1RAP,GNB1
IL1RAP,GNB2
IL1RAP,GNB3
IL1RAP,GNB4
IL1RAP,GNB5
IL1RAP,GNG10
IL1RAP,GNG11
IL1RAP,GNG12
IL1RAP,GNG13
IL1RAP,GNG2
IL1RAP,GNG3
IL1RAP,GNG4
IL1RAP,GNG5
IL1RAP,GNG7
IL1RAP,GNG8
IL1RAP,GNGT1
IL1RAP,GNGT2
IL1RAP,GRAP2
IL1RAP,GRB2
IL1RAP,IGHD
IL1RAP,IGHG1
IL1RAP,IGHG2
IL1RAP,IGHG3
IL1RAP,IGHG4
IL1RAP,IGHM
IL1RAP,IGHV1-2
IL1RAP,IGHV1-46
IL1RAP,IGHV1-69
IL1RAP,IGHV2-5
IL1RAP,IGHV2-70
IL1RAP,IGHV3-11
IL1RAP,IGHV3-13
IL1RAP,IGHV3-23
IL1RAP,IGHV3-30
IL1RAP,IGHV3-33
IL1RAP,IGHV3-48
IL1RAP,IGHV3-53
IL1RAP,IGHV3-7
IL1RAP,IGHV3-9
IL1RAP,IGHV4-34
IL1RAP,IGHV4-39
IL1RAP,IGHV4-59
IL1RAP,IGKC
IL1RAP,IGKV1-12
IL1RAP,IGKV1-16
IL1RAP,IGKV1-17
IL1RAP,IGKV1-33
IL1RAP,IGKV1-39
IL1RAP,IGKV1-5
IL1RAP,IGKV1D-12
IL1RAP,IGKV1D-16
IL1RAP,IGKV1D-33
IL1RAP,IGKV1D-39
IL1RAP,IGKV2-28
IL1RAP,IGKV2-29
IL1RAP,IGKV2-30
IL1RAP,IGKV2D-28
IL1RAP,IGKV2D-30
IL1RAP,IGKV2D-40
IL1RAP,IGKV3-11
IL1RAP,IGKV3-15
IL1RAP,IGKV3-20
IL1RAP,IGKV3D-20
IL1RAP,IGKV4-1
IL1RAP,IGKV5-2
IL1RAP,IGLC1
IL1RAP,IGLC2
IL1RAP,IGLC3
IL1RAP,IGLC6
IL1RAP,IGLC7
IL1RAP,IGLV1-40
IL1RAP,IGLV1-44
IL1RAP,IGLV1-47
IL1RAP,IGLV1-51
IL1RAP,IGLV2-11
IL1RAP,IGLV2-14
IL1RAP,IGLV2-23
IL1RAP,IGLV2-8
IL1RAP,IGLV3-19
IL1RAP,IGLV3-1
IL1RAP,IGLV3-21
IL1RAP,IGLV3-25
IL1RAP,IGLV3-27
IL1RAP,IGLV6-57
IL1RAP,IGLV7-43
IL1RAP,INPP5D
IL1RAP,INPP5J
IL1RAP,INPP5K
IL1RAP,INPPL1
IL1RAP,ITK
IL1RAP,KLB
IL1RAP,LAT2
IL1RAP,LAT
IL1RAP,LCK
IL1RAP,LCP2
IL1RAP,LRRFIP1
IL1RAP,MYO18A
IL1RAP,NCK1
IL1RAP,NCKAP1L
IL1RAP,NCKAP1
IL1RAP,PDPK1
IL1RAP,PLCG1
IL1RAP,PLCG2
IL1RAP,PTEN
IL1RAP,RAC1
IL1RAP,RHOA
IL1RAP,SH3KBP1
IL1RAP,SHC1
IL1RAP,SOS1
IL1RAP,SYK
IL1RAP,TEC
IL1RAP,TRIM24
IL1RAP,TXK
IL1RAP,VAV1
IL1RAP,VAV2
IL1RAP,VAV3
IL1RAP,WASF1
IL1RAP,WASF2
IL1RAP,WASF3
IL1RAP,ZMYM2
IL1RL1,AKT1
IL1RL1,GNB3
IL1RL1,GNG7
IL1RL1,PTEN
IL1RL1,RHOA
IL20RA,STAT1
IL20RA,STAT3
IL20RB,STAT1
IL2RA,DVL2
IL2RA,EGFR
IL2RA,LRP6
IL2RA,PTEN
IL2RB,DVL2
IL2RB,EGFR
IL2RB,LRP6
IL2RB,PTEN
IL2RG,DVL2
IL2RG,EGFR
IL2RG,LRP6
IL2RG,PTEN
IL3RA,CSF2RB
IL3RA,HRAS
IL3RA,IRS1
IL3RA,IRS2
IL3RA,KRAS
IL3RA,NRAS
IL3RA,PIK3CB
IL3RA,SLA2
IL3RA,SOS2
IL4R,STAT1
IL4R,STAT3
IL6R,MAPK1
IL7R,STAT3
INPP5K,AGTR1
INPP5K,DVL2
INSR,DUSP5
INSR,PTPRO
INSR,STAT1
INSR,STAT3
ITGA1,EGFR
ITGA1,KDR
ITGA2,EGFR
ITGA5,MAPK1
ITGA5,TP53
ITGA9,FYN
ITGA9,KCNJ15
ITGA9,PAOX
ITGAM,FYN
ITGAV,AFM
ITGAV,ANXA5
ITGAV,C9
ITGAV,CASP3
ITGAV,HBA1
ITGAV,HBA2
ITGAV,HBB
ITGAV,HNRNPK
ITGAV,HSPA8
ITGAV,KDR
ITGAV,PARK7
ITGAV,PFN1
ITGAV,PLAT
ITGAV,PRDX1
ITGAV,PRDX2
ITGAV,RHOA
ITGAV,TP53
ITGB1,KCNJ15
ITGB1,KDR
ITGB1,PAOX
ITGB3,RHOA
ITGB3,TP53
ITPR1,ANXA2
ITPR1,ANXA5
ITPR1,ATP2B1
ITPR1,CACNB2
ITPR1,MMP2
ITPR1,MMP9
ITPR1,PTK2
ITPR1,TRIM72
ITPR3,AKT1
ITPR3,ANXA2
ITPR3,CACNB2
ITPR3,MAPK1
ITPR3,TRIM72
JAG1,AKT1
JMJD6,COLGALT1
JMJD6,COLGALT2
JMJD6,SDHAF2
JMJD6,SDHA
JMJD6,SDHB
JMJD6,SDHC
JMJD6,SDHD
JMJD6,SUCLA2
JMJD6,SUCLG1
JMJD6,SUCLG2
KCNA3,ABCC9
KCND1,ABCC9
KCND2,ABCC9
KCNH1,ABCC9
KCNJ10,ABCC9
KCNJ15,ABCC9
KCNJ1,ABCC9
KCNJ2,ABCC9
KCNJ4,ABCC9
KCNN4,ABCC9
KCNN4,ANXA5
KCNN4,ATP2B1
KCNN4,MMP2
KCNN4,MMP9
KCNN4,PTK2
KCNQ1,ABCC9
KCNQ1,AHR
KCNQ1,BAK1
KCNQ1,CASP3
KCNQ1,CASP9
KCNQ1,EP300
KCNQ1,ESR1
KCNQ1,MMP2
KCNQ1,NFKB1
KCNQ1,PTK2
KCNQ3,ABCC9
KCNQ5,ABCC9
KDR,ABI1
KDR,ABI2
KDR,AKT2
KDR,AKT3
KDR,ALG2
KDR,ALOX5
KDR,ALPP
KDR,AOC1
KDR,ATP2B1
KDR,ATP2B4
KDR,AXL
KDR,BAG4
KDR,BAIAP2
KDR,BCR
KDR,BID
KDR,BLNK
KDR,BRK1
KDR,BTK
KDR,CASR
KDR,CD247
KDR,CD28
KDR,CD3G
KDR,CD79A
KDR,CD79B
KDR,CD80
KDR,CD86
KDR,CDC14A
KDR,CDC14B
KDR,CDC14C
KDR,CDC25A
KDR,CDC25B
KDR,CDC25C
KDR,CDK5R1
KDR,CDKN3
KDR,CHRNA7
KDR,CHRNB2
KDR,CNTRL
KDR,CPSF6
KDR,CUX1
KDR,CXCR2
KDR,CXCR3
KDR,CYFIP1
KDR,CYFIP2
KDR,CYP2E1
KDR,DAPP1
KDR,DNAJC6
KDR,DUSP10
KDR,DUSP12
KDR,DUSP13
KDR,DUSP14
KDR,DUSP15
KDR,DUSP16
KDR,DUSP19
KDR,DUSP1
KDR,DUSP21
KDR,DUSP22
KDR,DUSP23
KDR,DUSP26
KDR,DUSP28
KDR,DUSP2
KDR,DUSP3
KDR,DUSP4
KDR,DUSP5
KDR,DUSP6
KDR,DUSP7
KDR,DUSP9
KDR,EPM2A
KDR,ERLIN2
KDR,EYA1
KDR,EYA2
KDR,EYA3
KDR,EYA4
KDR,F2RL3
KDR,F8
KDR,FCGR1A
KDR,FCGR2A
KDR,FCGR3A
KDR,FGFR1OP2
KDR,FGFR1
KDR,FGFR2
KDR,FGFR3
KDR,FGFR4
KDR,GAB2
KDR,GABBR1
KDR,GABBR2
KDR,GNB1
KDR,GNB2
KDR,GNB3
KDR,GNB4
KDR,GNB5
KDR,GNG10
KDR,GNG11
KDR,GNG12
KDR,GNG13
KDR,GNG2
KDR,GNG3
KDR,GNG4
KDR,GNG5
KDR,GNG7
KDR,GNG8
KDR,GNGT1
KDR,GNGT2
KDR,GRAP2
KDR,IGHD
KDR,IGHG1
KDR,IGHG2
KDR,IGHG3
KDR,IGHG4
KDR,IGHM
KDR,IGHV1-2
KDR,IGHV1-46
KDR,IGHV1-69
KDR,IGHV2-5
KDR,IGHV2-70
KDR,IGHV3-11
KDR,IGHV3-13
KDR,IGHV3-23
KDR,IGHV3-30
KDR,IGHV3-33
KDR,IGHV3-48
KDR,IGHV3-53
KDR,IGHV3-7
KDR,IGHV3-9
KDR,IGHV4-34
KDR,IGHV4-39
KDR,IGHV4-59
KDR,IGKC
KDR,IGKV1-12
KDR,IGKV1-16
KDR,IGKV1-17
KDR,IGKV1-33
KDR,IGKV1-39
KDR,IGKV1-5
KDR,IGKV1D-12
KDR,IGKV1D-16
KDR,IGKV1D-33
KDR,IGKV1D-39
KDR,IGKV2-28
KDR,IGKV2-29
KDR,IGKV2-30
KDR,IGKV2D-28
KDR,IGKV2D-30
KDR,IGKV2D-40
KDR,IGKV3-11
KDR,IGKV3-15
KDR,IGKV3-20
KDR,IGKV3D-20
KDR,IGKV4-1
KDR,IGKV5-2
KDR,IGLC1
KDR,IGLC2
KDR,IGLC3
KDR,IGLC6
KDR,IGLC7
KDR,IGLV1-40
KDR,IGLV1-44
KDR,IGLV1-47
KDR,IGLV1-51
KDR,IGLV2-11
KDR,IGLV2-14
KDR,IGLV2-23
KDR,IGLV2-8
KDR,IGLV3-19
KDR,IGLV3-1
KDR,IGLV3-21
KDR,IGLV3-25
KDR,IGLV3-27
KDR,IGLV6-57
KDR,IGLV7-43
KDR,INPP5D
KDR,INPP5J
KDR,INPP5K
KDR,INPPL1
KDR,ITGB1BP2
KDR,ITIH1
KDR,ITK
KDR,KLB
KDR,LAT2
KDR,LAT
KDR,LCK
KDR,LCP2
KDR,LRRFIP1
KDR,MAPK12
KDR,MAPK13
KDR,MAPK14
KDR,MARCO
KDR,MGP
KDR,MMP2
KDR,MMP9
KDR,MTM1
KDR,MTMR3
KDR,MTMR4
KDR,MYO18A
KDR,NCKAP1L
KDR,NCKAP1
KDR,OCLN
KDR,P2RX7
KDR,PAK2
KDR,PCDH19
KDR,PDPK1
KDR,PIK3C2A
KDR,PIK3C2B
KDR,PIK3C3
KDR,PPFIA3
KDR,PRLR
KDR,PTEN
KDR,PTP4A1
KDR,PTP4A2
KDR,PTP4A3
KDR,PTPMT1
KDR,PTPN12
KDR,PTPN13
KDR,PTPN14
KDR,PTPN18
KDR,PTPN1
KDR,PTPN20
KDR,PTPN21
KDR,PTPN22
KDR,PTPN23
KDR,PTPN3
KDR,PTPN4
KDR,PTPN5
KDR,PTPN7
KDR,PTPN9
KDR,PTPRA
KDR,PTPRD
KDR,PTPRE
KDR,PTPRF
KDR,PTPRH
KDR,PTPRK
KDR,PTPRM
KDR,PTPRN2
KDR,PTPRO
KDR,PTPRQ
KDR,PTPRR
KDR,PTPRS
KDR,PTPRT
KDR,PTPRU
KDR,PTPRZ1
KDR,RYR1
KDR,S100A13
KDR,S100A2
KDR,SH3KBP1
KDR,SOD1
KDR,SSH1
KDR,SSH2
KDR,SSH3
KDR,STAT2
KDR,STAT4
KDR,STAT5A
KDR,STAT5B
KDR,STAT6
KDR,SUGT1
KDR,SYK
KDR,TEC
KDR,TJP1
KDR,TNFAIP6
KDR,TNNC1
KDR,TPTE2
KDR,TPTE
KDR,TRIM24
KDR,TRPA1
KDR,TRPC1
KDR,TRPC6
KDR,TRPV1
KDR,TRPV5
KDR,TRPV6
KDR,TXK
KDR,VAV1
KDR,VAV2
KDR,VAV3
KDR,WASF1
KDR,WASF2
KDR,WASF3
KDR,ZMYM2
KIAA1549,MAPK1
KIT,AKT1
KIT,DUSP5
KIT,GNB3
KIT,GNG7
KIT,PTEN
KIT,RHOA
KL,AKT1
KLB,AKT1
KLB,PTEN
KLB,RHOA
KL,CYP24A1
KL,PTEN
KLRC2,AKT1
KLRC2,GNB3
KLRC2,GNG7
KLRC2,PTEN
KLRC2,RHOA
KLRD1,ABI1
KLRD1,ABI2
KLRD1,AKT1
KLRD1,AKT2
KLRD1,AKT3
KLRD1,BAG4
KLRD1,BAIAP2
KLRD1,BCR
KLRD1,BLNK
KLRD1,BRK1
KLRD1,BTK
KLRD1,CD247
KLRD1,CD28
KLRD1,CD3G
KLRD1,CD79A
KLRD1,CD79B
KLRD1,CD80
KLRD1,CD86
KLRD1,CNTRL
KLRD1,CPSF6
KLRD1,CUX1
KLRD1,CYFIP1
KLRD1,CYFIP2
KLRD1,DAPP1
KLRD1,ERLIN2
KLRD1,FCGR1A
KLRD1,FCGR2A
KLRD1,FCGR3A
KLRD1,FGFR1OP2
KLRD1,FGFR1
KLRD1,FGFR2
KLRD1,FGFR3
KLRD1,FGFR4
KLRD1,FYN
KLRD1,GAB1
KLRD1,GAB2
KLRD1,GNB1
KLRD1,GNB2
KLRD1,GNB3
KLRD1,GNB4
KLRD1,GNB5
KLRD1,GNG10
KLRD1,GNG11
KLRD1,GNG12
KLRD1,GNG13
KLRD1,GNG2
KLRD1,GNG3
KLRD1,GNG4
KLRD1,GNG5
KLRD1,GNG7
KLRD1,GNG8
KLRD1,GNGT1
KLRD1,GNGT2
KLRD1,GRAP2
KLRD1,GRB2
KLRD1,IGHD
KLRD1,IGHG1
KLRD1,IGHG2
KLRD1,IGHG3
KLRD1,IGHG4
KLRD1,IGHM
KLRD1,IGHV1-2
KLRD1,IGHV1-46
KLRD1,IGHV1-69
KLRD1,IGHV2-5
KLRD1,IGHV2-70
KLRD1,IGHV3-11
KLRD1,IGHV3-13
KLRD1,IGHV3-23
KLRD1,IGHV3-30
KLRD1,IGHV3-33
KLRD1,IGHV3-48
KLRD1,IGHV3-53
KLRD1,IGHV3-7
KLRD1,IGHV3-9
KLRD1,IGHV4-34
KLRD1,IGHV4-39
KLRD1,IGHV4-59
KLRD1,IGKC
KLRD1,IGKV1-12
KLRD1,IGKV1-16
KLRD1,IGKV1-17
KLRD1,IGKV1-33
KLRD1,IGKV1-39
KLRD1,IGKV1-5
KLRD1,IGKV1D-12
KLRD1,IGKV1D-16
KLRD1,IGKV1D-33
KLRD1,IGKV1D-39
KLRD1,IGKV2-28
KLRD1,IGKV2-29
KLRD1,IGKV2-30
KLRD1,IGKV2D-28
KLRD1,IGKV2D-30
KLRD1,IGKV2D-40
KLRD1,IGKV3-11
KLRD1,IGKV3-15
KLRD1,IGKV3-20
KLRD1,IGKV3D-20
KLRD1,IGKV4-1
KLRD1,IGKV5-2
KLRD1,IGLC1
KLRD1,IGLC2
KLRD1,IGLC3
KLRD1,IGLC6
KLRD1,IGLC7
KLRD1,IGLV1-40
KLRD1,IGLV1-44
KLRD1,IGLV1-47
KLRD1,IGLV1-51
KLRD1,IGLV2-11
KLRD1,IGLV2-14
KLRD1,IGLV2-23
KLRD1,IGLV2-8
KLRD1,IGLV3-19
KLRD1,IGLV3-1
KLRD1,IGLV3-21
KLRD1,IGLV3-25
KLRD1,IGLV3-27
KLRD1,IGLV6-57
KLRD1,IGLV7-43
KLRD1,INPP5D
KLRD1,INPP5J
KLRD1,INPP5K
KLRD1,INPPL1
KLRD1,ITK
KLRD1,KLB
KLRD1,LAT2
KLRD1,LAT
KLRD1,LCK
KLRD1,LCP2
KLRD1,LRRFIP1
KLRD1,MYO18A
KLRD1,NCK1
KLRD1,NCKAP1L
KLRD1,NCKAP1
KLRD1,PDPK1
KLRD1,PLCG1
KLRD1,PLCG2
KLRD1,PTEN
KLRD1,RAC1
KLRD1,RHOA
KLRD1,SH3KBP1
KLRD1,SHC1
KLRD1,SOS1
KLRD1,SYK
KLRD1,TEC
KLRD1,TRIM24
KLRD1,TXK
KLRD1,VAV1
KLRD1,VAV2
KLRD1,VAV3
KLRD1,WASF1
KLRD1,WASF2
KLRD1,WASF3
KLRD1,ZMYM2
KL,RHOA
KLRK1,AKT1
KLRK1,GNB3
KLRK1,GNG7
KLRK1,PTEN
KLRK1,RHOA
KL,RXRA
KL,VDR
LAMA4,MET
LAMA4,PTK2
LDLR,ABCG1
LDLR,AGTR1
LDLR,CASP3
LDLR,EGFR
LDLR,GNB3
LDLR,GSTT1
LDLR,NFKB1
LDLR,PTK2
LDLR,RXRA
LEPR,ABCG5
LEPR,ABCG8
LEPR,AHR
LEPR,AKR1C2
LEPR,AKR1C3
LEPR,AKR1C4
LEPR,AKR1D1
LEPR,APOA1
LEPR,AR
LEPR,BID
LEPR,CASP3
LEPR,CDK2
LEPR,CDKN1A
LEPR,CDKN1B
LEPR,CHRNA4
LEPR,CHRNB2
LEPR,CRHR1
LEPR,CYP17A1
LEPR,CYP2C9
LEPR,ESR2
LEPR,FOXO1
LEPR,HNF4A
LEPR,HSD17B10
LEPR,IGFBP1
LEPR,IGFBP2
LEPR,LDLR
LEPR,MMP3
LEPR,NCOA1
LEPR,NOX1
LEPR,NR1I2
LEPR,NR1I3
LEPR,NR3C1
LEPR,ORM2
LEPR,PCK1
LEPR,PGR
LEPR,PTK2
LEPR,SCARB1
LEPR,SRD5A1
LEPR,STAT5A
LEPR,STAT5B
LGALS1,ATP5PF
LGALS1,BID
LGALS1,CASP3
LGALS1,MMP2
LGALS1,PARP1
LGALS1,PTK2
LGALS1,TP53
LGALS3,BCL2L1
LGALS3,MCL1
LHCGR,ESR1
LPAR1,CASP3
LPAR1,EGFR
LPAR1,NFE2L2
LPAR1,NFKB1
LPAR1,PTK2
LRP10,GPC4
LRP1,CASP9
LRP1,GPC4
LRP1,TP53
LRP2,GPC4
LRP5,GNB3
LRP5,GNG7
LRP6,ARR3
LRP6,ARRB1
LRP6,ARRB2
LRP6,DACT1
LRP6,FZD6
LRP6,GNA11
LRP6,GNA14
LRP6,GNA15
LRP6,GNAQ
LRP6,GNB2
LRP6,GNB3
LRP6,GNB4
LRP6,GNG10
LRP6,GNG12
LRP6,GNG13
LRP6,GNG3
LRP6,GNG4
LRP6,GNG5
LRP6,GNG7
LRP6,GNG8
LRP6,PPP2CA
LRP6,PPP2CB
LRP6,PPP2R1A
LRP6,PPP2R1B
LRP6,PPP2R5B
LRP6,PPP2R5C
LRP6,PPP2R5D
LRP6,PPP2R5E
LRP6,SAG
LRP8,GPC4
LTK,AKT1
LTK,DUSP5
LTK,PTEN
LTK,PTPN11
LTK,PTPRO
LTK,STAT1
LY96,CASP8
LY96,IRAK1
MCHR1,MAPK1
MERTK,DUSP5
MERTK,PTEN
MERTK,PTPN11
MERTK,PTPRO
MET,ABI1
MET,ACP1
MET,AKT2
MET,AKT3
MET,BAG4
MET,BAIAP2
MET,BCAR1
MET,BLNK
MET,BRK1
MET,BTK
MET,CD247
MET,CD28
MET,CD3G
MET,CD79A
MET,CD79B
MET,CD80
MET,CD86
MET,CDC14A
MET,CDC14B
MET,CDC14C
MET,CDC25A
MET,CDC25B
MET,CDC25C
MET,CDKN3
MET,CNTRL
MET,CPSF6
MET,CRK
MET,CUX1
MET,CYFIP1
MET,CYFIP2
MET,DAPP1
MET,DNAJC6
MET,DUSP10
MET,DUSP12
MET,DUSP13
MET,DUSP14
MET,DUSP15
MET,DUSP16
MET,DUSP19
MET,DUSP1
MET,DUSP21
MET,DUSP22
MET,DUSP23
MET,DUSP26
MET,DUSP28
MET,DUSP2
MET,DUSP3
MET,DUSP4
MET,DUSP5
MET,DUSP6
MET,DUSP7
MET,DUSP9
MET,EPM2A
MET,ERLIN2
MET,EYA1
MET,EYA2
MET,EYA3
MET,EYA4
MET,FCGR1A
MET,FCGR2A
MET,FCGR3A
MET,FGFR1OP2
MET,FGFR1
MET,FGFR2
MET,FGFR3
MET,FGFR4
MET,GAB2
MET,GNB1
MET,GNB2
MET,GNB3
MET,GNB4
MET,GNB5
MET,GNG10
MET,GNG11
MET,GNG12
MET,GNG13
MET,GNG2
MET,GNG3
MET,GNG4
MET,GNG5
MET,GNG7
MET,GNG8
MET,GNGT1
MET,GNGT2
MET,GRAP2
MET,IGHD
MET,IGHG1
MET,IGHG2
MET,IGHG3
MET,IGHG4
MET,IGHM
MET,IGHV1-2
MET,IGHV1-46
MET,IGHV1-69
MET,IGHV2-5
MET,IGHV2-70
MET,IGHV3-11
MET,IGHV3-13
MET,IGHV3-23
MET,IGHV3-30
MET,IGHV3-33
MET,IGHV3-48
MET,IGHV3-53
MET,IGHV3-7
MET,IGHV3-9
MET,IGHV4-34
MET,IGHV4-39
MET,IGHV4-59
MET,IGKC
MET,IGKV1-12
MET,IGKV1-16
MET,IGKV1-17
MET,IGKV1-33
MET,IGKV1-39
MET,IGKV1-5
MET,IGKV1D-12
MET,IGKV1D-16
MET,IGKV1D-33
MET,IGKV1D-39
MET,IGKV2-28
MET,IGKV2-29
MET,IGKV2-30
MET,IGKV2D-28
MET,IGKV2D-30
MET,IGKV2D-40
MET,IGKV3-11
MET,IGKV3-15
MET,IGKV3-20
MET,IGKV3D-20
MET,IGKV4-1
MET,IGKV5-2
MET,IGLC1
MET,IGLC2
MET,IGLC3
MET,IGLC6
MET,IGLC7
MET,IGLV1-40
MET,IGLV1-44
MET,IGLV1-47
MET,IGLV1-51
MET,IGLV2-11
MET,IGLV2-14
MET,IGLV2-23
MET,IGLV2-8
MET,IGLV3-19
MET,IGLV3-1
MET,IGLV3-21
MET,IGLV3-25
MET,IGLV3-27
MET,IGLV6-57
MET,IGLV7-43
MET,INPP5J
MET,INPP5K
MET,ITK
MET,KLB
MET,LAT2
MET,LAT
MET,LCK
MET,LCP2
MET,LRRFIP1
MET,MTM1
MET,MTMR3
MET,MTMR4
MET,MYO18A
MET,NCKAP1L
MET,NCKAP1
MET,PDPK1
MET,PLAUR
MET,PLCG2
MET,PPFIA3
MET,PTEN
MET,PTP4A1
MET,PTP4A2
MET,PTP4A3
MET,PTPMT1
MET,PTPN12
MET,PTPN14
MET,PTPN18
MET,PTPN20
MET,PTPN21
MET,PTPN22
MET,PTPN23
MET,PTPN3
MET,PTPN4
MET,PTPN5
MET,PTPN6
MET,PTPN7
MET,PTPN9
MET,PTPRA
MET,PTPRC
MET,PTPRD
MET,PTPRE
MET,PTPRH
MET,PTPRK
MET,PTPRM
MET,PTPRN2
MET,PTPRO
MET,PTPRQ
MET,PTPRR
MET,PTPRS
MET,PTPRT
MET,PTPRU
MET,PTPRZ1
MET,RAC1
MET,RAP1A
MET,RAP1B
MET,RRAS
MET,SHC3
MET,SOS1
MET,SSH1
MET,SSH2
MET,SSH3
MET,STAT1
MET,STAT2
MET,STAT4
MET,STAT5A
MET,STAT5B
MET,STAT6
MET,SYK
MET,TEC
MET,TPTE2
MET,TPTE
MET,TRIM24
MET,TXK
MET,VAV2
MET,VAV3
MET,WASF1
MET,WASF2
MET,WASF3
MET,ZMYM2
MMP2,ACAN
MMP2,EPHB1
MMP2,EPHB3
MMP2,EPHB4
MMP2,EPHB6
MMP2,IGFALS
MMP2,MMP9
MMP2,OPTC
MMP2,SCUBE3
MST1R,DUSP5
MST1R,PTPN11
MST1R,PTPRO
MTNR1B,ESR1
MTNR1B,PGR
MTNR1B,TRAF6
MUC1,BAK1
MUC1,BAX
MUC1,CASP3
MUC1,CASP9
MUC1,MAPK1
MUSK,DUSP5
MUSK,PTEN
MUSK,PTPN11
MYLK,MYH10
MYLK,MYH11
MYLK,MYH13
MYLK,MYH14
MYLK,MYH1
MYLK,MYH2
MYLK,MYH3
MYLK,MYH4
MYLK,MYH6
MYLK,MYH7B
MYLK,MYH7
MYLK,MYH8
MYLK,MYH9
MYLK,MYL6
MYLK,MYO3A
MYLK,MYO3B
MYLK,PTK2
NCAM1,HRAS
NCAM1,KRAS
NCAM1,NRAS
NCL,DCAF13
NECTIN3,CLDN1
NGFR,AKT1
NGFR,CASP3
NGFR,STAT1
NGFR,STAT3
NOTCH1,CIR1
NOTCH1,MMP2
NOTCH1,NCOR2
NOTCH1,RB1
NOTCH1,RPS6KB1
NOTCH1,STAT3
NPR1,PDE10A
NPR2,PDE10A
NR3C2,EP300
NR3C2,ESR1
NR3C2,HSD11B2
NR3C2,NFE2L2
NRP1,CDK5
NRP1,CRMP1
NRP1,DPYSL2
NRP1,DPYSL3
NRP1,DPYSL4
NRP1,DPYSL5
NRP1,FES
NRP1,FRK
NRP1,FYN
NRP1,LIMK1
NRP1,PAK1
NRP1,PAK2
NRP1,PAK3
NRP1,RHOA
NRP1,RRAS
NT5E,ADAT3
NT5E,ADA
NT5E,CDA
NT5E,GAPDHS
NT5E,GAPDH
NT5E,GDPGP1
NT5E,MTAP
NT5E,MTHFD1L
NT5E,MTHFD1
NT5E,OTC
NT5E,PCK1
NT5E,PHKA1
NT5E,PHKA2
NT5E,PHKB
NT5E,PHKG1
NT5E,PHKG2
NT5E,PYGB
NT5E,PYGL
NT5E,PYGM
NT5E,SUCLA2
NT5E,SUCLG1
NT5E,UPP1
NT5E,UPP2
NTNG1,PIK3CD
NTNG2,PIK3CD
NTRK1,AKT1
NTRK1,DUSP5
NTRK1,PTEN
NTRK1,PTPRO
NTRK1,STAT1
NTRK2,AKT1
NTRK2,DUSP5
NTRK2,GNB3
NTRK2,GNG7
NTRK2,PTEN
NTRK2,PTPRO
NTRK2,RHOA
NTRK3,BAX
NTRK3,DUSP5
NTRK3,GNB3
NTRK3,GNG7
NTRK3,PTEN
NTRK3,PTPN11
NTRK3,RHOA
OPRD1,MAPK1
OPRM1,MAPK1
ORAI2,ANXA2
ORAI2,TRIM72
P2RX4,ANXA2
P2RX4,TRIM72
P2RX6,ANXA2
P2RX6,TRIM72
P2RX7,ABCC9
P2RX7,ANXA2
P2RX7,TRIM72
P2RY1,ANXA5
P2RY1,ATP2B1
P2RY1,MMP2
P2RY1,MMP9
P2RY1,PTK2
P2RY2,ANXA5
P2RY2,ATP2B1
P2RY2,MMP2
P2RY2,MMP9
P2RY4,ANXA5
P2RY4,ATP2B1
P2RY4,MMP2
P2RY4,MMP9
P2RY4,PTK2
PDCD1,CD3D
PDCD1,CD3E
PDCD1,CD3G
PDCD1,HLA-DPA1
PDCD1,HLA-DRB1
PDCD1LG2,HLA-DRB1
PDCD1,TRAC
PDCD1,TRAV19
PDCD1,TRAV29DV5
PDCD1,TRAV8-4
PDCD1,TRBC1
PDCD1,TRBV12-3
PDCD1,TRBV7-9
PDE1A,ACSL4
PDE1A,ASS1
PDE1A,NME4
PDE1B,ACSL4
PDE1B,ASS1
PDE1B,NME4
PDE1C,ACSL4
PDE1C,ASS1
PDE1C,NME4
PDGFRA,AKT1
PDGFRA,DUSP5
PDGFRA,GNB3
PDGFRA,GNG7
PDGFRA,PTEN
PDGFRA,PTPRO
PDGFRA,RHOA
PDGFRB,BCL2
PDGFRB,CASP3
PDGFRB,CASP8
PDGFRB,DUSP5
PDGFRB,GNB3
PDGFRB,GNG7
PDGFRB,GSTM1
PDGFRB,GSTT1
PDGFRB,LRP6
PDGFRB,MMP2
PDGFRB,MMP9
PDGFRB,MPO
PDGFRB,NFKB1
PDGFRB,PTPRO
PDGFRB,RHOA
PDGFRB,SIRT1
PGR,CDC25C
PGR,CDK1
PGR,MTOR
PGR,SP1
PGR,SP3
PIK3CB,AGTR1
PIK3CB,LRP6
PIK3CB,STAT3
PKD1,ALG2
PKD1,ALOX5
PKD1,ALPP
PKD1,ANXA5
PKD1,AOC1
PKD1,ATP2B1
PKD1,ATP2B4
PKD1,BID
PKD1,CASR
PKD1,CDK5R1
PKD1,CHRNA7
PKD1,CHRNB2
PKD1,CXCR3
PKD1,CYP2E1
PKD1,F2RL3
PKD1,F8
PKD1,GABBR1
PKD1,GABBR2
PKD1,ITGB1BP2
PKD1,ITIH1
PKD1,MARCO
PKD1,MGP
PKD1,MMP2
PKD1,MMP9
PKD1,OCLN
PKD1,P2RX7
PKD1,PCDH19
PKD1,PRLR
PKD1,RYR1
PKD1,S100A13
PKD1,S100A2
PKD1,SOD1
PKD1,SUGT1
PKD1,TJP1
PKD1,TNFAIP6
PKD1,TNNC1
PKD1,TRPA1
PKD1,TRPC1
PKD1,TRPC6
PKD1,TRPV1
PKD1,TRPV5
PKD1,TRPV6
PKD2,ALG2
PKD2,ALOX5
PKD2,ALPP
PKD2,ANXA5
PKD2,AOC1
PKD2,ATP2B1
PKD2,ATP2B4
PKD2,BID
PKD2,CASR
PKD2,CDK5R1
PKD2,CHRNA7
PKD2,CHRNB2
PKD2,CXCR2
PKD2,CXCR3
PKD2,CYP2E1
PKD2,F2RL3
PKD2,F8
PKD2,GABBR1
PKD2,GABBR2
PKD2,ITGB1BP2
PKD2,ITIH1
PKD2,MARCO
PKD2,MGP
PKD2,MMP2
PKD2,MMP9
PKD2,OCLN
PKD2,P2RX7
PKD2,PCDH19
PKD2,PRLR
PKD2,PTK2
PKD2,RYR1
PKD2,S100A13
PKD2,S100A2
PKD2,SOD1
PKD2,SUGT1
PKD2,TJP1
PKD2,TNFAIP6
PKD2,TNNC1
PKD2,TRPA1
PKD2,TRPC6
PKD2,TRPV1
PKD2,TRPV5
PKD2,TRPV6
PLD1,BAX
PLD1,CASP3
PLD1,CASP9
PLD1,CYP19A1
PLD1,EP300
PLD1,HIF1A
PLD1,MMP9
PLD1,MTOR
PLD1,PTK2
PLD1,SIRT1
PLD2,BAX
PLD2,CASP3
PLD2,CASP9
PLD2,CYP19A1
PLD2,EP300
PLD2,HIF1A
PLD2,MMP9
PLD2,PIK3CD
PLD2,SIRT1
PLXNA1,RHOA
PPARA,CASP3
PPARA,CEACAM1
PPARA,ENO2
PPARA,EP300
PPARA,HBB
PPARA,HIF1A
PPARA,HSPB1
PPARA,PTK2
PPARA,SIRT1
PPARA,SLC2A1
PPARA,SOD2
PPARD,NOS3
PPARG,ABCB1
PPARG,ABCC1
PPARG,ABCC4
PPARG,ABCC6
PPARG,ABCG1
PPARG,ABCG5
PPARG,ABCG8
PPARG,ALK
PPARG,AMBP
PPARG,APOA1
PPARG,APP
PPARG,ATG12
PPARG,ATG5
PPARG,ATP5PF
PPARG,BCL2
PPARG,BID
PPARG,BTG2
PPARG,CAMK2G
PPARG,CASP1
PPARG,CASP3
PPARG,CASP4
PPARG,CASP7
PPARG,CASP8
PPARG,CASP9
PPARG,CAV3
PPARG,CCNA2
PPARG,CCNE1
PPARG,CCNH
PPARG,CDKN1B
PPARG,CEBPA
PPARG,CEBPB
PPARG,CEBPE
PPARG,CES1
PPARG,CFTR
PPARG,CHORDC1
PPARG,CLEC4E
PPARG,CRABP2
PPARG,CSNK2B
PPARG,CYCS
PPARG,CYP11A1
PPARG,CYP1A1
PPARG,CYP26C1
PPARG,CYP2C8
PPARG,CYP46A1
PPARG,CYP7A1
PPARG,DAXX
PPARG,DFFA
PPARG,DPYSL2
PPARG,DRD2
PPARG,ELANE
PPARG,FGFR4
PPARG,FOLR2
PPARG,FOS
PPARG,GJA1
PPARG,GUCY1A1
PPARG,GUCY1B1
PPARG,HAS2
PPARG,HNF4A
PPARG,HPRT1
PPARG,IDO1
PPARG,IGF2R
PPARG,ITGAV
PPARG,ITGB1BP2
PPARG,ITGB1
PPARG,LCAT
PPARG,LDLR
PPARG,MAPT
PPARG,MMP2
PPARG,MSR1
PPARG,MT1A
PPARG,NFIA
PPARG,NOLC1
PPARG,NPC1
PPARG,NPM1
PPARG,NR1I3
PPARG,NR4A1
PPARG,NR6A1
PPARG,OAS1
PPARG,P2RY11
PPARG,P2RY1
PPARG,P2RY4
PPARG,PANX1
PPARG,PARP1
PPARG,PAX3
PPARG,PCNA
PPARG,PDK4
PPARG,PIK3CA
PPARG,PIK3R1
PPARG,PML
PPARG,PON1
PPARG,POU2F1
PPARG,PPP2CA
PPARG,PPP5C
PPARG,PRAME
PPARG,PRMT1
PPARG,PTK2
PPARG,RARA
PPARG,RARB
PPARG,RARG
PPARG,RB1
PPARG,RBL2
PPARG,RBP1
PPARG,SCN2A
PPARG,SELL
PPARG,SIN3A
PPARG,SLCO1A2
PPARG,SNAP25
PPARG,SPI1
PPARG,SPTAN1
PPARG,SUGT1
PPARG,TDGF1
PPARG,TK1
PPARG,TMEM97
PPARG,TP53
PPARG,TUBB3
PPARG,VDR
PPARG,XAF1
PPARG,ZMYND8
PRLR,PTPN11
PRNP,MAPK1
PRNP,MMP2
PTGDR2,ANXA5
PTGDR2,ATP2B1
PTGDR2,MMP2
PTGDR2,MMP9
PTGDR2,PTK2
PTGER2,ESR1
PTGER2,PTK2
PTGER4,ESR1
PTGER4,PTK2
PTGIR,ANXA5
PTGIR,ATP2B1
PTGIR,MMP2
PTGIR,MMP9
PTGIR,PTK2
PTK2B,DUSP5
PTK2B,PIK3CD
PTK2B,PTPRO
PTK2B,STAT1
PTK7,DUSP5
PTK7,PTEN
PTK7,PTPRO
PTPN6,AKT1
PTPN6,BCL6
PTPN6,IL1R1
PTPN6,IL1RAP
PTPN6,STAT1
PTPRC,BCL6
PTPRC,HLA-DRB1
PTPRC,STAT3
PTPRD,AHR
PTPRD,BAK1
PTPRD,CASP3
PTPRD,CASP9
PTPRD,EP300
PTPRD,ESR1
PTPRD,MMP2
PTPRD,NFKB1
PTPRJ,HLA-DRB1
PTPRO,GAPDHS
PTPRO,GAPDH
PTPRO,GDPGP1
PTPRO,MTAP
PTPRO,MTHFD1L
PTPRO,MTHFD1
PTPRO,OTC
PTPRO,PCK1
PTPRO,PHKA1
PTPRO,PHKA2
PTPRO,PHKB
PTPRO,PHKG1
PTPRO,PHKG2
PTPRO,PNP
PTPRO,PYGB
PTPRO,PYGL
PTPRO,PYGM
PTPRO,SUCLA2
PTPRO,SUCLG1
PTPRO,TPST1
PTPRO,TPST2
PTPRO,UPP1
PTPRO,UPP2
RACK1,XIAP
RET,DUSP5
RET,MMP2
RET,PTEN
RET,PTPRO
RIPK1,CASP3
RIPK1,PIK3CD
RIPK1,STAT1
RIPK1,STAT3
ROBO1,RHOA
ROR1,DUSP5
ROR1,PTEN
ROR1,PTPN11
ROR1,PTPRO
ROR2,DUSP5
ROR2,PTEN
ROR2,PTPN11
ROR2,PTPRO
RORC,HIF1A
RXRA,AACS
RXRA,AASDHPPT
RXRA,ACLY
RXRA,ACSBG1
RXRA,ACSBG2
RXRA,ACSS2
RXRA,ACTN2
RXRA,AKAP1
RXRA,APP
RXRA,CAMK2A
RXRA,CAMK2B
RXRA,CAMK2D
RXRA,CAMK2G
RXRA,DLAT
RXRA,DLD
RXRA,DLG1
RXRA,DLG2
RXRA,DLG3
RXRA,DLG4
RXRA,FABP6
RXRA,GRIN1
RXRA,GRIN2A
RXRA,GRIN2B
RXRA,GRIN2C
RXRA,GRIN2D
RXRA,HDAC8
RXRA,HSD3B7
RXRA,LRRC7
RXRA,MORC2
RXRA,NEFL
RXRA,PDHA1
RXRA,PDHA2
RXRA,PDHB
RXRA,PDHX
RXRA,SLC17A3
RXRA,SLC24A5
RXRA,SLC25A16
RXRA,SLC27A2
RXRA,SLC27A5
RXRA,SLC8A3
RXRA,SLC9A6
RXRA,SLC9A7
RXRA,SLC9A8
RXRA,SLC9A9
RYK,AKT1
RYK,DUSP5
RYK,PTEN
RYK,PTPN11
RYK,PTPRO
RYK,STAT1
RYK,STAT3
RYR1,ANXA2
RYR1,ANXA5
RYR1,ATP2B1
RYR1,CACNB2
RYR1,MMP2
RYR1,MMP9
RYR1,PTK2
RYR1,TRIM72
RYR2,ANXA2
RYR2,CACNB2
RYR2,TRIM72
S1PR2,EGFR
SDC2,CASP3
SDC2,STAT3
SDC4,MAPK1
SFRP1,LRP6
SFRP5,ATP5PF
SFRP5,BCL2
SFRP5,BID
SFRP5,CASP3
SFRP5,FSTL1
SFRP5,MMP2
SFRP5,PARP1
SFRP5,PTK2
SFRP5,TP53
SIGIRR,STAT3
SLC16A1,BCL2
SLC16A1,BIRC5
SLC16A1,CASP3
SLC16A1,CASP8
SLC16A1,CASP9
SLC16A1,CDKN1A
SLC16A1,HSPA8
SLC16A1,PTK2
SLC16A1,STAT3
SLC16A2,CDKN1A
SLC16A7,AQP9
SLC18A2,PTK2
SLC1A5,GCLM
SLC2A2,ACSL4
SLC2A2,PTK2
SLC45A3,SLC2A1
SLC9A1,ATM
SLC9A1,BAX
SLC9A1,BIRC5
SLC9A1,CASP3
SLC9A1,CASP8
SLC9A1,CASP9
SLC9A1,CDKN1A
SLC9A1,CREBBP
SLC9A1,CTPS1
SLC9A1,DNMT1
SLC9A1,E2F1
SLC9A1,EIF2AK2
SLC9A1,ESR1
SLC9A1,FAS
SLC9A1,FTL
SLC9A1,FTMT
SLC9A1,HDAC2
SLC9A1,HIF1A
SLC9A1,KEAP1
SLC9A1,LMNA
SLC9A1,NFKB1
SLC9A1,PGR
SLC9A1,PTK2
SLC9A1,TP53
SMAD2,CASP3
SMAD2,CYP17A1
SMAD2,FOXO1
SMAD2,IGFBP1
SMAD2,PGR
SMAD2,PTK2
SMAD3,AHR
SMAD3,CASP3
SMAD3,CYP17A1
SMAD3,IGFBP1
SMAD3,PGR
SMAD3,PTK2
SMPD2,BAX
SMPD2,NFKB1
SMPD2,PLAT
SMPD2,TP53
SPHK1,ANXA5
SPHK1,ATP2B1
SPHK1,MMP2
SPHK1,MMP9
SPHK1,NFKB1
SPHK1,PTK2
SPHK1,RASA1
SPHK1,TP53
SSTR2,ESR1
SSTR2,PTK2
STRA6,PTK2
STX1A,HSPA8
STX3,COMT
STX4,AQP3
TAAR1,ESR1
TAAR1,PTK2
TEK,ACP1
TEK,CDC14A
TEK,CDC14B
TEK,CDC14C
TEK,CDC25A
TEK,CDC25B
TEK,CDC25C
TEK,CDKN3
TEK,DNAJC6
TEK,DOK3
TEK,DUSP10
TEK,DUSP12
TEK,DUSP13
TEK,DUSP14
TEK,DUSP15
TEK,DUSP16
TEK,DUSP19
TEK,DUSP1
TEK,DUSP21
TEK,DUSP22
TEK,DUSP23
TEK,DUSP26
TEK,DUSP28
TEK,DUSP2
TEK,DUSP3
TEK,DUSP4
TEK,DUSP5
TEK,DUSP6
TEK,DUSP7
TEK,DUSP9
TEK,EPM2A
TEK,EYA1
TEK,EYA2
TEK,EYA3
TEK,EYA4
TEK,HRAS
TEK,KRAS
TEK,MMP2
TEK,MTM1
TEK,MTMR3
TEK,MTMR4
TEK,NRAS
TEK,PIK3C2A
TEK,PIK3C2B
TEK,PIK3C3
TEK,PIK3CB
TEK,PIK3CD
TEK,PIK3CG
TEK,PIK3R2
TEK,PIK3R3
TEK,PPFIA3
TEK,PTEN
TEK,PTP4A1
TEK,PTP4A2
TEK,PTP4A3
TEK,PTPMT1
TEK,PTPN12
TEK,PTPN13
TEK,PTPN14
TEK,PTPN18
TEK,PTPN20
TEK,PTPN21
TEK,PTPN22
TEK,PTPN23
TEK,PTPN2
TEK,PTPN3
TEK,PTPN4
TEK,PTPN5
TEK,PTPN6
TEK,PTPN7
TEK,PTPN9
TEK,PTPRA
TEK,PTPRC
TEK,PTPRD
TEK,PTPRE
TEK,PTPRF
TEK,PTPRG
TEK,PTPRH
TEK,PTPRJ
TEK,PTPRK
TEK,PTPRM
TEK,PTPRN2
TEK,PTPRO
TEK,PTPRQ
TEK,PTPRR
TEK,PTPRS
TEK,PTPRT
TEK,PTPRU
TEK,PTPRZ1
TEK,SSH1
TEK,SSH2
TEK,SSH3
TEK,TPTE2
TEK,TPTE
TFRC,PTK2
TGFBR1,AKT1
TGFBR1,STAT3
TGFBR2,ACVR1B
TGFBR2,AKT1
TGFBR2,STAT1
TGFBR2,STAT3
TGFBR2,XIAP
TIE1,DUSP5
TIE1,PTEN
TIE1,PTPRO
TLR1,IRAK1
TLR2,MMP9
TLR4,CASP8
TLR4,IRF7
TLR4,MAP3K7
TLR4,SNAP23
TLR4,TRAF3
TLR5,IRAK1
TLR6,IRAK1
TLR7,IRAK1
TLR8,IRAK1
TLR8,IRAK2
TLR8,IRAK4
TLR8,IRF7
TLR9,ABI1
TLR9,ABI2
TLR9,AKT1
TLR9,AKT2
TLR9,AKT3
TLR9,BAG4
TLR9,BAIAP2
TLR9,BCR
TLR9,BLNK
TLR9,BRK1
TLR9,CD247
TLR9,CD28
TLR9,CD3G
TLR9,CD79A
TLR9,CD79B
TLR9,CD80
TLR9,CD86
TLR9,CNTRL
TLR9,CPSF6
TLR9,CUX1
TLR9,CYFIP1
TLR9,CYFIP2
TLR9,DAPP1
TLR9,ERLIN2
TLR9,FCGR1A
TLR9,FCGR2A
TLR9,FCGR3A
TLR9,FGFR1OP2
TLR9,FGFR1
TLR9,FGFR2
TLR9,FGFR3
TLR9,FGFR4
TLR9,FYN
TLR9,GAB1
TLR9,GAB2
TLR9,GNB1
TLR9,GNB2
TLR9,GNB3
TLR9,GNB4
TLR9,GNB5
TLR9,GNG10
TLR9,GNG11
TLR9,GNG12
TLR9,GNG13
TLR9,GNG2
TLR9,GNG3
TLR9,GNG4
TLR9,GNG5
TLR9,GNG7
TLR9,GNG8
TLR9,GNGT1
TLR9,GNGT2
TLR9,GRAP2
TLR9,GRB2
TLR9,IGHD
TLR9,IGHG1
TLR9,IGHG2
TLR9,IGHG3
TLR9,IGHG4
TLR9,IGHM
TLR9,IGHV1-2
TLR9,IGHV1-46
TLR9,IGHV1-69
TLR9,IGHV2-5
TLR9,IGHV2-70
TLR9,IGHV3-11
TLR9,IGHV3-13
TLR9,IGHV3-23
TLR9,IGHV3-30
TLR9,IGHV3-33
TLR9,IGHV3-48
TLR9,IGHV3-53
TLR9,IGHV3-7
TLR9,IGHV3-9
TLR9,IGHV4-34
TLR9,IGHV4-39
TLR9,IGHV4-59
TLR9,IGKC
TLR9,IGKV1-12
TLR9,IGKV1-16
TLR9,IGKV1-17
TLR9,IGKV1-33
TLR9,IGKV1-39
TLR9,IGKV1-5
TLR9,IGKV1D-12
TLR9,IGKV1D-16
TLR9,IGKV1D-33
TLR9,IGKV1D-39
TLR9,IGKV2-28
TLR9,IGKV2-29
TLR9,IGKV2-30
TLR9,IGKV2D-28
TLR9,IGKV2D-30
TLR9,IGKV2D-40
TLR9,IGKV3-11
TLR9,IGKV3-15
TLR9,IGKV3-20
TLR9,IGKV3D-20
TLR9,IGKV4-1
TLR9,IGKV5-2
TLR9,IGLC1
TLR9,IGLC2
TLR9,IGLC3
TLR9,IGLC6
TLR9,IGLC7
TLR9,IGLV1-40
TLR9,IGLV1-44
TLR9,IGLV1-47
TLR9,IGLV1-51
TLR9,IGLV2-11
TLR9,IGLV2-14
TLR9,IGLV2-23
TLR9,IGLV2-8
TLR9,IGLV3-19
TLR9,IGLV3-1
TLR9,IGLV3-21
TLR9,IGLV3-25
TLR9,IGLV3-27
TLR9,IGLV6-57
TLR9,IGLV7-43
TLR9,INPP5D
TLR9,INPP5J
TLR9,INPP5K
TLR9,INPPL1
TLR9,IRAK2
TLR9,IRF7
TLR9,ITK
TLR9,KLB
TLR9,LAT2
TLR9,LAT
TLR9,LCK
TLR9,LCP2
TLR9,LRRFIP1
TLR9,MYO18A
TLR9,NCK1
TLR9,NCKAP1L
TLR9,NCKAP1
TLR9,PDPK1
TLR9,PLCG1
TLR9,PLCG2
TLR9,PTEN
TLR9,RAC1
TLR9,RHOA
TLR9,SH3KBP1
TLR9,SHC1
TLR9,SOS1
TLR9,TEC
TLR9,TRIM24
TLR9,TXK
TLR9,VAV2
TLR9,VAV3
TLR9,WASF1
TLR9,WASF2
TLR9,WASF3
TLR9,ZMYM2
TMPRSS6,CASP3
TMPRSS6,FTL
TMPRSS6,FTMT
TMPRSS6,HBA1
TMPRSS6,HBA2
TNFRSF10A,CASP3
TNFRSF10A,PTK2
TNFRSF10A,STAT3
TNFRSF10B,CASP3
TNFRSF10B,PTK2
TNFRSF1A,CASP2
TNFRSF1A,CRADD
TNFRSF1B,BIRC3
TNFRSF1B,TRAF3
TNFRSF21,STAT3
TNFRSF25,STAT3
TRADD,PIK3CD
TRAF2,PIK3CD
TREM2,AKT1
TREM2,GNB3
TREM2,GNG7
TREM2,PTEN
TREM2,RHOA
TRIM27,PTEN
TRPC3,ANXA2
TRPC3,MAPK1
TRPC3,NOS3
TRPC3,PTK2
TRPC3,TRIM72
TRPC5,ANXA2
TRPC5,TRIM72
TRPC6,ANXA2
TRPC6,ANXA5
TRPC6,ATP2B1
TRPC6,MAPK1
TRPC6,MMP2
TRPC6,MMP9
TRPC6,NOS3
TRPC6,PTK2
TRPC6,TRIM72
TRPM2,ANXA2
TRPM2,ANXA5
TRPM2,ATP2B1
TRPM2,MMP2
TRPM2,MMP9
TRPM2,PTK2
TRPM2,TRIM72
TRPM3,ANXA2
TRPM3,TRIM72
TRPM6,ANXA2
TRPM6,TRIM72
TRPV1,ANXA2
TRPV1,ANXA5
TRPV1,ATP2B1
TRPV1,MMP2
TRPV1,MMP9
TRPV1,PTK2
TRPV1,TRIM72
TRPV2,ANXA2
TRPV2,TRIM72
TRPV4,ANXA2
TRPV4,TRIM72
TRPV6,AFM
TRPV6,AMBP
TRPV6,ANXA2
TRPV6,ANXA5
TRPV6,ATP2B1
TRPV6,CASP3
TRPV6,CASP9
TRPV6,CDK1
TRPV6,CDKN1A
TRPV6,ESR1
TRPV6,FTL
TRPV6,HBA1
TRPV6,HBA2
TRPV6,HBB
TRPV6,HIF1A
TRPV6,HMOX1
TRPV6,IGF1R
TRPV6,MAPK1
TRPV6,MMP2
TRPV6,MMP9
TRPV6,NOS3
TRPV6,PTK2
TRPV6,TP53
TRPV6,TRIM72
TSHR,AKT1
TSHR,ESR1
TSHR,MAPK1
TSHR,PTK2
TYRO3,DUSP5
TYRO3,PTEN
TYRO3,PTPN11
TYRO3,PTPRO
TYROBP,AKT1
TYROBP,GNB3
TYROBP,GNG7
TYROBP,PTEN
TYROBP,RHOA
VCAM1,BAX
VCAM1,BCL2L1
VDR,ABCA1
VDR,ABCG1
VDR,ABCG5
VDR,ABCG8
VDR,ABLIM1
VDR,ACP1
VDR,ADCYAP1R1
VDR,ADD1
VDR,ADGRB2
VDR,ADGRL1
VDR,ADRA1A
VDR,ADRA1B
VDR,ADRA1D
VDR,ADRA2A
VDR,ADRA2B
VDR,ADRA2C
VDR,ADRB1
VDR,ADRB2
VDR,ADRB3
VDR,AFF4
VDR,AGPAT5
VDR,AGTPBP1
VDR,AKR1C1
VDR,AKR1C2
VDR,ALCAM
VDR,AMN1
VDR,ANK2
VDR,ANK3
VDR,ANKRD12
VDR,ANXA2
VDR,AP2A1
VDR,AP2B1
VDR,APBA2
VDR,APCS
VDR,APLP2
VDR,APOA1
VDR,APP
VDR,ARHGAP1
VDR,ARHGEF12
VDR,ARL1
VDR,ARL5A
VDR,ARMC8
VDR,ATF2
VDR,ATP2B4
VDR,ATP5F1C
VDR,ATXN2
VDR,AUTS2
VDR,B3GALNT1
VDR,BAG6
VDR,BBX
VDR,BCORL1
VDR,BID
VDR,BLOC1S6
VDR,BTBD10
VDR,C12orf29
VDR,C12orf43
VDR,CABYR
VDR,CACHD1
VDR,CADM3
VDR,CADPS
VDR,CALML5
VDR,CALY
VDR,CAMK2D
VDR,CAMK2G
VDR,CAMLG
VDR,CASP14
VDR,CAV3
VDR,CBLB
VDR,CCSER2
VDR,CD200
VDR,CDC16
VDR,CEP57
VDR,CES1
VDR,CHD3
VDR,CHID1
VDR,CHL1
VDR,CHMP3
VDR,CHST11
VDR,CLASP2
VDR,CLEC4E
VDR,CLIP2
VDR,CLSTN1
VDR,CLTA
VDR,CMC2
VDR,COX20
VDR,CRELD1
VDR,CSTA
VDR,CTNND1
VDR,CYP11A1
VDR,CYP46A1
VDR,DAAM1
VDR,DAPK1
VDR,DCD
VDR,DENND5A
VDR,DERL1
VDR,DGUOK
VDR,DISC1
VDR,DMD
VDR,DMTN
VDR,DRD1
VDR,DRD2
VDR,DSG1
VDR,DSP
VDR,DST
VDR,EBF3
VDR,EEF1D
VDR,EGLN1
VDR,EHBP1
VDR,ELANE
VDR,ELAVL2
VDR,ELOC
VDR,EPB41L3
VDR,EPB41
VDR,EPS15L1
VDR,EXOC7
VDR,F3
VDR,FABP5
VDR,FAM131A
VDR,FAM171B
VDR,FAS
VDR,FCHSD2
VDR,FER
VDR,FGFR1OP2
VDR,FGFR4
VDR,FHL1
VDR,FHOD3
VDR,FLNA
VDR,FLOT2
VDR,FLVCR1
VDR,FNBP1L
VDR,FNTA
VDR,G3BP2
VDR,GAPDH
VDR,GMFB
VDR,GNAS
VDR,GOLGA4
VDR,GPM6B
VDR,GRIA1
VDR,GSK3B
VDR,GSTA4
VDR,HBB
VDR,HGSNAT
VDR,HIKESHI
VDR,HMGCS1
VDR,HNRNPC
VDR,HNRNPD
VDR,HNRNPM
VDR,HNRNPR
VDR,HRAS
VDR,HRNR
VDR,HSF1
VDR,HSPA1A
VDR,HSPA1B
VDR,HSPH1
VDR,HTR3A
VDR,HTR3B
VDR,ICAM1
VDR,IDI1
VDR,IGF2BP2
VDR,INIP
VDR,INPP4A
VDR,ISCU
VDR,ITIH4
VDR,JCHAIN
VDR,JUP
VDR,KDM1A
VDR,KHDRBS3
VDR,KIAA1191
VDR,KIDINS220
VDR,KIF21A
VDR,KIF2A
VDR,KIF5C
VDR,KMT2E
VDR,KRT10
VDR,KRT14
VDR,KRT15
VDR,KRT16
VDR,KRT17
VDR,KRT1
VDR,KRT2
VDR,KRT5
VDR,KRT6B
VDR,KRT6C
VDR,KRT9
VDR,KYAT3
VDR,LCAT
VDR,LCORL
VDR,LHPP
VDR,LIFR
VDR,LIMCH1
VDR,LRRC27
VDR,LRRFIP2
VDR,LRRN3
VDR,LSS
VDR,MAGI1
VDR,MAOA
VDR,MAOB
VDR,MAP4K4
VDR,MAP4
VDR,MAPT
VDR,MARK3
VDR,MARK4
VDR,MAST1
VDR,MATR3
VDR,MAZ
VDR,MECP2
VDR,MED10
VDR,MED31
VDR,MEGF8
VDR,METTL26
VDR,METTL5
VDR,MFF
VDR,MLH1
VDR,MME
VDR,MMP24
VDR,MOB4
VDR,MRPS11
VDR,MRPS18C
VDR,MSI1
VDR,MSL1
VDR,MSR1
VDR,MTA1
VDR,MTDH
VDR,MTIF3
VDR,MXRA7
VDR,MYC
VDR,MYL6
VDR,NAT1
VDR,NCDN
VDR,NCF1
VDR,NCKAP1
VDR,NEDD4L
VDR,NENF
VDR,NEO1
VDR,NEPRO
VDR,NFKB1
VDR,NFKBIA
VDR,NLGN2
VDR,NLGN3
VDR,NOVA1
VDR,NPC1
VDR,NPR2
VDR,NRCAM
VDR,NREP
VDR,NRXN1
VDR,NRXN2
VDR,NRXN3
VDR,NT5C2
VDR,NTRK2
VDR,OCRL
VDR,OLA1
VDR,ORC4
VDR,ORM2
VDR,OS9
VDR,OSBPL9
VDR,OXR1
VDR,PAFAH1B1
VDR,PAPOLA
VDR,PAQR3
VDR,PARK7
VDR,PARP1
VDR,PCM1
VDR,PDCD4
VDR,PDE9A
VDR,PI4KB
VDR,PIGX
VDR,PITHD1
VDR,PKIA
VDR,PLGRKT
VDR,PLXNB2
VDR,PNISR
VDR,POLDIP3
VDR,PPARA
VDR,PPP2R3C
VDR,PPP2R5C
VDR,PPP6C
VDR,PREPL
VDR,PSMA5
VDR,PSMB7
VDR,PSMD13
VDR,PTK2
VDR,PTPMT1
VDR,PTPRF
VDR,PTS
VDR,PUF60
VDR,R3HDM2
VDR,RAB1A
VDR,RAB30
VDR,RAB3GAP1
VDR,RAD23B
VDR,RALGDS
VDR,RALGPS1
VDR,RAN
VDR,RAP1B
VDR,RBM12
VDR,RBM26
VDR,RBM5
VDR,RBM6
VDR,RELA
VDR,REL
VDR,RFX3
VDR,RNF146
VDR,RNF38
VDR,RNMT
VDR,RPRD2
VDR,RPS6KA2
VDR,RPS6KL1
VDR,RSPRY1
VDR,RTN4
VDR,RUFY1
VDR,RUNX1T1
VDR,SAP30BP
VDR,SAT2
VDR,SBF1
VDR,SCG3
VDR,SDHC
VDR,SEC31A
VDR,SELENOP
VDR,SEMA6A
VDR,SERPINA3
VDR,SERPINB3
VDR,SEZ6L
VDR,SFXN1
VDR,SH3KBP1
VDR,SHC3
VDR,SHKBP1
VDR,SKA2
VDR,SLC18A2
VDR,SLC22A3
VDR,SLC22A4
VDR,SLC29A4
VDR,SLC6A2
VDR,SLC6A3
VDR,SMIM7
VDR,SMPD4
VDR,SMR3B
VDR,SNAP25
VDR,SNCA
VDR,SNRPA1
VDR,SOD1
VDR,SOD2
VDR,SPATS2L
VDR,SPTAN1
VDR,SQSTM1
VDR,SRC
VDR,SS18L1
VDR,ST8SIA2
VDR,STARD3NL
VDR,STAU2
VDR,SULT1A1
VDR,SULT1A3
VDR,SULT1A4
VDR,SYNE2
VDR,TACC2
VDR,TAF2
VDR,TAGLN3
VDR,TBC1D7
VDR,TCF12
VDR,TCP1
VDR,TERF1
VDR,TIA1
VDR,TM7SF3
VDR,TM9SF3
VDR,TMEM14A
VDR,TMEM263
VDR,TMEM97
VDR,TMEM9B
VDR,TMOD2
VDR,TNFRSF1A
VDR,TNK2
VDR,TPD52L2
VDR,TRAK2
VDR,TRAPPC12
VDR,TRIM16
VDR,TSC2
VDR,TSG101
VDR,TSPAN5
VDR,TTL
VDR,TXN
VDR,U2AF1L5
VDR,U2AF1
VDR,UBE2B
VDR,UBE2J2
VDR,UBE2K
VDR,UBE2Q2
VDR,UBE2R2
VDR,UBE2V1
VDR,UBFD1
VDR,UPF3A
VDR,UQCRB
VDR,USP10
VDR,USP12
VDR,USP32
VDR,VAV2
VDR,WIPI2
VDR,WNK1
VDR,WRAP73
VDR,YBX1
VDR,ZC3H7A
VDR,ZCCHC17
VDR,ZFAND1
VDR,ZFAND3
VDR,ZFAND5
VDR,ZFAND6
VDR,ZFYVE27
VDR,ZIM2
VDR,ZMIZ1
VIPR2,ESR1
VIPR2,PTK2
VLDLR,AKT1
EGFR,DUSP29
EGFR,CEP43
ESR1,CEP43
ESR1,G6PC1
ESR1,H3-3A
ESR1,H3-3B
ESR1,H1-3
ESR1,H3C1
ESR1,H3C2
ESR1,H3C3
ESR1,H3C4
ESR1,H3C6
ESR1,H3C7
ESR1,H3C8
ESR1,H3C10
ESR1,H3C11
ESR1,H3C12
ESR1,H3C15
ESR1,H3C14
ESR1,H3C13
ESR1,KARS1
ESR1,CCN5
FLT1,DUSP29
IGF1R,DUSP29
IL1RAP,CEP43
JMJD6,H3C1
JMJD6,H3C2
JMJD6,H3C3
JMJD6,H3C4
JMJD6,H3C6
JMJD6,H3C7
JMJD6,H3C8
JMJD6,H3C10
JMJD6,H3C11
JMJD6,H3C12
JMJD6,H4C1
JMJD6,H4C2
JMJD6,H4C3
JMJD6,H4C4
JMJD6,H4C5
JMJD6,H4C6
JMJD6,H4C8
JMJD6,H4C9
JMJD6,H4C11
JMJD6,H4C12
JMJD6,H4C13
JMJD6,H3C15
JMJD6,H3C14
JMJD6,H3C13
JMJD6,H4C14
JMJD6,H4C15
JMJD6,H4-16
KDR,DUSP29
KDR,CEP43
KLRD1,CEP43
LEPR,G6PC1
MET,DUSP29
MET,CEP43
NOTCH1,H3-3A
NOTCH1,H3-3B
NOTCH1,H3C1
NOTCH1,H3C2
NOTCH1,H3C3
NOTCH1,H3C4
NOTCH1,H3C6
NOTCH1,H3C7
NOTCH1,H3C8
NOTCH1,H3C10
NOTCH1,H3C11
NOTCH1,H3C12
NOTCH1,H3C15
NOTCH1,H3C14
NOTCH1,H3C13
PPARG,H4C1
PPARG,H4C2
PPARG,H4C3
PPARG,H4C4
PPARG,H4C5
PPARG,H4C6
PPARG,H4C8
PPARG,H4C9
PPARG,H4C11
PPARG,H4C12
PPARG,H4C13
PPARG,H4C14
PPARG,H4C15
PPARG,H3-4
PPARG,H4-16
TEK,DUSP29
TLR9,CEP43
VDR,COA8
VDR,MIR9-1HG
VDR,DNAAF9
VDR,MACIR
VDR,IARS1
VDR,BTBD8
VDR,CRACD
VDR,MARCHF7
S1PR1,CAV1
CAV1,STRN4
CD36,ITGB1
VDR,NCOA3
ADORA2B,EZR
ESR1,TRIP4
SMAD2,LITAF
IL1RAP,STAT3
CSPG4,ATF7IP
EGFR,HOXC10
TLR1,TLR9
EGFR,SFN
CAV1,PLD1
CR1,SKIL
TLR4,RNF216
TNFRSF25,TNFRSF1A
AGTR1,NOS3
PLSCR1,LASP1
RARA,NSD1
CLEC3B,CDKN1A
ANTXR1,HDAC2
MAGED1,XIAP
ESR1,GADD45B
EDA2R,TRAF6
LAMA4,TP53
KLRC2,KLRD1
CR1,CR2
ITGB2,PRKAR1A
PPARD,EP300
ESR1,HEXIM1
PGR,KLF9
TLR9,MAPK8IP3
ITGB1,ITGB1BP2
TNFRSF1A,UBE2I
MYLK,MYCN
PPARD,NRIP1
PTPRO,SH3GL3
PTPN6,CEACAM1
DLG3,ABCA1
BDKRB2,AGTR1
IL1R1,TOLLIP
PKD1,VIM
HTR1F,CAV1
ESR1,JUNB
ITGB2,NUMB
AQP1,KCTD17
IL1RAP,PIK3R1
NOTCH1,BLOC1S1
PPARD,NR0B2
CXCR4,SOCS1
BSG,RYR1
ESR1,CITED1
ITGB2,CYTH1
VDR,CCND3
LEPR,PIN1
LGALS3,MYLK
IFNAR1,STAT3
FN1,MATN2
LGALS1,VCL
PPARG,PPARGC1A
IL1RAP,SIRPA
EGFR,SEC13
ITGA2,ITGB1
ITGA9,ITGB1
ITGB2,DAB1
VDR,NR0B2
PTPRS,PFN2
CAV1,RCVRN
PGR,BATF3
NT5E,ACTB
PPARD,HDAC2
FAS,TRADD
IL1RAP,TICAM2
TRAF2,NRIP1
TNFRSF1A,PSMD2
ESR1,COPS5
IL17RB,TRAF6
ESR1,ISL1
CR2,TP53
TNFRSF1A,PIP4K2B
ANXA2,VCL
FN1,SMAD9
TSPAN15,RGS2
CALM1,ASCL2
CALCRL,RAMP3
RXRA,NCOA4
ESR1,PSMC5
OPRD1,KLHL3
CELSR3,IFT140
ESR1,RNF14
GPC4,ACP5
ITGA3,ITGB1
ANXA2,PCNA
TNFRSF1A,TRPC4AP
SIGIRR,TRAF6
CXCR4,HSPA8
ANXA2,PHB
CCR5,AFP
CAV1,PPP1CA
ESR1,FOXO3
LRP1B,PLAT
IFNAR2,STAT3
ESR1,ZNF398
KRT1,STAT3
ESR1,TCF20
SMAD2,LMO2
ITGA8,ITGB1
HLA-F,TAP1
ITGB1,NF2
MMP14,CLDN1
CXCR4,SOCS3
ITGB1,NME2
CAV1,PTPRF
ESR1,DDX54
ITGA9,PXN
LGALS3,GEMIN4
KLRC3,KLRD1
FXYD6,TP53
IL1RAP,PRPF40A
AGTRAP,PBX3
ITGB2,COPS3
ITGAX,ITGB2
PTPN6,CXCR4
EGFR,S100A7
ESR1,GTF2H1
PTPRC,RASA1
PVR,AP1M2
RXRA,DNTTIP2
VDR,HMGN3
ESR1,THRA
SSTR3,TP53
GRIN2D,FUS
MYLK,CDT1
PPARG,NR0B1
ITGB1,SLC3A2
SMAD2,RXRA
ITGB1,FLNA
ITGB1,ACTN4
VDR,NCOA2
TRAF2,DVL2
CSPG4,GRIP2
TRAF3,CASP3
RXRA,NSD1
TLR4,MAPK8IP3
ABCA1,PDLIM4
ITGB1,CNOT1
ESR1,CCNT1
ESR1,SAFB2
RXRA,TBP
ABCA1,RAPGEF6
SMAD2,TP53
CXCR4,PTPN11
PTPRC,GANAB
ESR1,POU2F1
RXRA,HMGA1
LRP1,CAV1
TNFRSF1A,VAPA
LRP10,HTRA1
TNFRSF1A,SUMO1
TNFRSF14,ESR1
ADORA2B,ADA
CEACAM1,PXN
THRA,NSD1
CD151,PTGFRN
ERAP1,TNFRSF1A
CDH2,CREBBP
LEPR,SNX6
ANXA2,LGALS13
TLR4,LY96
PCDHA4,TP53
CD93,RANBP1
PKD1,VCL
GPNMB,SMAD4
VDR,NCOA6
CR1,SMAD3
FAS,EEF1A1
FAS,UBE2I
CD40,HSPA8
SDC4,CXCR4
IL3RA,CISH
IL1R2,IL1RAP
IGHM,GADD45A
CAV1,MALL
AGTR1,THOP1
MMP2,ITGAV
ESR1,TAF10
AQP1,CCDC85B
AGTR2,ZBTB16
CAV1,GJA3
TNFRSF1A,SON
CAV1,ABCB1
ITGA1,ITGB1
ITGAD,ITGB2
AQP1,TRIP6
LEPR,SNX2
CAV1,AKAP1
ESR2,SMAD4
ESR1,SP3
HLA-A,PDIA3
ESR1,RNF4
PKD2,PACS2
CAV1,AR
PTPN6,TRAF6
FAS,APAF1
PTPRO,DPPA4
CXCR4,PTPRC
ITGAM,THY1
ITGA5,ITGB1
GRIA1,CASP8
PLG,CHGA
TNFRSF1A,FANCD2
CD59,SMAD4
FAS,PDCD6
ANXA2,CD99
IL1R1,SIGIRR
MMP2,BACE1
ESR1,FOXO4
PTPN6,CAV1
GRIN1,FUS
CD44,CD74
PVR,DYNLT3
PTPRO,SH3GL1
TNFRSF1B,KRT18
TLR4,TOLLIP
ITGB5,ANXA5
CAV1,FLOT2
ESR1,SMARCA2
CXCR4,VAV1
ADRA1A,RGS2
TLR5,TLR4
TRAF2,SOX9
ADORA2B,SLC9A3R2
ITGAM,GP1BA
CTLA4,PPP2R5A
ABCA1,LMO7
PKD1,ATF7IP
EGF,LMNA
PPARG,NR0B2
NGFR,CDKN1A
RXRA,BRD8
FAS,FBF1
IL13,VCAM1
ITGA11,ITGB1
ITGB1,CD46
ITGA6,ITGB1
RXRA,RNF8
CSF3R,PTPN11
ESR2,NRIP1
HLA-A,MAGEA4
ITGB1,PXN
NRP2,NRP1
FAS,FAF1
CD40,TRAF6
TLR9,RNF216
CD93,MSN
RXRA,ZNHIT3
ITGB2,RANBP9
RXRA,TAF11
ESR1,SMARCE1
NCAM1,SPTB
KLRD1,KLRC1
TNFRSF1B,HIVEP3
ESR1,GTF2B
VDR,PSMC5
LEPR,SNX1
CANX,MBTPS1
BMPR2,MAPK8
ITGB2,SLC39A7
ITGB1,ARHGAP5
RXRA,MECR
CTLA4,STAT5B
CTLA4,STAT5A
ADORA2A,ACTN4
SELP,FUT4
ITGB1,FHL2
ABCA1,TIAM1
EGFR,TUBA4A
CCR5,STAT3
ITGAX,JAM3
TNFRSF1B,TRAIP
ITGAM,PLAUR
ESR1,DNTTIP2
VDR,GTF2B
PKD1,KRT18
EDNRB,NOS3
TNFRSF1A,CASP10
PIK3CB,HSPA8
CCR1,STAT1
TNFRSF1A,AGTRAP
PKD1,ACTN1
TNFRSF14,HDAC4
RXRA,TRIP4
MPL,PTPN11
CEACAM1,SHC1
CD40,CAV1
FAS,ANK3
ESR1,MED24
LRP6,ANTXR2
PTPRO,ACTG1
ITGB2,RDX
LGALS1,GEMIN4
TNFRSF1A,ODC1
IL6R,ERAP1
HLA-A,MAGEA1
CCR5,STAT1
ITGB1,EPS8
AGTR1,RAB5A
PTPRO,DPYSL4
TNFRSF1A,HSP90AA1
TNFRSF1A,SLC9A1
DCC,CASP9
TNFRSF1B,FANCD2
PLG,TFPI2
CD1D,CD74
PILRB,PTPN11
PKD1,JUP
TNFRSF1A,DAP
VDR,GABARAPL2
CLEC3B,GADD45A
ESR1,BCAS2
FN1,VHL
ITGB2,FHL2
FAS,CRMP1
AGTR1,DNAJC14
PLAUR,PFN2
ITGB1,FLNB
ITGB2,CYTH2
ESR1,THRB
RXRA,NRBF2
NGFR,CAV1
FN1,SKIL
ITGAM,ITGB2
ESR1,ZBTB17
PKD1,PKD2
HLA-DRA,HLA-DRB1
HLA-A,BCAP31
TNFRSF1A,HSPA8
NOTCH1,GFI1B
AQP1,MDFI
CAV1,PTEN
ITPR1,RHOA
CANX,SLC2A1
HLA-A,DEK
SMAD2,ZEB1
CALCRL,RAMP2
LGALS1,CD2
EGFR,ATP1A1
FN1,SMAD4
ESR1,RBM23
ITGB1,FBXO2
CAV1,STRN
ESR1,TBP
ANXA2,S100A6
ITGA10,ITGB1
AGTR1,AGTRAP
TNFRSF1A,RASSF1
COL17A1,ACTN4
ESR1,PRDM2
LGALS3,PLCE1
HCST,SPOP
CAV1,NOS2
NOTCH4,SMAD4
CR1,ZFYVE9
TNFRSF1B,STAT1
HLA-A,UBB
TNFRSF1A,RNF111
FN1,PLCG2
NOTCH1,XRCC6
MYLK,PATZ1
TNFRSF14,MBTPS1
FN1,PRPF40A
IL1R1,TICAM2
EGFR,GAPDH
MYLK,USF2
EDA2R,CASP8
VANGL1,DVL2
GRIN1,PLAT
TNFRSF1A,EHMT2
TLR4,CNPY4
CAV1,GJA1
ESR1,CENPT
ESR1,RFX4
FN1,REG3A
VDR,MED1
FAS,RAP1A
IFNGR2,ANXA5
CR1,ATF7IP
PARD3,SMAD4
FAS,SUMO1
CAV1,PLD2
F2RL2,JAM3
NR3C1,CREBBP
TNFRSF19,TRAF6
ESR1,PRPF6
EPOR,PTPN11
TNFRSF14,NRIP1
LEPR,CSNK2B
ITGB2,PRTN3
ESR1,POLR1B
ITGB1,NME1
ADRA1B,STAT1
KIR2DL2,CD93
ITGB1,LGALS8
CD9,ITGB1
PTPRO,YWHAZ
PTPN6,ACTN4
TNFRSF1B,CAV1
CD93,ARHGAP15
SORL1,FURIN
PPARD,BCL6
CCR1,STAT3
BDKRB2,PTPN11
CNR1,GNA15
IL4R,PTPN11
TSHR,STAT3
ESR1,CCNH
TLR9,SIGIRR
RXRA,MED1
DLG1,ADAM17
CAV1,DNM1
CTLA4,AP2M1
ITGB1,CANX
PTPN6,TNFRSF1A
LEPR,SNX4
CDH1,CASP8
ESR1,SREBF1
ITGAM,AUP1
TRAF2,TRAF6
LGALS3,SUFU
NGFR,TRAF6
THRB,HDAC2
ESR1,SMAD2
TGFBR3,ENG
BSG,PDLIM7
NOTCH1,RELA
PTPN6,KHDRBS1
TNFRSF1A,MOAP1
LILRB4,PTPN11
RXRA,NPAS2
CD82,ITGB1
LEPR,DGKZ
INPP5K,CDKN1A
ITGAV,ITGB1
RXRA,PPARGC1A
BSG,SLC2A4
A1BG,CDKN1A
EDNRB,CAV1
ITGB1,YWHAB
IL18R1,IL1RAP
PKD1,SIAH1
TNFRSF13B,TRAF6
LIFR,PTPN11
ADGRB1,PHYHIP
BEX3,TRAF6
RACK1,CDKN1A
RACK1,STAT1
ATP5F1B,CDKN1A
TNFRSF1B,TDP2
PLXNB1,KMT2A
VCAM1,ELANE
TNFRSF11A,BAG6
PVR,NECTIN1
B2M,BAG6
FAS,ERG28
PROCR,DMTN
ITGB2,RACK1
ITGAM,ELANE
MYLK,CAVIN1
FAS,LRIF1
KDR,AIMP2
GLRA2,BAG6
FZD4,BAG6
ITGB1,RACK1
ESR1,RBFOX2
RPSA,BAG6
TDGF1,BAG6
ITGB1,NMRK2
PRNP,BAG6
EGFR,ARHGAP35
EGFR,TUBA1A
EGFR,ALCAM
EGFR,EIF1
EGFR,SOCS5
EGFR,SOCS7
EGFR,SH3BGRL3
EGFR,RAE1
EGFR,PIK3C2A
IGF1R,GAB2
IGF1R,GAB1
IGF1R,VAV1
IGF1R,CAV1
IGF1R,ADAM23
IGF1R,UBC
IGF1R,EEA1
IGF1R,PRDX6
IGF1R,TKT
IGF1R,ACTB
FLT1,LDLR
EPHA3,TP53
EPHB1,STAT3
NTRK2,TRAF6
MYLK,SVIL
BMPR1B,TRAF6
IGF1R,LCK
IGF1R,WAS
EGFR,GADD45B
IGF1R,CCNB1
IGF1R,CD4
IGF1R,FGR
IGF1R,TOP2A
IGF1R,CCR5
INSR,CD74
IGF1R,TNFRSF1B
IGF1R,ITK
IGF1R,WIPF1
IGF1R,FOS
IGF1R,MAPT
IGF1R,CD5
IGF1R,CD3E
IGF1R,RGS18
EGFR,BAX
EGFR,CDKN1A
IGF1R,ITGAL
INSR,ITGAX
EGFR,DDIT4
BCR,ABL1
CAV1,ABL1
EPHB2,ABL1
NTRK1,ABL1
PDGFRB,ABL1
PTPN6,ABL1
PTPRG,ABL1
KDR,ACP1
RXRA,ACSL1
RXRA,ACSL3
RXRA,ACSL4
RXRA,ACSL5
RXRA,ACSL6
MYLK,ACTA1
MYLK,ACTC1
ACVR1,ACVR1B
IGSF1,ACVR1B
ITGB1,ADAM12
SDC4,ADAM12
ITGA9,ADAM15
EGF,ADAM17
EPHB2,ADAM17
ERBB4,ADAM17
ITGA5,ADAM17
NOTCH1,ADAM17
ITGB1,ADAM2
ITGA6,ADAM9
ITGAV,ADAM9
ITGB1,ADAM9
ITGB5,ADAM9
FN1,ADAMTS4
CD55,ADGRE5
DCC,ADORA2B
EGFR,ADRB2
EGFR,AGTR1
ERBB3,AGTR2
PPARA,AHR
CALM1,AKT1
CHRNA7,AKT1
EGFR,AKT1
ESR1,AKT1
IGF1R,AKT1
INSR,AKT1
ITGB1,AKT1
ITGB4,AKT1
P2RX7,AKT1
RARA,AKT1
RARB,AKT1
RARG,AKT1
AGTR1,AP2B1
ABCA1,APOA1
CAV1,APP
FN1,APP
NOTCH1,APP
EGFR,AR
ESR1,AR
RXRA,AR
EGFR,ARF4
ITGB1,ARF6
IGF1R,ARHGEF12
CALM1,ATP2B1
LRP6,AXIN1
EGFR,AXL
BMPR2,BMPR1A
BMPR2,BMPR1B
BMPR1A,BMPR2
BMPR1B,BMPR2
TGFBR1,BMPR2
TLR9,BTK
CD59,C9
STX1A,CACNB2
EGFR,CAMLG
ITGB1,CAPN1
AR,CASP3
MET,CASP3
PRNP,CASP3
RIPK1,CASP8
TRADD,CASP8
TRAF2,CASP8
APP,CAV1
EGFR,CAV1
ESR1,CAV1
F3,CAV1
INSR,CAV1
KDR,CAV1
PDGFRA,CAV1
TGFBR1,CAV1
EGFR,CAV3
EGFR,CBL
KDR,CBL
MET,CBL
EGFR,CBLB
EGFR,CBLC
IGF1R,CCN5
ESR1,CCND1
CXCR4,CCR5
ITGA3,CD151
ITGA6,CD151
ITGB1,CD151
CEACAM1,CD209
ITGB2,CD226
CD80,CD274
HLA-A,CD28
EGFR,CD44
ADGRE5,CD55
CXCR4,CD74
CD274,CD80
CTLA4,CD80
HLA-A,CD80
GPC3,CD81
EGFR,CD82
ESR1,CD82
ITGB2,CD82
MET,CD82
CTLA4,CD86
HLA-A,CD86
HLA-A,CD8A
EGFR,CDC25A
EGFR,CDH1
IGF1R,CDH1
MET,CDH1
ERBB2,CDK1
IGF1R,CDK1
PGR,CDK2
CD209,CEACAM1
EGFR,CEACAM1
SELE,CEACAM1
TNFRSF1A,CHUK
MET,CNR1
FN1,COL13A1
PPARG,COPS5
SMAD2,CREBBP
SMAD3,CREBBP
EGFR,CRK
BMPR2,CRYAB
KDR,CSF2RB
IGF1R,CSK
ITGA9,CSK
ITGAX,CSK
ITGB1,CSK
ITGB2,CSK
KDR,CSK
CD80,CTLA4
CD86,CTLA4
EGFR,CTNNA1
EGFR,CTNNB1
IGF1R,CTNNB1
MET,CTNNB1
NOTCH1,CTNNB1
RXRA,CTNNB1
EGFR,CTNND1
IGF1R,CTNND1
MET,CTNND1
MYLK,CTTN
CCR5,CXCR4
CD4,CXCR4
CD74,CXCR4
SELL,CXCR4
NR1I2,CYP24A1
RXRA,CYP27A1
RXRA,CYP7A1
UNC5B,DAPK1
FAS,DAXX
KDR,DNM2
EGFR,DOK2
IGF1R,DOK4
CXCR4,DPP4
FN1,DPP4
NOTCH1,DTX1
NOTCH1,DTX2
LRP6,DVL1
FZD4,DVL2
SDC4,DVL2
BMPR2,DYNLT1
ANXA1,EGFR
AR,EGFR
AXL,EGFR
CALM1,EGFR
CAV1,EGFR
CDH1,EGFR
CEACAM1,EGFR
EGF,EGFR
EPHA2,EGFR
ERBB2,EGFR
ERBB4,EGFR
FAS,EGFR
FLT1,EGFR
ICAM1,EGFR
IGF1R,EGFR
ITGB4,EGFR
MET,EGFR
PTK2B,EGFR
PTPN6,EGFR
PTPRA,EGFR
PTPRG,EGFR
PTPRJ,EGFR
PTPRK,EGFR
PTPRS,EGFR
PTPRU,EGFR
RIPK1,EGFR
TEK,ELF2
EGFR,ELF3
ACVR1,ENG
ACVR2A,ENG
SMAD3,ENG
TGFBR1,ENG
TGFBR2,ENG
SMAD2,EP300
SMAD3,EP300
EGFR,EPHA2
PTPRO,EPHA4
PTPRO,EPHB2
EGFR,EPS15
CXCR4,ERBB2
EGFR,ERBB2
HLA-A,ERBB2
PTPRO,ERBB2
EGFR,ERBB3
EGFR,ERBB4
EGFR,ERRFI1
AR,ESR1
CD82,ESR1
EGFR,ESR1
ESR2,ESR1
FGFR2,ESR1
IGF1R,ESR1
NR3C1,ESR1
PGR,ESR1
RARA,ESR1
RXRA,ESR1
SMAD3,ESR1
ESR1,ESR2
EGFR,EZR
JAM3,F11R
CAV1,F3
PPARG,FABP4
FAS,FADD
CALM1,FAS
EGFR,FAS
MET,FAS
RIPK1,FAS
EGFR,FER
MMP2,FGFR1
NCAM1,FGFR1
NCAM1,FGFR2
EGFR,FLT1
KDR,FLT1
PTPRJ,FLT1
KDR,FLT4
EGFR,FOS
AR,FOXO1
NR1I2,FOXO1
SMAD3,FOXO1
ANXA1,FPR2
BMPR2,FRS3
NOTCH1,FURIN
CAV1,FYN
ITGB1,FYN
TEK,FYN
EGFR,GAB1
MET,GAB1
NCAM1,GFRA1
IGF1R,GIPC1
KDR,GNA11
CXCR4,GNA13
CXCR4,GNAI1
IGF1R,GNAI1
AGTR2,GNAI2
CXCR4,GNAI2
EGFR,GNAI2
IGF1R,GNAI2
CXCR4,GNAI3
ESR1,GNAL
CXCR4,GNAO1
KDR,GNAQ
ESR1,GNAS
CXCR4,GNAZ
CXCR4,GNB1
TGFBR1,GNB3
CXCR4,GNG2
FN1,GPER1
EGFR,GPNMB
EGFR,GRB10
IGF1R,GRB10
KDR,GRB10
EGFR,GRB2
MET,GRB2
EGFR,GRK2
LRP6,GSK3B
MET,GSK3B
CD44,HAS2
HMMR,HAS2
CNR1,HCRTR1
EGFR,HDAC6
NOTCH1,HEY2
EGFR,HGS
MET,HGS
ESR2,HIF1A
NOTCH1,HIF1A
EGFR,HIP1
PPARG,HMOX1
PRNP,HMOX1
EGFR,HRAS
TLR9,HRAS
EGFR,HSP90AA1
AR,HSPB1
FN1,ICAM1
IL18,ICAM1
ITGAL,ICAM1
ITGB2,ICAM1
SPN,ICAM1
CDH1,IGF1R
EGFR,IGF1R
ESR1,IGF1R
INSR,IGF1R
KL,IGF1R
MET,IGF1R
PTPRF,IGF1R
RACK1,IGF1R
ACVR1B,IGSF1
TNFRSF1A,IKBKB
IL1RAP,IL1R1
IL1R1,IL1RAP
ICAM1,IL2RA
ITGB1,ILK
EGFR,INPPL1
IGF1R,INSR
MET,INSR
NTRK3,IRAK1
IL1R1,IRAK2
IL1R1,IRAK3
IL1RAP,IRAK3
EGFR,IRF1
IGF1R,IRS4
MET,ITGA2
FN1,ITGA3
MET,ITGA3
FN1,ITGA4
VCAM1,ITGA4
EGFR,ITGA5
FN1,ITGA5
FN1,ITGA8
VCAM1,ITGA9
VCAM1,ITGAD
ICAM1,ITGAL
FN1,ITGAV
FN1,ITGB1
IGF1R,ITGB1
LGALS1,ITGB1
MET,ITGB1
PTK2B,ITGB1
TGM2,ITGB1
VCAM1,ITGB1
CD82,ITGB2
FCER2,ITGB2
ICAM1,ITGB2
ICAM2,ITGB2
PLG,ITGB2
PTK2B,ITGB2
FN1,ITGB3
KDR,ITGB3
EGFR,ITGB4
FN1,ITGB6
FN1,ITGB7
EGFR,ITSN2
EGFR,JAK1
IGF1R,JAK1
IL3RA,JAK1
LEPR,JAK1
CXCR4,JAK2
EGFR,JAK2
IGF1R,JAK2
IL3RA,JAK2
LEPR,JAK2
CXCR4,JAK3
IL3RA,JAK3
LEPR,JAK3
JAM3,JAM2
F11R,JAM3
JAM2,JAM3
ESR1,JUN
HLA-A,JUN
EGFR,JUP
CAV1,KDR
FLT1,KDR
FLT4,KDR
NRP1,KDR
PTPN6,KDR
PTPRB,KDR
PTPRG,KDR
PTPRJ,KDR
B2M,KLRD1
HLA-A,KLRD1
EGFR,KRAS
IGF1R,KRT27
ESR1,KRT8
NCAM1,L1CAM
PDCD1,LCK
ABCA1,LDLR
CD74,LGMN
BMPR2,LIMK1
GPC3,LRP1
GPC3,LRP2
FZD4,LRP6
FZD5,LRP6
FZD8,LRP6
FN1,LTK
EGFR,LYN
FN1,MAG
EGFR,MAP2K1
FAS,MAP2K7
IGF1R,MAP3K5
CD19,MAPK1
EGF,MAPK1
EGFR,MAPK1
FGFR2,MAPK1
FGFR3,MAPK1
FGFR4,MAPK1
FN1,MAPK1
IGF1R,MAPK1
ITGAV,MAPK1
MET,MAPK1
PGR,MAPK1
PTPRR,MAPK1
RET,MAPK1
SDC2,MAPK1
EGFR,MAPK14
FN1,MAPK14
RET,MAPK14
EGFR,MAPK3
FN1,MAPK3
MET,MAPK3
MYLK,MAPK3
PGR,MAPK3
GJA1,MAPK7
MET,MAPK8
IGF1R,MDM2
ABCA1,MEGF10
CD82,MET
CDH1,MET
EGFR,MET
IGF1R,MET
INSR,MET
MST1R,MET
PTPRB,MET
PTPRF,MET
PTPRG,MET
PTPRJ,MET
CAV1,MMP14
FGFR1,MMP2
RECK,MMP2
THBS1,MMP2
EGF,MMP9
EGFR,MMP9
FN1,MMP9
PLG,MMP9
RECK,MMP9
THBS1,MMP9
ICAM1,MSN
MET,MST1R
MET,MUC20
IL1R1,MYD88
CALM1,MYLK
FGFR1,NCAM1
FGFR2,NCAM1
L1CAM,NCAM1
PTPRZ1,NCAM1
ROBO1,NCAM1
ROBO3,NCAM1
EGFR,NCK1
KDR,NCK1
ESR1,NCOA1
TIGIT,NECTIN2
IGF1R,NEDD4
NTRK1,NEDD4L
EGFR,NFKB1
IL18,NFKB1
TRADD,NFKB1
TRAF2,NFKB1
TRAF3,NFKB1
VCAM1,NFKB1
EGFR,NOS2
APP,NOTCH1
JAG1,NOTCH1
SMAD3,NOTCH1
ESR1,NR0B2
ESR2,NR0B2
NR1I2,NR0B2
PPARG,NR1H2
RXRA,NR1H2
PPARG,NR1H3
RXRA,NR1H3
RXRA,NR1H4
RXRA,NR1I2
RXRA,NR1I3
RXRA,NR2F1
PPARG,NR2F2
RXRA,NR2F2
RXRA,NR2F6
ESR1,NR3C1
PGR,NR3C1
PPARG,NR3C1
RXRA,NR3C1
RXRA,NR4A1
NR3C1,NR4A2
RXRA,NR4A2
RXRB,NR4A2
RXRG,NR4A2
EGFR,NRAS
ESR1,NRIP1
RARA,NRIP1
RXRB,NRIP1
FGFR1,NRP1
FLT1,NRP1
KDR,NRP1
FLT1,NRP2
TNFRSF1A,NSMAF
PTPRO,NTRK3
KDR,P2RY2
MYLK,PAK1
MYLK,PAK2
EGFR,PDCD6IP
CAV1,PDGFRA
EGFR,PDGFRB
ITGB1,PDPK1
ESR1,PGR
EGFR,PIK3C2B
EGFR,PIK3CA
EGFR,PIK3CB
CD28,PIK3CD
EGF,PIK3CD
EGFR,PIK3CD
FGFR1,PIK3CD
FGFR2,PIK3CD
FGFR3,PIK3CD
FGFR4,PIK3CD
EGFR,PIK3CG
EGFR,PIK3R1
ESR1,PIK3R1
EGFR,PIK3R2
EGFR,PIK3R3
EGFR,PIK3R5
EGFR,PIP5K1C
EGFR,PITPNA
CXCR2,PKD1
TRPV4,PKD2
PLG,PLAT
EGFR,PLCG1
MET,PLCG1
EGFR,PLCG2
EGFR,PLD1
EGFR,PLD2
MET,PLXNB1
RXRA,PPARA
RXRA,PPARD
NR1H3,PPARG
NR3C1,PPARG
RXRA,PPARG
RXRB,PPARG
RXRG,PPARG
CXCR4,PPIA
CAV1,PPP2CA
EGFR,PPP2CA
EGFR,PPP2R1A
FN1,PRKACA
ITGB1,PRKACA
KDR,PRKACA
MET,PRKACA
FN1,PRKACB
ITGB1,PRKACB
FN1,PRKAR1A
ITGB1,PRKAR1A
FN1,PRKAR1B
ITGB1,PRKAR1B
ITGB1,PRKCA
EGFR,PRKCD
PKD2,PRKD1
MYLK,PRKD2
PKD2,PRKD2
PROCR,PROC
THBD,PROC
CD79A,PTEN
FGFR2,PTEN
FGFR3,PTEN
CXCR4,PTK2
EGFR,PTK2
EPHA2,PTK2
ERBB2,PTK2
ERBB3,PTK2
EZR,PTK2
FLT1,PTK2
FLT4,PTK2
INSR,PTK2
ITGA5,PTK2
ITGAV,PTK2
ITGB1,PTK2
ITGB2,PTK2
ITGB3,PTK2
ITGB4,PTK2
ITGB5,PTK2
ITGB6,PTK2
ITGB7,PTK2
ITGB8,PTK2
KDR,PTK2
NEO1,PTK2
PDGFRB,PTK2
PIK3CB,PTK2
PTK2B,PTK2
PTPRG,PTK2
RET,PTK2
EGFR,PTK2B
FLT1,PTK2B
ITGB1,PTK2B
ITGB2,PTK2B
KDR,PTK2B
EGFR,PTK6
EGFR,PTPN1
IGF1R,PTPN1
MET,PTPN1
BCR,PTPN11
CD247,PTPN11
CD3D,PTPN11
CD3E,PTPN11
CD3G,PTPN11
CD4,PTPN11
CD80,PTPN11
CD86,PTPN11
CTLA4,PTPN11
EGF,PTPN11
EGFR,PTPN11
ERBB2,PTPN11
ERBB3,PTPN11
FGFR2,PTPN11
FGFR3,PTPN11
FLT1,PTPN11
HLA-DRA,PTPN11
IGF1R,PTPN11
IL6ST,PTPN11
INSR,PTPN11
KDR,PTPN11
KIT,PTPN11
MET,PTPN11
NTRK1,PTPN11
PDGFRA,PTPN11
PDGFRB,PTPN11
PTK2B,PTPN11
SIRPA,PTPN11
SIRPB1,PTPN11
SIRPG,PTPN11
EGFR,PTPN2
EGFR,PTPN6
FAS,PTPN6
KDR,PTPN6
MET,PTPRB
TEK,PTPRB
LGALS1,PTPRC
EGFR,PTPRJ
KDR,PTPRJ
MET,PTPRJ
KIT,PTPRO
EGFR,PTPRS
NCAM1,PTPRZ1
PTPRO,PXN
FN1,RAC1
ITGB1,RAC1
IGF1R,RACK1
FN1,RAF1
MET,RANBP10
ITGB2,RAP1A
ITGB2,RAP1B
ESR1,RARA
RXRA,RARA
RXRA,RARB
RXRA,RARG
BCR,RASA1
CD5,RASA1
CD79A,RASA1
EGFR,RASA1
INSR,RASA1
RACK1,RASA1
NOTCH1,RBPJ
MMP2,RECK
EGFR,RGS16
EZR,RHOA
FN1,RHOA
IL2RA,RHOA
IL2RB,RHOA
IL2RG,RHOA
ITGA1,RHOA
ITGB1,RHOA
PDPN,RHOA
PLD1,RHOA
EGFR,RIPK1
FAS,RIPK1
TNFRSF1A,RIPK1
TNFRSF1A,RIPK3
NCAM1,ROBO1
NCAM1,ROBO3
EGFR,RPS6KA3
AR,RXRA
ESR1,RXRA
NR1H3,RXRA
NR1H4,RXRA
NR1I2,RXRA
NR3C1,RXRA
PPARA,RXRA
PPARD,RXRA
PPARG,RXRA
RARA,RXRA
RARB,RXRA
RARG,RXRA
THRA,RXRA
THRB,RXRA
VDR,RXRA
PPARG,RXRB
VDR,RXRB
PPARG,RXRG
VDR,RXRG
EGFR,SCAMP3
FN1,SDC2
CEACAM1,SELE
CXCR4,SELL
MET,SEMA4D
EGFR,SH3KBP1
MET,SH3KBP1
ABCA1,SHANK1
KDR,SHB
EGFR,SHC1
IGF1R,SHC1
KDR,SHC2
EGFR,SHC3
EGFR,SHC4
ESR1,SLC2A1
PTK2B,SLC2A1
SMAD1,SMAD4
SMAD2,SMAD4
SMAD3,SMAD4
FAS,SMPD1
NOTCH1,SNW1
EGFR,SNX1
EGFR,SNX2
MET,SNX2
EGFR,SNX4
EGFR,SNX6
EGFR,SOCS1
IGF1R,SOCS1
IGF1R,SOCS2
IGF1R,SOCS3
LEPR,SOCS3
CAV1,SOS1
EGFR,SOS1
ICAM1,SPN
EGFR,SPRY2
CAV1,SRC
EGFR,SRC
ESR1,SRC
FLT1,SRC
FN1,SRC
ICAM1,SRC
IGF1R,SRC
ITGB1,SRC
KDR,SRC
MET,SRC
MYLK,SRC
PKD1,SRC
RXRA,SREBF1
EGFR,STAM
EGFR,STAM2
EPOR,STAT1
IL12RB2,STAT1
KIT,STAT1
ALK,STAT3
AR,STAT3
EGFR,STAT3
ESR1,TBK1
PTPRB,TEK
TIE1,TEK
RXRA,THRA
RXRA,THRB
TEK,TIE1
NECTIN2,TIGIT
EGFR,TJP1
FN1,TMPRSS6
TNFRSF1A,TNFAIP3
FN1,TNFRSF11B
RIPK1,TNFRSF1A
TNFRSF1B,TNFRSF1A
TRADD,TNFRSF1A
TNFRSF1A,TNFRSF1B
TRAF2,TNFRSF1B
EGFR,TNK2
TNFRSF1A,TRADD
TNFRSF1B,TRAF1
TNFRSF1A,TRAF2
TNFRSF1B,TRAF2
CD14,TRAF6
LY96,TRAF6
RIPK1,TRAF6
TLR4,TRAF6
TNFRSF11A,TRAF6
TYROBP,TREM1
EGFR,TRIP13
BMPR2,TRPC1
PKD2,TRPC1
PKD2,TRPV4
FN1,TSHR
IL3RA,TYK2
LEPR,TYK2
EGFR,UBB
EGFR,USP8
EGFR,VAV1
EGFR,VAV2
EGFR,VAV3
ITGA4,VCAM1
ITGA9,VCAM1
ITGB1,VCAM1
THBS1,VCAM1
RXRA,VDR
RXRB,VDR
RXRG,VDR
ESR1,WIPI1
EGFR,YES1
SMAD3,ZEB2
NOTCH1,ZMIZ1
HAVCR1,TIMD4
MUC1,ABL1
FAS,TP53
EGFR,MUC1
TDGF1,ACVR1B
ACVR1B,TDGF1
PVR,CD226
CD226,PVR
PVR,TIGIT
TIGIT,PVR
ICAM1,ITGAM
ITGAM,ICAM1
ITGAM,CSK
HLA-A,LILRB1
HLA-A,KIR3DL2
HLA-F,LILRB1
PVR,CD96
CD96,PVR
ITGB2,ICAM3
ICAM3,ITGB2
VTN,PVR
PLG,ITGAM
ICAM2,ITGAM
SEMA5A,MET
HLA-B,KLRD1
HLA-A,LILRB2
CEACAM5,CEACAM1
CEACAM1,CEACAM5
HLA-F,KIR3DS1
PVR,NECTIN3
NECTIN3,PVR
HLA-F,LILRB2
JAM3,ITGAM
NR3C1,TP53
KIR2DL5A,PTPN11
ALK,TP53
ITGAM,RAP1B
PTPN6,HLA-DRB1
CD80,HLA-DRB1
ITGAM,PTPN2
ITGAM,RAP1A
CD86,HLA-DRB1
CD28,HLA-DRB1
TNFRSF17,AKT1
PLXNB1,AKT1
ITGA2B,AKT1
CXCR3,AKT1
ADRB2,AKT1
EPHA2,AKT1
PTK2B,AKT1
CNTNAP1,RHOA
PIK3CB,RHOA
TNFRSF1A,CASP7
GJA1,CDK1
ESR1,CDKN1A
FAS,MAPK14
GJA1,CSNK1A1
PPARG,CTNNB1
AR,CYP19A1
RORA,CYP19A1
ADRB2,EGFR
TIE1,EGFR
GPNMB,EGFR
EGFR,EGR1
EGFR,EPHB2
NRP1,FLT1
EGFR,GSK3B
PTGER1,HIF1A
TNFRSF1A,ICAM1
IL10RA,IRAK1
ITGA4,ITGB1
EGF,ITGB1
PTPRC,KDR
ENG,SMAD3
BCR,MET
CD40LG,NFKB1
TLR2,NFKB1
SELE,NFKB1
NR3C1,PGR
KDR,MAPK1
ITGA2B,MAPK1
PPARA,MAPK1
APP,MAPK1
PPARG,MAPK1
ICAM1,MAPK1
PPARG,MAPK3
CSPG4,PTK2
VCAM1,PTPN1
BTLA,PTPN11
FGFR1,RPS6KA1
ESR1,S100A6
PGR,SRC
TEK,STAT3
IL18,STAT3
ITGB2,SYK
PROCR,THBD
EGFR,TIE1
ERBB2,CXCR4
PPARG,ABCG2
TNFRSF1A,BAG4
APP,ABL1
AGER,AKT1
EZR,AKT1
S1PR1,AKT1
EPHB2,EGFR
PDGFRB,EGFR
EGF,EGR1
TLR4,EIF2AK2
PPARG,FOXO1
TLR4,IRAK1
CAV1,IRS1
NOTCH1,MAPK1
PLAUR,MAPK1
CAV1,MAPK14
ERBB2,MAPK14
S1PR1,MBTPS1
ICAM1,NFKB1
PPARA,PPARG
TLR4,SOCS1
ABCA1,ACY3
ABCA1,ATG9B
ABCA1,BCAT1
ABCA1,BCKDHB
ABCA1,CLTRN
ABCA1,CNDP2
ABCA1,CPA1
ABCA1,CPA2
ABCA1,CPA6
ABCA1,DPEP1
ABCA1,GOT1
ABCA1,LAP3
ABCA1,NOS3
ABCA1,OGDHL
ABCA1,OGDH
ABCA1,PAH
ABCA1,PEPD
ABCA1,SLC16A10
ABCA1,SLC1A4
ABCA1,SLC1A5
ABCA1,SLC36A1
ABCA1,SLC38A1
ABCA1,SLC38A2
ABCA1,SLC38A3
ABCA1,SLC38A4
ABCA1,SLC38A5
ABCA1,SLC3A1
ABCA1,SLC3A2
ABCA1,SLC43A1
ABCA1,SLC43A2
ABCA1,SLC6A14
ABCA1,SLC6A20
ABCA1,SLC6A7
ABCA1,SLC7A10
ABCA1,SLC7A1
ABCA1,SLC7A2
ABCA1,SLC7A3
ABCA1,SLC7A5
ABCA1,SLC7A6
ABCA1,SLC7A7
ABCA1,SLC7A8
ABCA1,SLC7A9
ABCA1,STS
ABCA1,TMEM91
ABCA1,TPSD1
ACE2,ABCA1
ACE2,BCAT1
ACE2,GOT1
ACE2,OGDHL
ACE2,OGDH
ACE2,SLC16A10
ACE2,SLC38A1
ACE2,SLC38A2
ACE2,SLC38A4
ACE2,SLC3A2
ACE2,SLC43A1
ACE2,SLC43A2
ACE2,SLC6A14
ACE2,SLC7A1
ACE2,SLC7A2
ACE2,SLC7A3
ACE2,SLC7A5
ACE2,SLC7A6
ACE2,SLC7A7
ACE2,SLC7A8
ACTR2,AGTR1
ACTR2,EGFR
AGTR1,ACTR2
AGTR1,ACTR3
AGTR1,ARPC1A
AGTR1,ARPC2
AGTR1,ARPC3
AGTR1,ARPC4
AGTR1,ARPC5
AGTR1,ARRB1
AGTR1,ARRB2
AGTR1,PIP5K1A
AGTR1,PIP5K1B
AGTR1,PIP5K1C
AGTR1,RAF1
ALOX5,GPX4
ANPEP,GCLM
AOC3,IL4I1
AOC3,NOS3
APP,CACNB2
APP,CASP3
APP,HMOX1
APP,SOD2
APP,TP53
AR,CREBBP
AR,MAPK1
AR,TP53
ATP1A3,ABCC9
ATP1A3,GNB3
ATP1A3,GNG7
ATP1A3,KCNJ16
ATP1A3,KCNJ8
ATP1A3,RXRA
ATP1A3,SLC23A1
ATP1A3,SLC23A2
ATP1A3,SLC38A4
ATP1A3,SLC7A5
ATP5F1B,NME4
BCR,GNB3
BCR,GNG7
BMPR2,TGFBR1
BSG,SLC22A12
CACNA1C,ATP2B1
CACNA1C,CACNB2
CACNG1,CACNB2
CACNG2,CACNB2
CACNG3,CACNB2
CACNG4,CACNB2
CACNG5,CACNB2
CACNG7,CACNB2
CACNG8,CACNB2
CALM1,CACNB2
CATSPER1,CACNB2
CATSPER2,CACNB2
CATSPER3,CACNB2
CATSPER4,CACNB2
CATSPERB,CACNB2
CATSPERD,CACNB2
CAV1,MAPK1
CAV1,MAPK3
CAV1,PRKCD
CAV1,TRAF2
CD247,GNB3
CD247,GNG7
CD28,GNB3
CD28,GNG7
CD28,PTEN
CD3G,GNB3
CD3G,GNG7
CD4,PTK2
CD80,GNB3
CD80,GNG7
CD80,PIK3CD
CD86,GNB3
CD86,GNG7
CD86,PIK3CD
CDH1,MAPK1
CHRNA1,CACNB2
CHRNA2,CACNB2
CHRNA3,CACNB2
CHRNA4,CACNB2
CHRNA5,CACNB2
CHRNA6,CACNB2
CHRNA7,CACNB2
CHRNA9,CACNB2
CHRNB2,CACNB2
CHRNB3,CACNB2
CHRNB4,CACNB2
CNGB1,CACNB2
CNR1,PTK2
DCC,CASP3
DCC,PTK2
DLG1,CACNB2
DLG3,CACNB2
DLG4,CACNB2
EGF,PTEN
EGFR,ACP1
EGFR,ACTR2
EGFR,ACTR3
EGFR,AKT2
EGFR,ARPC1A
EGFR,ARPC2
EGFR,ARPC3
EGFR,ARPC4
EGFR,ARPC5
EGFR,CASP3
EGFR,CPT1A
EGFR,CPT1B
EGFR,CPT1C
EGFR,CPT2
EGFR,CSK
EGFR,DUSP1
EGFR,DUSP3
EGFR,FYN
EGFR,GAB2
EGFR,GNB1
EGFR,GNG2
EGFR,GRAP2
EGFR,HIF1A
EGFR,INPP5D
EGFR,INPP5J
EGFR,INPP5K
EGFR,LAT
EGFR,LCK
EGFR,LCP2
EGFR,PIP5K1A
EGFR,PIP5K1B
EGFR,PRKCA
EGFR,PRKCB
EGFR,PRKCE
EGFR,PRKCG
EGFR,PRKCI
EGFR,PRKCZ
EGFR,PRKD1
EGFR,PTEN
EGFR,PTPN12
EGFR,PTPN21
EGFR,PTPN3
EGFR,PTPN9
EGFR,PTPRA
EGFR,PTPRG
EGFR,PTPRK
EGFR,PTPRU
EGFR,SLC25A20
EGFR,SPRY1
EGFR,SPR
EGFR,UBE2D1
EGFR,UBE2D2
EGFR,UBE2D3
ENO1,NME4
EPHA4,PTPRO
EPHB2,PTPRO
EPOR,PTEN
ERAP1,TAP1
ERAP1,TAP2
ERBB2,MAPK1
ERBB2,PTPRO
ERBB3,MAPK1
ESR1,AHR
ESR1,AKT2
ESR1,AKT3
ESR1,BRCA1
ESR1,CDK2
ESR1,CDK4
ESR1,CES1
ESR1,CGB5
ESR1,CGB8
ESR1,COMT
ESR1,CYP1A1
ESR1,CYP1B1
ESR1,CYP2C19
ESR1,CYP2C9
ESR1,CYP3A4
ESR1,CYP3A5
ESR1,DVL1
ESR1,DVL2
ESR1,DVL3
ESR1,EGFR
ESR1,EP300
ESR1,FGFR2
ESR1,FHL2
ESR1,FLG
ESR1,FOS
ESR1,FOXM1
ESR1,GLP1R
ESR1,GNB1
ESR1,GNB2
ESR1,GNB3
ESR1,GNB4
ESR1,GNB5
ESR1,GNG10
ESR1,GNG11
ESR1,GNG12
ESR1,GNG13
ESR1,GNG2
ESR1,GNG3
ESR1,GNG4
ESR1,GNG5
ESR1,GNG7
ESR1,GNG8
ESR1,GNGT1
ESR1,GNGT2
ESR1,GRB2
ESR1,GSK3B
ESR1,GSN
ESR1,HRH2
ESR1,HSD11B1
ESR1,HSD17B2
ESR1,HTR1A
ESR1,ITGB3BP
ESR1,KAT5
ESR1,KMT2D
ESR1,LCK
ESR1,MAPK1
ESR1,MAPK3
ESR1,MGMT
ESR1,MT1A
ESR1,MTA1
ESR1,NCOR1
ESR1,NCOR2
ESR1,NELFB
ESR1,NR0B1
ESR1,NR1I3
ESR1,PAK6
ESR1,PDE4B
ESR1,PELP1
ESR1,PHB2
ESR1,PIAS1
ESR1,PPARGC1A
ESR1,RB1
ESR1,SHC1
ESR1,SOS1
ESR1,SP1
ESR1,STUB1
ESR1,SULT1E1
ESR1,TP53
ESR1,TRIM24
ESR1,TRRAP
ESR1,VAV3
ESR2,AKT1
ESR2,GNB3
ESR2,GNG7
ESR2,MAPK1
EXTL3,ALG5
FAS,CASP8
FAS,EIF2AK3
FCER1A,PTPN11
FCGR1A,GNB3
FCGR1A,GNG7
FCGR2A,GNB3
FCGR2A,GNG7
FCGR3A,GNB3
FCGR3A,GNG7
FGFR1,GNB3
FGFR1,GNG7
FGFR1,PTPN11
FGFR2,GNB3
FGFR2,GNG7
FGFR3,GNB3
FGFR3,GNG7
FGFR4,GNB3
FGFR4,GNG7
FGFR4,PTPN11
FLT1,PTPRJ
FLT3,AKT1
FLT3,MAPK1
FXYD6,ABCC9
FXYD6,GNB3
FXYD6,GNG7
FXYD6,KCNJ16
FXYD6,KCNJ8
FXYD6,RXRA
FXYD6,SLC23A1
FXYD6,SLC23A2
GHR,STAT3
GLP1R,ESR1
GPNMB,HIF1A
GRIA1,CACNB2
GRIA3,CACNB2
GRIA4,CACNB2
GRIK1,CACNB2
GRIK2,CACNB2
GRIK3,CACNB2
GRIK4,CACNB2
GRIK5,CACNB2
GRIN1,CACNB2
GRIN2A,CACNB2
GRIN2B,CACNB2
GRIN2C,CACNB2
GRIN2D,CACNB2
HFE,FTMT
HRH2,ESR1
HTR1A,ESR1
HTR3A,ABCC9
HTR3A,CACNB2
HTR3A,GNB3
HTR3A,GNG7
HTR3A,KCNJ16
HTR3A,KCNJ8
HTR3B,ABCC9
HTR3B,CACNB2
HTR3B,GNB3
HTR3B,GNG7
HTR3B,KCNJ16
HTR3B,KCNJ8
HTR3C,ABCC9
HTR3C,CACNB2
HTR3C,GNB3
HTR3C,GNG7
HTR3C,KCNJ16
HTR3C,KCNJ8
HTR3D,ABCC9
HTR3D,CACNB2
HTR3D,GNB3
HTR3D,GNG7
HTR3D,KCNJ16
HTR3D,KCNJ8
HTR3E,ABCC9
HTR3E,CACNB2
HTR3E,GNB3
HTR3E,GNG7
HTR3E,KCNJ16
HTR3E,KCNJ8
ICAM1,HSPA1A
ICAM1,HSPA1B
ICAM1,RELA
ICAM1,TNFRSF1A
ICAM1,TP53
ICAM1,XBP1
IFNGR1,MAPK1
IFNGR1,PTPN11
IGF1R,PRKCD
IGF1R,PRKD1
IGF1R,PTEN
IGF1R,PTPRF
IL13,HMOX1
IL13,KEAP1
IL13,NFE2L2
IL13,SIRT1
IL13,SOD2
IL13,TP53
IL18,CASP3
IL18,TP53
IL1RAP,IRAK1
IL6ST,MAPK1
INPP5K,EGFR
INPP5K,PIK3CD
INPP5K,PTEN
ITGA2,MET
ITGA3,MET
ITGA5,EGFR
ITGAX,FYN
ITGB1,MET
ITGB2,FYN
ITGB3,AKT1
ITGB3,KDR
ITPR1,AKT1
ITPR1,MAPK1
KDR,FYN
KDR,PTPN2
KDR,PTPRB
KDR,PTPRC
KDR,PTPRG
KDR,RAC1
KDR,RHOA
KDR,ROCK1
KDR,ROCK2
KLB,GNB3
KLB,GNG7
KLB,PTPN11
KL,GNB3
KL,GNG7
KL,PTPN11
LDLR,ABCA1
LDLR,VDR
LRP5,DVL2
LRP6,AMER1
LRP6,CSNK1A1
LRP6,DVL2
LRP6,DVL3
LRP6,FZD4
LRP6,FZD5
LRP6,FZD8
LRP6,GNB1
LRP6,GNG2
MET,BCR
MET,CTNNA1
MET,FYN
MET,PTPN13
MET,PTPN2
MET,PTPRF
MET,PTPRG
MMP2,EPHB2
MMP2,MMP1
MST1R,PTEN
MUC1,EGFR
NCAM1,FYN
NR3C1,HSD11B2
NT5E,ADK
NT5E,DGUOK
NT5E,NT5C
NT5E,PNP
NT5E,TYMP
NTRK3,PTPRO
ORAI2,CACNB2
P2RX4,CACNB2
P2RX6,CACNB2
P2RX7,CACNB2
PDGFRB,DVL2
PDGFRB,PTEN
PDGFRB,TP53
PGR,HSD17B2
PIK3CB,DVL2
PIK3CB,EGFR
PIK3CB,GNB3
PIK3CB,GNG7
PIK3CB,PIK3CD
PIK3CB,PTEN
PKD1,CXCR2
PKD1,PTK2
PLD1,AKT1
PLD1,EGFR
PLD1,PIGF
PLD2,EGFR
PLD2,MTOR
PLD2,SLC7A5
PPARA,TXN
PPARD,ACSL4
PPARG,CREBBP
PPARG,CSNK2A1
PPARG,CYP26A1
PPARG,CYP26B1
PPARG,CYP2C9
PPARG,CYP3A4
PPARG,MED1
PPARG,NCOA1
PPARG,NCOA2
PPARG,NCOA3
PPARG,PPARA
PPARG,PTGDS
PRNP,BCL2
PRNP,PTK2
PRNP,TP53
PTK2B,KDR
PTK2B,PTEN
PTK7,PTPN11
PTPRD,PTK2
RACK1,TNFRSF1A
RARA,PTK2
ROBO1,ABL1
RXRA,AHCYL2
RXRA,ATP1A1
RXRA,ATP1A2
RXRA,ATP1A3
RXRA,ATP1A4
RXRA,ATP1B2
RXRA,ATP1B3
RXRA,FXYD1
RXRA,FXYD2
RXRA,FXYD3
RXRA,FXYD4
RXRA,FXYD6
RXRA,FXYD7
RXRA,NCOA1
RXRA,NCOA2
RXRA,NCOA3
RXRA,SLC25A20
RXRA,SLC4A4
RXRA,SLC4A5
RXRA,SLC4A7
RXRA,SLC4A9
SIGIRR,TLR4
SLC16A7,NME4
SLC1A5,ABCA1
SLC1A5,NME4
SLC1A5,NOS3
SLC1A5,SLC23A1
SLC1A5,SLC38A4
SLC1A5,SLC7A5
SLC2A2,SLC2A1
SLC40A1,FTMT
SLC5A11,SLC23A1
SLC5A11,SLC38A4
SLC5A11,SLC7A5
SLC9A1,CDK1
SLC9A1,SLC23A1
SLC9A1,SLC38A4
SLC9A1,SLC7A5
SMAD2,AHR
SPHK1,PLAT
STX1A,ATP2B1
TGFBR2,CDK1
THBD,PROCR
TLR2,IRAK1
TLR4,IRAK2
TLR4,IRAK4
TRPC3,CACNB2
TRPC5,CACNB2
TRPC6,CACNB2
TRPM2,CACNB2
TRPM3,CACNB2
TRPM6,CACNB2
TRPV1,CACNB2
TRPV2,CACNB2
TRPV4,CACNB2
TRPV6,CACNB2
VDR,COMT
VDR,CYP27A1
VDR,CYP7A1
VDR,GCLC
VDR,HMOX1
VDR,LDLR
VDR,NCOA1
VDR,NR1I3
VDR,PON1
VDR,SNW1
MSN,ICAM1
PPARG,HDAC3
CD82,EGFR
RXRA,NCOA6
CD93,F12
FAS,PTPN13
KDR,FBXW11
PTPN6,PTPN11
PLXNB1,MET
ERBB3,EGFR
ABCA1,CSNK2A1
ESR1,SMAD3
PGR,HMGB2
ESR1,USF1
NRP1,FGFR1
NOTCH1,EP300
RXRA,NFKB1
IFNAR1,MAPK1
CAV1,CSK
TNFRSF1A,TRAF1
CXCR4,CD4
FLT1,ATR
ITGB2,ILK
ITGB2,DOK1
EZR,EGFR
ITGB2,PRKCD
ESR1,MKNK2
GHR,PTPN11
PTPRO,PIM1
APLP1,CDKN1A
AR,EP300
CSF2RB,PTPN11
ITGB2,TLN1
PGR,JDP2
CAV1,CSNK2A2
EGFR,CAMK2G
CAV1,RHOA
DSG3,CASP3
NOTCH1,NUMBL
PPARG,NCOA4
PGR,UBE3A
PGR,POU2F1
RARG,HMGA1
PLG,ANXA2
TNFRSF1A,MAPK1
CDH1,CASP3
PGR,ZBTB17
ITGB1,IGF1R
ITPR1,BCL2
TNFRSF1A,ERN1
ESR1,RBM39
MET,DAPK3
OCLN,SMAD4
TRAF2,TNFRSF1A
RORA,EP300
PPARA,NRIP1
VDR,SMAD3
PDGFRB,EIF2AK2
APP,CASP8
FCGR2B,MAPK1
MST1R,AKT1
CSPG4,TNK2
RARA,NR0B2
TLR4,SIGIRR
TNFRSF25,MAPK1
PGR,TRIM24
AQP1,KRTAP4-12
MYLK,PRKG2
NR3C1,NRIP1
PGR,NCOA3
GFRA1,NCAM1
AR,NFKB1
TNFRSF1A,RIPK2
TRADD,STAT1
NCSTN,ABL1
ACVR1B,ACVR1
AR,NRIP1
TNFRSF1A,DAPK1
RXRA,COPS2
FAS,LCK
CAV1,PTPN1
PTPN6,FAS
ESR1,NR2C2
HLA-A,DERL1
VIPR1,PTMA
ITGB1,DOK1
ESR1,SMARCA4
THRA,HDAC2
SELE,PTPN11
CAV1,INSR
KDR,ATR
ESR1,TDG
ITGB1,MAP4K4
FN1,PKD1
ITGAM,IRAK1
ITGAD,VCAM1
PPARG,NFE2L2
SMAD3,FOXO3
SMAD1,EP300
AGTR2,PIK3CB
CD19,ABL1
AGTR2,GNAI3
SCN8A,MAPK14
NOTCH1,MAML1
BMPR2,MOS
CD44,EGFR
L1CAM,RPS6KA1
ENG,TGFBR2
PTPRO,KIT
ENG,ACVR2A
RXRA,PSMC5
NOTCH1,KAT2A
NTRK3,MAPK1
ATP6AP2,REN
ESR1,POU4F1
ITGB2,PRKCB
RXRA,POU2F1
PPARG,MED24
RXRA,NFKBIB
CAV1,RAC1
TLR4,RIPK2
AGTR1,JAK2
PPARG,NCOR1
TRAF2,CAV1
PPARG,NCOA6
HLA-A,PRKCA
THRA,CREBBP
EGFR,MAP3K14
CD47,PTK2
ITGB1,PRKCE
BMPR2,MAP3K8
TGM2,CASP3
EGFR,PAK1
EGFR,CLTCL1
TNFRSF1B,CSNK1A1
NOTCH1,ITCH
SMAD1,MEN1
CSF2RB,KDR
CNR1,GNAI2
LIFR,MAPK1
CNR1,MET
VDR,TRIM24
VDR,CDK7
SMAD3,MEN1
ITGB1,TLN1
LGALS3,CSNK2A2
MMP14,CAV1
SMAD1,ZEB2
RXRG,CREBBP
ANXA2,MAP3K4
TNFRSF1A,STAT1
THRB,TP53
ITGB2,PRKCH
EPOR,MAPK1
TNFRSF1B,BMX
TREM1,TYROBP
CAV1,ESR1
AR,FOXA1
CDH1,PKD1
MYLK,YAF2
ENG,TGFBR1
UNC5A,DAPK1
ESR1,SMAD4
CD163,CSNK2B
ITGB2,PRKCA
CEACAM1,SRC
HLA-A,PRKAR1A
MYLK,RNF10
SCN5A,NEDD4L
RXRA,TRIM24
FAS,HIPK3
ESR1,NR2C1
CEACAM1,MAP3K10
TLR4,SYK
C1QBP,MAPK1
IL2RA,ICAM1
ITGAM,JAM3
NOTCH1,YY1
RXRA,MAPK7
CXCR4,ARRB2
NOTCH1,KAT2B
SLC9A1,MAPK14
LGALS3,CSNK2A1
PGR,NCOA1
EGFR,PRKACA
ESR1,MPG
RXRA,SP1
FAS,PRKCA
PGR,CCNA2
SELE,PTK2
ITGB1,ITGA4
HLA-A,SRC
ITGA3,ADAM9
JAM3,TJP1
RXRA,PNRC2
PLXNA1,AKT1
RXRA,NCOR2
TRIM27,DNMT1
CAV1,TRAF6
AGTR2,ERBB3
SMAD2,FOXO3
TRADD,DAPK1
ESR1,TRIM28
EGF,ADAM12
NGFR,MAPK1
MMP2,CLDN1
RXRA,MED24
SMAD3,YBX1
NCL,TP53
ESR1,CDK7
ESR1,SAFB
ESR1,MNAT1
CCR5,PTK2
RXRA,NR0B2
CD93,SCYL1
TLR8,BTK
CAV1,TGFBR1
GJA1,MAPK3
PPARG,HMGA1
HLA-A,TAPBP
RXRA,SRF
FAS,FYN
SMAD3,EPAS1
CAV1,CSNK2A1
IL1RAP,MYD88
CD151,ITGB1
GJA1,CSNK1D
ADORA2B,DCC
CD151,ITGA3
NRP2,FLT1
CAV1,GNAI2
PPARG,NCOR2
SMAD3,VDR
DPP4,CXCR4
HCRTR1,CNR1
FN1,GSN
CD151,ITGA6
NOTCH1,MAML2
NOTCH1,SMAD3
EGFR,CAMK2A
SMAD3,TP53
ESR1,MAPK14
SIGIRR,IRAK1
ABCA1,RIMS2
AGTR1,HRAS
ESR1,POU4F2
KIT,ABL1
ESR1,PIAS3
CXCR4,JAK1
ANXA2,SRC
ENG,ACVR1
GJA1,MAPK1
KDR,YES1
ESR1,NR2F1
AGTR1,EGFR
ABCA1,LIMK1
PKD2,HAX1
FAS,MET
RXRB,NR0B2
ABCA1,FADD
P2RY2,KDR
AR,NSD1
EGFR,CLTA
CD226,ITGB2
RXRA,MYOD1
AR,NR0B2
CAV1,HRAS
CAV1,ILK
RXRA,TRIP10
LRP1,PLAT
CAV1,BMX
VDR,CREBBP
CD74,CTSL
RXRA,TADA3
AGTR1,GRK3
ESR1,TADA3
TNFRSF1A,RACK1
AGTR1,GRK2
CAV1,GRK2
PKD1,CTNNA1
PKD1,DES
PKD1,KRT8
PKD1,PXN
PKD1,CDH1
PKD1,RGS7
PKD1,JAK2
PKD1,BCAR1
PKD1,TLN1
PKD2,TNNI3
PKD2,PACS1
PKD2,ACTN2
PKD2,CD2AP
PKD2,DIAPH1
PKD2,TPM1
EGFR,SLC9A3R1
EGFR,ICAM1
EGFR,CAV2
EGFR,SLC3A2
EGFR,SH3GL2
IGF1R,CBL
PTK2B,FLT1
PIK3CB,MME
PIK3CB,AGTR2
BMPR2,PRKCB
BMPR2,TWF1
MYLK,PRKCA
EPHB2,MMP2
EPHB2,MMP9
EGFR,JUNB
EGFR,SOD2
DCC,NET1
CNTN2,NCAM1
TLR4,TLR6
ESR1,HDAC4
EGFR,SDC3
UNC5B,NET1
LEPR,IRS2
ESR1,JAK2
LEPR,IGF1R
LEPR,IRS1
LEPR,ERBB2
TSHR,IGF1R
EGFR,PLS1
RHO,DVL2
CD44,BMPR2
JMJD6,BAP1
CD44,EGR1
TLR4,EGFR
AQP1,IKZF3
CD9,EGR1
AQP1,SIAH1
ESR1,CEBPD
AQP1,MTUS2
ERAP1,RBMX
RACK1,EZH2
CXCR4,ATF1
TLR4,MYH9
PPARG,CEBPD
DSC3,EZH2
IL1R1,RAC1
IL1R1,GATA3
AQP1,TRAF2
VDR,NOD2
PPARG,KLF9
CXCR4,CEBPD
IL1R1,AKT1
C1QB,EGR1
CXCR4,PLEC
AQP1,KCTD9
CXCR4,USF1
CXCR4,KLF4
TLR4,SPI1
TLR4,IRF4
EGFR,CASP7
IL1R1,EGR1
PPARG,KLF6
AQP1,CEP44
PPARG,SUMO1
TLR4,IRF8
CXCR4,FLOT1
TLR8,CEBPB
PPARG,E2F1
AQP1,IKZF2
AQP1,FOS
CXCR4,KTN1
IL1R1,FREM1
TLR4,CNPY3
AQP1,RGS20
TLR8,TLR9
TLR4,TREM1
AQP1,FSD2
NR1I2,NLRP3
FAS,ISG15
BMPR2,SRC
IL1R1,IRAK4
MERTK,FOXA1
TRAF3,TRAF6
TLR8,CEBPD
ERAP1,EGR1
IL1R1,TMED7
ANXA2,ISG15
TLR4,CIRBP
SMAD3,EGR1
TLR4,TMED7
ABCA1,EGR1
TLR9,VRK3
SMAD1,EGR1
TLR8,STAT1
IL1R1,TBX21
HMMR,EGR1
EGFR,TLR2
TLR4,NOX4
CXCR4,NRF1
CXCR4,IRF2
LRP2,EGR1
AQP1,TRAF1
LEPR,UBC
EGFR,EXOC7
MYLK,NFKB1
PTPRO,EPOR
ESR1,KLK5
MYLK,NCK1
PTPRO,PDPK1
EGFR,SYN1
DCC,RASA1
EGFR,ERCC1
ESR1,NDRG2
EGFR,MAST1
MET,AGO2
ABCA1,STX12
EGFR,TSTD2
MMP2,STAT3
CXCR5,CXCR4
SPHK1,TRAF6
EFNA5,ABL1
EGFR,MATR3
EGFR,ROR1
EGFR,EXOC4
AQP1,TRIM7
RIPK1,EP300
EGFR,RUSC2
ANXA2,MLH1
SFRP4,SMAD4
ESR1,CHD3
PTPRO,NSF
CD44,TRAF6
EGFR,TRAF2
EGFR,EXOC8
CTLA4,LAX1
ESR1,SENP5
MRC2,AKT1
CXCR4,MYH9
TIGIT,CD226
LRP6,EEA1
ANXA1,HSPB1
KIT,EZH2
CNTN2,EGFR
AQP1,ZIM2
EGFR,FKBP4
EGFR,MEGF6
PKD2,MDFI
MET,GRB14
FZD5,RGS2
MET,SHB
JMJD6,U2AF1
NCAM1,UCHL1
CD81,TRAF6
PKD2,GCC2
FAS,NFKB2
AQP1,TNS2
ESR1,ASXL1
FZD2,STAT3
MET,SCRIB
JMJD6,CDK9
AQP1,KRT37
ANXA2,TNIK
AQP1,MKRN3
EGFR,ACTN4
EGFR,STAP2
CD82,NFKB1
TLR4,PGS1
ESR1,NR1H4
PTPRO,GAB1
JMJD6,FGD5
MET,FES
JMJD6,NFIX
MET,NCK2
EGFR,CYLC2
MET,ABL2
AQP1,RGS17
EGFR,PSMD4
LRP1,EGFR
JMJD6,SLU7
LEPR,GRB2
EGFR,RET
ANXA2,TERF1
EGFR,FKBP5
PKD2,PLS1
GPC4,CCNC
GPR45,ABL1
NLGN3,PRDX2
CAV1,HDAC6
JMJD6,CCNL1
CNTFR,ABL1
LRP6,LRRK2
FAS,NDRG1
EGFR,GPM6B
JMJD6,RSRC1
EGFR,HDAC7
EGFR,OAZ1
EGFR,CSRP1
EGFR,STIP1
EGFR,FRAT2
ESR1,SNW1
NR1H3,MEN1
AQP1,RBAK
EGFR,PIM1
RET,CASP3
EGFR,TAB1
AQP1,CREB3
FLOT1,CAV1
MET,SOCS5
MYLK,HSPB1
AQP1,REL
EGFR,TRMO
ANXA2,EIF1B
EGFR,RGS4
JMJD6,LARP7
MET,MATK
MET,TNS2
ICAM1,CEBPB
EGFR,PLCH1
MET,SOCS3
EGFR,PRDX1
EGFR,DOK1
ANXA2,TRAF6
ESR1,CSRP1
EGFR,ADRM1
EGFR,LAMP1
EGFR,TMCO3
EGFR,EEA1
PTPRC,LEPR
ABCA1,FLOT1
EGFR,UCHL1
EGFR,CHD5
ESR1,UBE4B
ADCY9,HSPB1
LEPR,PTPRJ
AQP1,LDOC1
JMJD6,CENPL
ESR1,MTA2
ANXA2,ARF6
PPARG,ZYX
IGF1R,FFAR2
LYPD3,IGF1R
IGF1R,GRB14
MET,SH2B3
EGFR,PIN4
MYLK,GRB2
ANXA2,PAK2
EGFR,PDK3
EGFR,AIP
AQP1,GLI1
EGFR,SPCS2
EGFR,NTRK2
IGF1R,MTA3
MET,PASK
FAS,FOXI1
JMJD6,TAF1
LRP6,BAMBI
TLR2,AKT1
EGFR,FANCC
EGFR,AHSA1
EGFR,PTGDS
LRP6,UBC
ABCA1,DMD
CAV1,ABL2
ABCA1,KIF11
CAV1,GRB10
CAV1,ACTB
TLR2,CXCR4
VDR,LEF1
PPARG,ACTN4
JMJD6,CPSF6
CAV1,STIM1
LRP6,RIPK4
C1QBP,NFKB1
PPARG,CNOT1
RHO,CAV1
ESR1,RPA2
BMPR2,OC90
JAM3,PICK1
MMP2,MMP17
MMP2,TIMP4
PKD2,PKHD1
EPHA5,STAT3
CD82,CD151
PPARD,HDAC4
PPARG,HDAC4
SMAD1,ZEB1
ESR1,PPID
SMAD1,STAT3
RXRG,NR0B2
CAV1,DAG1
VDR,MED12
VDR,MED14
VDR,MED16
ANXA2,SOS1
SMAD2,CAV1
ESR1,MED12
ESR1,MED23
ESR1,MED16
ESR1,CCNC
ESR1,TRAM1
EPHA3,ABL1
EGFR,NCAM1
IL1R1,TOM1
MYLK,ALK
ERBB3,EGR1
EGFR,TPM1
BMPR2,FHL2
PPARG,ZBTB5
PPARG,ZBTB3
ESR1,SMYD3
ESR1,MYOD1
ESR1,XRCC6
ESR1,AHRR
NRP1,SRRM1
ESR1,SETD7
VDR,CSN2
VDR,BAZ1B
SMAD1,KDM6B
ESR1,ACTB
ESR1,MYO1C
SMAD3,KDM6B
ERBB2,IGF1R
ANXA2,H2AX
ABCA1,HGS
VDR,FOXO4
VDR,MED23
VDR,MED4
VDR,MED7
CD4,EIF3D
CD4,ANXA2
LPAR2,BCL6
ABCA1,CSN2
ANXA2,CDK7
VDR,ACTN4
ESR1,ACTN4
TRAF3,TLR9
PPARG,ROBO4
ESR1,SOS2
SPHK1,EP300
ESR1,SKIL
JMJD6,BRD4
JMJD6,LUC7L
JMJD6,CCNL2
JMJD6,CDCA2
JMJD6,MFAP1
JMJD6,RBM25
JMJD6,RSRC2
SMAD3,YAP1
ESR1,KDM4B
EGFR,YAP1
ANXA1,ANXA5
ANXA2,ARRB1
FAS,ARRB1
ESR1,TAF2
EGFR,CD2AP
ESR1,XPO1
CAV1,PDIA3
EGFR,H2AX
CD44,CAV1
CD44,EP300
CD44,STAT3
CXCR4,CAV1
ESR1,UIMC1
TLR4,HGS
LEPR,RNF41
MET,SPSB2
MET,SPSB3
BMPR2,TRIB3
FAS,CUL3
CUL5,NFKB1
MMP2,CAND1
ESR1,SPOP
ANXA2,CDK9
KCNA3,CAV1
IL1R1,PELI1
BMPR2,SMAD6
BMPR2,SMAD7
EGFR,RBM10
EGFR,DOCK4
EGFR,MYCBP
EGFR,RIOK1
EGFR,DDX60
EGFR,IRS2
EGFR,RBM41
ANXA2,RACK1
MET,DHX16
EGFR,MPV17
MET,ILF2
EGFR,TRPV1
MYLK2,ESR1
DSG1,ESR1
ESR1,BUD13
ESR1,DDX18
ESR1,DDX21
ESR1,DHX15
ESR1,GNL3
ESR1,ILF2
ESR1,MYH9
ESR1,NAT10
ESR1,NOP56
ESR1,PGAM5
ESR1,HACD3
ESR1,RBMX
ESR1,RPN2
ESR1,SRSF7
ESR1,TOP1
ESR1,CHD4
ESR1,FLNB
ESR1,MYO6
ESR1,GLYR1
ESR1,POP1
ESR1,PSIP1
ESR1,SCYL2
ESR1,SRRM2
ANXA2,ESR1
ESR1,DDX3Y
ESR1,MYL6B
ESR1,SRSF5
ESR1,SRSF3
CFTR,HSPB1
ESR1,FHL1
PPARG,JAZF1
ANXA2,MYC
VCAM1,PSME3
VCAM1,MSI2
VCAM1,SSRP1
VCAM1,MCM4
VCAM1,FKBP4
VCAM1,VDAC1
VCAM1,ARAP1
VCAM1,CNBP
VCAM1,TOP1
VCAM1,UBR4
VCAM1,BOLA2
VCAM1,CHD4
VCAM1,AP2S1
VCAM1,AGFG1
VCAM1,STRAP
VCAM1,HBG1
VCAM1,EPN1
VCAM1,RPN1
VCAM1,STIP1
VCAM1,RCC1
VCAM1,RAC1
VCAM1,NAA15
VCAM1,RAB5C
VCAM1,VTA1
VCAM1,PSMD2
VCAM1,HIP1R
VCAM1,VDAC2
VCAM1,STMN1
VCAM1,PPIL1
VCAM1,PLEC
VCAM1,DRG1
VCAM1,DDX21
VCAM1,PDCD6
VCAM1,RAP1B
VCAM1,STON2
VCAM1,MACF1
VCAM1,FLNB
VCAM1,VASP
VCAM1,MYH9
VCAM1,XPO1
VCAM1,SRSF9
VCAM1,SND1
VCAM1,DDX1
VCAM1,PRDX6
VCAM1,XRCC6
VCAM1,SMAP2
VCAM1,EIF3E
VCAM1,DDAH2
VCAM1,SCRIB
VCAM1,ARPC3
VCAM1,EIF3B
VCAM1,RALY
VCAM1,MYH10
VCAM1,RAP2B
VCAM1,DHX15
VCAM1,PRDX3
VCAM1,GLRX3
VCAM1,LDHB
VCAM1,CPSF7
VCAM1,ANXA2
VCAM1,FSCN1
VCAM1,MCM3
VCAM1,ZYX
VCAM1,TLN1
VCAM1,ILF2
VCAM1,PRDX1
VCAM1,ACTN4
VCAM1,XPO5
VCAM1,RBMX
VCAM1,PHB
VCAM1,AP2A1
VCAM1,FLNC
VCAM1,EIF3I
VCAM1,NUP93
VCAM1,CD2AP
VCAM1,RAC2
VCAM1,IGHG1
VCAM1,EIF3L
VCAM1,SNX3
VCAM1,MBNL1
VCAM1,RBM14
VCAM1,PHB2
VCAM1,GRB2
VCAM1,HSPB1
VCAM1,BUB3
VCAM1,RACK1
VCAM1,NTPCR
VCAM1,ACTB
VCAM1,PRDX2
FAS,VCAM1
VCAM1,PARP1
VCAM1,UBB
VCAM1,NONO
VCAM1,VAMP8
VCAM1,DHX9
VCAM1,DDX3X
VCAM1,RBM4
VCAM1,PCBP2
VCAM1,PCBP1
DAB2,PRDX1
GPC4,IQCB1
ANXA2,IQCB1
FAS,NOS2
PPARG,MED14
CAV1,KCNN3
CFTR,PKD1
ITPR3,CAV1
CAV1,TNS2
CD81,AKT1
CD81,ACTN4
ICAM1,EIF3L
ACVR1,PEG10
ANXA2,HMGA1
ANXA1,HMGA1
BMPR2,CAV1
CAV1,AXIN1
ANXA2,TERT
ANXA2,BAG3
GPC4,BAG3
NRP1,PLVAP
EGFR,KRT86
EGFR,AP1S1
EGFR,XPO1
EGFR,AP1M2
EGFR,IPO7
EGFR,TNPO1
EGFR,BAG2
EGFR,SGPL1
EGFR,XPO4
EGFR,GCN1
EGFR,HOOK2
EGFR,PEX19
EGFR,ARL1
EGFR,TNPO3
EGFR,AP1G2
EGFR,TNPO2
EGFR,RPN1
EGFR,LTN1
EGFR,EXOC5
EGFR,PDIA3
EGFR,COG7
EGFR,MMS19
EGFR,STRAP
EGFR,MON2
EGFR,COG5
EGFR,BZW2
EGFR,COG6
EGFR,THEM6
EGFR,COG4
EGFR,BUB3
EGFR,XPO7
EGFR,XPO5
EGFR,TTC27
EGFR,DDX20
EGFR,IPO11
EGFR,PSMD2
EGFR,IPO13
EGFR,TPP1
EGFR,TBRG4
EGFR,ZW10
EGFR,AP1G1
EGFR,IPO8
EGFR,COG1
EGFR,NUP93
EGFR,EXOC6
EGFR,ARMC8
EGFR,TELO2
EGFR,TTI1
EGFR,GBF1
EGFR,SMC2
EGFR,ATR
EGFR,ACOT9
EGFR,TTI2
EGFR,WDR26
EGFR,VAC14
TGM2,ABCA1
TGM2,BNIP3
A1BG,SETD7
TLR4,SMAD3
AGTR1,RACK1
EGFR,BIRC3
EGFR,BIRC2
PPARG,SMAD2
CAV1,DERL1
EGFR,RCD1
LEPR,XRN1
MET,CDK18
PKD1,JADE1
CAP1,FAS
FAS,TPM3
FAS,TPM4
JMJD6,CYHR1
JMJD6,VPS29
JMJD6,XPO7
JMJD6,SYK
MET,ARPC2
PPARG,MUC1
ANXA2,ASB9
SMAD3,FOXM1
LRP6,LGR4
FAS,LGR4
ESR1,RNF31
FAS,PHKG2
ADRB2,RGS2
CD68,ADRB2
ADRB2,STAT3
EGFR,PANK4
EGFR,HUWE1
EGFR,OXSR1
EGFR,PLK1
EGFR,DNM1L
EGFR,AP3D1
EGFR,UBR4
EGFR,RIOK2
EGFR,PLD3
EGFR,STK26
EGFR,AP3M1
EGFR,AP1B1
EGFR,UCK2
EGFR,UBE2S
EGFR,VRK1
FAS,STAU1
EGFR,DERL1
EGFR,PML
FAS,HUWE1
CKAP4,FUS
ESR1,CUL1
PPARG,PDIA2
ESR1,SMYD2
ESR1,NSD2
PPARG,XRCC6
PPARG,XPO1
PPARG,JUND
PPARG,PIN1
PPARG,KIF11
FAS,OBSL1
ANXA2,CCDC8
FAS,CCDC8
NRP1,CCDC8
FAS,EED
EGFR,DSG2
EGFR,MYO1B
EGFR,NGLY1
EGFR,DPM1
EGFR,FAF2
EGFR,CLPX
EGFR,MRT4
EGFR,SMC3
EGFR,UMPS
EGFR,CLPP
EGFR,NSF
EGFR,NSUN5
EGFR,ATAD1
EGFR,AIFM1
EGFR,WDR6
EGFR,OAT
EGFR,MGST1
EGFR,MYO1C
EGFR,CUL4B
EGFR,RFC5
EGFR,YBEY
EGFR,GSTK1
EGFR,TTC37
EGFR,PELO
EGFR,MPC2
EGFR,LIMA1
EGFR,ILVBL
EGFR,PNO1
EGFR,IFIT5
EGFR,EIF3K
EGFR,PUM1
EGFR,RFC3
EGFR,HELLS
EGFR,LARP4
EGFR,PON2
EGFR,CDIPT
EGFR,SDF2
EGFR,BCCIP
EGFR,SRPRB
EGFR,NAA10
EGFR,UTP15
EGFR,IDH3B
EGFR,LRWD1
EGFR,NSUN2
EGFR,SFXN3
EGFR,ELP1
EGFR,HYOU1
EGFR,FLOT2
EGFR,NTPCR
EGFR,CERS2
EGFR,NUBP2
EGFR,NCL
EGFR,LSR
EGFR,EMC3
EGFR,MRM3
EGFR,AAMP
EGFR,RAB18
EGFR,AAAS
EGFR,CTBP2
EGFR,ARMC6
EGFR,CMC2
EGFR,TBL3
EGFR,CKAP2
EGFR,CEBPZ
EGFR,OPA1
EGFR,TAF4
EGFR,PSPC1
EGFR,AAMDC
EGFR,PSMD1
EGFR,TPM3
EGFR,THOP1
EGFR,CAP2
EGFR,TPM4
CKAP4,ABL1
ESR1,RACK1
ESR1,PDIA3
ESR1,NSF
MAG,NRIP1
ERAP1,KLK11
NCAM1,ARMC1
NCAM1,DGUOK
PKD2,ALG5
NRP1,GINM1
FCRL4,MUC15
PTH1R,KCNJ8
AGTR1,SETD7
CAV1,AGTR1
CCR1,SETD7
CD68,BZW2
CD68,KIF14
CD68,TNPO2
CD68,TTI1
CD68,COG6
CD68,MTX3
LPAR6,CAV1
LYPD3,CLDN1
ERAP1,P2RY8
LRP6,ETV6
ACE2,AAMP
FAS,PTGR2
FAS,HAUS4
NRP1,EVA1C
LRP6,CHST9
MET,PCBP1
PKD2,GLRA2
JMJD6,SREK1
PKD2,BCAS4
PKD2,PICK1
RNF43,DVL2
ANXA2,MAP1S
FAS,TEAD3
FAS,YAP1
EGFR,AKTIP
EGFR,NTRK1
FAS,AHSA1
ANXA2,PRDX2
FAS,CARM1
FAS,PEF1
LRP6,GAS8
FAS,GFPT1
FAS,GFPT2
JMJD6,AP3B1
MCFD2,ACTN4
FAS,MTCH1
ANXA2,PCBP2
ANXA2,PDCD6
EGFR,PIGS
JMJD6,SSRP1
NTRK1,DVL2
NTRK1,DOCK1
FAS,NTRK1
MET,NTRK1
NTRK1,VPS51
ANXA2,NTRK1
NCAM1,NTRK1
MPZL1,STAT3
MET,B9D1
MET,B9D2
MET,CEP19
MET,NEK8
GPC4,AKAP9
ANXA2,MYH9
ANXA2,SYNPO
ANXA2,LIMA1
CAV1,LIMA1
CAV1,YIPF5
CAV1,MMGT1
FAS,KIF11
FAT1,EZH2
JMJD6,NAF1
FAS,IRF3
FAS,FOXI2
TRADD,TRAF6
FAS,CRY1
FAS,CRY2
FAS,FOXL1
ESR1,SASH1
TRAF3,ESR1
ESR1,TTK
ESR1,MPRIP
ESR1,TMOD3
ESR1,BCOR
RHO,JAM3
FAS,SNW1
FAS,CDC5L
LRP6,EPN1
VCAM1,BAG6
EGFR,ANO5
EGFR,RBM25
EGFR,XRN2
EGFR,GSTT1
EGFR,DBR1
ANXA2,ERBB3
ERBB3,HBB
ANXA2,U2AF2
NLGN3,PSG1
ADCY5,CAV1
EGFR,MYH9
TLR4,CAV1
ANXA2,RAB14
JMJD6,ELMO1
NEO1,CASP3
JMJD6,DOCK1
EGFR,PKP2
EGFR,CCR5
EGFR,FHL2
ANXA2,ACTB
EGFR,BCAR3
EGFR,KRIT1
HHIP,TRAF6
CSPG4,UBE2Z
PTPRO,ACTB
CKAP4,EGFR
NRP1,ATN1
EGFR,EPHB4
RARG,EP300
RARG,NRIP1
ESR1,WDR5B
CSPG4,CFTR
PPARG,TGS1
STX3,CAV1
ANXA1,ANXA2
ANXA2,ANXA6
CAV1,GSK3B
MET,SDC1
DCC,DOCK1
EGFR,GNAI3
VCAM1,ABI1
PPARG,CHD7
IGF1R,NCK2
LRP6,FZD9
MET,PAK4
AGTR2,GNAI1
PPARG,EP300
TLR6,TLR4
EPHB4,LRP6
EPHB4,VPS51
EPHB4,ALG9
EPHB4,PANX1
NETO2,LRP6
NETO2,CAV1
NETO2,VPS51
NETO2,ALG9
NETO2,PANX1
ROR1,LRP6
ROR1,CAV1
ROR1,VPS51
ROR1,ALG9
ROR1,PANX1
EFNB2,LRP6
EFNB2,CAV1
EFNB2,VPS51
EFNB2,ALG9
EFNB2,PANX1
UNC5B,LRP6
UNC5B,CAV1
UNC5B,VPS51
UNC5B,ALG9
UNC5B,PANX1
SEC63,LRP6
SEC63,CAV1
SEC63,VPS51
SEC63,ALG9
SEC63,PANX1
LRP6,GORAB
LRP6,DHRS7
LRP6,COPD
LRP6,SMCR8
LRP6,ANO6
LRP6,LBR
LRP6,PDZD8
LRP6,B9D1
LRP6,VAMP4
LRP6,GPAT3
LRP6,WDR20
LRP6,STX6
LRP6,HM13
LRP6,STX12
LRP6,GGA3
LRP6,STX7
LRP6,MPP7
LRP6,LIN7C
LRP6,CKAP4
LRP6,STX8
LRP6,RPF2
LRP6,EPS15
LRP6,CBARP
LRP6,STIM1
LRP6,PREB
LRP6,GOSR2
LRP6,AP1B1
LRP6,MPZL1
LRP6,EPN2
LRP6,ITM2C
LRP6,FRS2
LRP6,TFG
LRP6,WDR6
LRP6,CD99
LRP6,PTK7
LRP6,SMAP2
LRP6,HIP1
LRP6,MARK2
LRP6,PKP4
LRP6,PAK4
LRP6,RAB23
LRP6,RABL6
LRP6,EMC2
LRP6,SNX2
LRP6,RER1
LRP6,MKS1
LRP6,CAMLG
LRP6,ESYT1
LRP6,THEM6
LRP6,VPS51
LRP6,JPH1
LRP6,SOAT1
LRP6,SCYL1
LRP6,CNNM3
LRP6,RELL1
LRP6,FNBP1
LRP6,MARK3
LRP6,PCDH7
LRP6,NUMB
LRP6,AP4E1
LRP6,TMEM9
LRP6,MMGT1
LRP6,SENP2
LRP6,ALG9
LRP6,LSR
LRP6,WASF2
LRP6,COPG1
LRP6,WDR11
LRP6,EMC3
LRP6,TNIK
LRP6,AP4B1
LRP6,DLG1
LRP6,EMC7
LRP6,AUP1
LRP6,FLOT2
LRP6,MFAP3
LRP6,DSG2
LRP6,AP2S1
LRP6,NDRG1
LRP6,EHBP1
LRP6,MTMR6
LRP6,WDR41
LRP6,PLD3
LRP6,SCRIB
LRP6,VAMP2
LRP6,INSR
LRP6,CDCA3
LRP6,VAMP7
LRP6,ROR2
LRP6,STAM2
LRP6,LMAN1
LRP6,GOPC
LRP6,GOSR1
LRP6,YKT6
LRP6,CNNM2
LRP6,GGA1
LRP6,STX10
LRP6,CPNE8
LRP6,PANX1
LRP6,TMX1
LRP6,HMOX2
LRP6,BET1L
LRP6,VAMP8
LRP6,VRK2
LRP6,CLCC1
LRP6,USO1
LRP6,ACSL3
LRP6,LRP8
LRP6,NDC1
FZD6,CAV1
FZD6,VPS51
FZD6,ALG9
FZD6,PANX1
CKAP4,CAV1
CKAP4,VPS51
CKAP4,ALG9
CKAP4,PANX1
MPZL1,CAV1
MPZL1,VPS51
MPZL1,ALG9
MPZL1,PANX1
CD99,CAV1
CD99,VPS51
CD99,ALG9
CD99,PANX1
PTK7,CAV1
PTK7,VPS51
PTK7,ALG9
PTK7,PANX1
CAV1,PKP4
CAV1,PAK4
CAV1,RAB23
CAV1,RABL6
CAV1,EMC2
CAV1,SNX2
CAV1,RER1
CAV1,MKS1
CAV1,CAMLG
CAV1,ESYT1
CAV1,THEM6
CAV1,VPS51
CAV1,JPH1
CAV1,SOAT1
CAV1,SCYL1
CAV1,CNNM3
CAV1,RELL1
CAV1,FNBP1
CAV1,MARK3
CAV1,PCDH7
CAV1,NUMB
CAV1,AP4E1
CAV1,TMEM9
CAV1,SENP2
CAV1,ALG9
CAV1,LSR
CAV1,WASF2
CAV1,COPG1
CAV1,WDR11
CAV1,EMC3
CAV1,TNIK
CAV1,AP4B1
CAV1,DLG1
CAV1,EMC7
CAV1,AUP1
CAV1,MFAP3
CAV1,DSG2
CAV1,AP2S1
CAV1,NDRG1
CAV1,EHBP1
CAV1,MTMR6
CAV1,WDR41
CAV1,PLD3
CAV1,SCRIB
CAV1,VAMP2
CAV1,CDCA3
CAV1,VAMP7
CAV1,ROR2
CAV1,STAM2
CAV1,LMAN1
CAV1,GOPC
CAV1,GOSR1
CAV1,YKT6
CAV1,CNNM2
CAV1,GGA1
CAV1,STX10
CAV1,CPNE8
CAV1,PANX1
CAV1,TMX1
CAV1,HMOX2
CAV1,BET1L
CAV1,VAMP8
CAV1,VRK2
CAV1,CLCC1
CAV1,USO1
CAV1,ACSL3
CAV1,LRP8
CAV1,NDC1
PCDH7,ALG9
PCDH7,PANX1
LSR,PANX1
DLG1,PANX1
DSG2,PANX1
EPHA2,PANX1
INSR,PANX1
ROR2,PANX1
FAS,TTC4
FAS,IRS4
FAS,PDRG1
FAS,RPAP3
FAS,CDC37
SEC63,FADS2
SEC63,GANAB
MAGT1,ALG9
MAGT1,GANAB
EBP,ALG9
EBP,GANAB
CKAP4,GANAB
PTPRF,NFKB1
PTPRF,PRDX1
PTPRF,PRDX2
ANXA1,NFKB1
ANXA1,PRDX1
ANXA1,PRDX2
RACK1,PRDX1
RACK1,PRDX2
C1QBP,ALG9
RARG,FOXA1
RARG,ESR1
RARG,STAT1
ESR1,STAT1
FAS,MSH6
FAS,KANK2
SEC63,DVL2
EGFR,APEX1
EGFR,FUS
MET,INVS
MET,PDCL3
ROR2,ALG9
EFNB1,ALG9
CD59,TPP1
NEGR1,TPP1
STX1B,TPP1
DSG2,FAS
DSG2,PRDX1
DSG2,HSPB1
FAS,AIFM1
FAS,SRSF1
FAS,LIN7C
FAS,FLNC
FAS,MYO1D
FAS,PRDX1
FAS,BAG5
FAS,RBMX
FAS,HAX1
FAS,PLEC
FAS,STIP1
FAS,BAG2
FAS,GNAI3
FAS,GCC2
FAS,PKN3
ANXA1,GPC4
GPC4,MARK2
CD59,ANXA2
CD59,ACTN4
CD59,HTRA1
CD59,GSTM1
CD59,PRDX1
CD59,HSPB1
ANXA2,NONO
ANXA2,FLNB
ANXA2,TAOK2
ANXA2,DDX6
ANXA2,MYH10
ANXA2,TPM1
ANXA2,MYO3B
ANXA2,DDX5
ANXA2,CBR1
ANXA2,MATR3
ANXA2,TIAF1
ANXA2,MYO1B
ANXA2,AP2S1
ANXA2,MPRIP
ANXA2,VAV2
ANXA2,CBLB
ANXA2,LUZP1
ANXA2,RCC2
ANXA2,DLD
ANXA2,GRWD1
ANXA2,AP2B1
ANXA2,FSCN1
ANXA2,VAV3
ANXA2,ACTN4
ANXA2,SAFB2
ANXA2,DHX9
ANXA2,ARPC4
ANXA2,MYL6
ANXA2,AP2A1
ANXA2,MYH14
ANXA2,ARPC5
ANXA2,XRCC6
ANXA2,PAWR
ANXA2,HTRA1
ANXA2,DUT
ANXA2,RBBP7
ANXA2,FLII
ANXA2,GSTM3
ANXA2,SRP14
ANXA2,IPO7
ANXA2,SHC1
ANXA2,RAI14
ANXA2,GSTM1
ANXA2,ACTN1
ANXA2,WDR1
ANXA2,PRDX1
ANXA2,GMFB
ANXA2,TPM2
ANXA2,AP2M1
ANXA2,ARPC2
ANXA2,ILF3
ANXA2,DAPK3
ANXA2,TMOD3
ANXA2,SMU1
ANXA2,PLEC
ANXA2,ARPC3
ANXA2,LMO7
ANXA2,MYO6
ANXA2,HSPB1
ANXA2,CCM2L
ANXA2,SVIL
ANXA2,PTBP1
ANXA2,CAPZB
EGFR,MYH10
EGFR,MYO3B
EGFR,DDX5
EGFR,PDCD6
EGFR,CBR1
EGFR,TIAF1
EGFR,MPRIP
EGFR,LUZP1
EGFR,RCC2
EGFR,DLD
EGFR,GRWD1
EGFR,FSCN1
EGFR,SAFB2
EGFR,DHX9
EGFR,MYL6
EGFR,MYH14
EGFR,PAWR
EGFR,HTRA1
EGFR,DUT
EGFR,RBBP7
EGFR,FLII
EGFR,SRP14
EGFR,RAI14
EGFR,GSTM1
EGFR,ACTN1
EGFR,WDR1
EGFR,GMFB
EGFR,TPM2
EGFR,ANXA6
EGFR,ILF3
EGFR,DAPK3
EGFR,TMOD3
EGFR,SMU1
EGFR,LMO7
EGFR,ITPR3
EGFR,MYO6
EGFR,CCM2L
EGFR,SVIL
EGFR,SYNPO
EGFR,PTBP1
EGFR,CAPZB
ANXA6,HSPB1
ITPR3,HSPB1
MET,COQ6
RET,MTOR
RET,BAG6
RET,XRN1
UNC5C,CAV1
UNC5C,VPS51
UNC5C,PANX1
DLG1,CAV1
DLG1,VPS51
DSG2,CAV1
DSG2,VPS51
CAV1,UBXN4
CAV1,LBR
CAV1,VAMP4
CAV1,ADCY9
CAV1,ESYT2
CAV1,EFR3B
CAV1,EXOC3
CAV1,SCFD1
CAV1,PODXL
CAV1,STX6
CAV1,RABL3
CAV1,NSDHL
CAV1,STX12
CAV1,CLCN7
CAV1,VAMP3
CAV1,STX7
CAV1,MPP7
CAV1,VPS45
CAV1,CKAP4
CAV1,STX8
CAV1,PRRT3
CAV1,STIM2
CAV1,RAI14
CAV1,EPS15
CAV1,APBB1
CAV1,CBARP
CAV1,AKAP5
CAV1,COG3
CAV1,ABCE1
CAV1,AKT2
CAV1,PREB
CAV1,KTN1
CAV1,GOSR2
CAV1,EXOC4
CAV1,COPE
CAV1,GCC1
CAV1,IRS4
CAV1,LRP2
CAV1,DDX54
CAV1,EMC8
CAV1,NSA2
EPHA2,VPS51
INSR,VPS51
ADCY9,VPS51
ADCY9,PANX1
PODXL,VPS51
PODXL,PANX1
ROR2,VPS51
SDC2,GPC4
C1QBP,GPC4
GPC4,SDC1
EPHB4,HMGA1
ANXA2,PCBP1
ANXA2,APEX1
ANXA2,PSIP1
ANXA2,HMGB2
ANXA2,PA2G4
ANXA2,OLA1
ANXA2,HMGB3
ANXA2,MAP2
ANXA2,AP1M2
ANXA2,PTCD3
ANXA2,CDC37
ANXA2,AIFM1
ANXA2,GRB7
ANXA2,MASP1
EGFR,PTCD3
EGFR,MASP1
FAS,DHX30
FAS,RPN1
FAS,SRSF3
FAS,DDX3X
LRP6,YAP1
HMMR,WDR5
HMMR,PRDX4
HMMR,DVL2
ANXA2,PDIA4
ANXA2,P3H1
ANXA2,MSI2
ANXA2,PRDX4
ANXA2,ERP29
ANXA2,PEF1
ANXA2,LDHB
ANXA2,RPN2
ANXA2,TRAP1
ANXA2,PRDX6
ANXA2,PGK1
ANXA2,TOR1B
ANXA2,VPS35
ANXA2,RMD1
ANXA2,BTF3
ANXA2,CMBL
ANXA2,PDIA6
ANXA2,PRDX3
ANXA2,ILF2
ANXA2,GANAB
ANXA2,P4HA2
ANXA2,TKT
ANXA2,PLOD1
ANXA2,HYOU1
NRP1,WDR5
NRP1,SDC2
NRP1,NKAP
NRP1,NOLC1
NRP1,YAF2
NRP1,HAGHL
NRP1,BRD2
NRP1,EIF3B
NRP1,DEK
NRP1,RRP1B
NRP1,BCR
NRP1,COIL
NRP1,PLRG1
NRP1,EIF3J
NRP1,PCGF5
NRP1,FBRS
NRP1,GPC4
NRP1,CDC5L
BCR,GPC4
GPC4,CDC5L
FAS,EDC4
FAS,HYOU1
FAS,ABCF3
IGF1R,LEF1
FAS,GCN1
FAS,SCO2
FAS,TNPO1
FAS,VDAC2
RXRG,FOXA1
RXRG,STAT1
FLOT1,MTOR
RACK1,MTOR
ABCA7,MTOR
FAS,LDHB
FAS,ARF3
FAS,PGK1
FAS,FUS
FAS,G3BP1
ANXA2,STK3
ANXA2,MAP1B
MYLK2,NRIP1
ESR1,STK31
ESR1,MYH7B
ESR1,ZFR
ESR1,FBLL1
ESR1,UBN1
ESR1,RBM28
ESR1,WNK4
ESR1,LIMA1
ESR1,RRP1B
ESR1,MYO1D
ESR1,AKAP8
ESR1,RFC2
ESR1,SEMG2
ESR1,CWC15
ESR1,MYH4
ESR1,DOK6
ESR1,MYH13
ESR1,RIMS2
ESR1,MYH7
ESR1,NOLC1
ESR1,PKP3
ESR1,LAS1L
ESR1,NEBL
ESR1,PURB
ESR1,GCC2
ESR1,PTCD3
ESR1,RRP1
ESR1,RFC4
ESR1,RFC1
ESR1,RBM14
ANXA2,VDAC2
ANXA2,FCHO2
ANXA2,DAB2
ANXA2,HIP1R
ANXA2,CLC
ANXA2,CD44
ANXA2,DSG2
ANXA2,TOM1
ANXA2,GNAI1
ANXA2,INF2
ANXA2,MISP
ANXA2,MYO5C
ANXA2,SIPA1
ANXA2,CALD1
ANXA2,MYO1E
ANXA2,DOCK7
ANXA2,PALLD
ANXA2,MYO5B
ANXA2,SSH2
ANXA2,EPS15
ANXA2,TPM4
ANXA2,AFAP1
ANXA2,TPM3
ANXA2,MYLK
ANXA2,GTSE1
ANXA2,COBL
ANXA2,VDAC1
ANXA2,TPR
ANXA2,MYO19
ANXA2,DCTN1
ANXA2,BASP1
ANXA2,TWF1
ANXA2,DCTN2
ANXA2,STON2
ANXA2,BMP2K
ANXA2,TMOD1
FLOT1,MYLK
DAB2,ACTN4
DAB2,MYLK
CD44,ACTN4
CD44,MYLK
DSG2,ACTN4
DSG2,MYLK
MYLK,TPM2
MYLK,GTSE1
MYLK,COBL
MYLK,AP2M1
MYLK,VDAC1
MYLK,TPR
MYLK,ARPC2
MYLK,MYO19
MYLK,DAPK3
MYLK,DCTN1
MYLK,TMOD3
MYLK,BASP1
MYLK,TWF1
MYLK,PLEC
MYLK,ARPC3
MYLK,DCTN2
MYLK,ITPR3
MYLK,MYO6
MYLK,STON2
MYLK,BMP2K
MYLK,SYNPO
MYLK,TMOD1
MYLK,CAPZB
FAS,SIX5
FAS,CENPB
FAS,TLE3
FAS,PA2G4
FAS,GBF1
FAS,SMC4
FAS,RALY
FAS,SYMPK
FAS,NSDHL
FAS,ORC2
FAS,NEMP1
FAS,KIF22
FAS,UFL1
FAS,HDAC6
FAS,NOL9
FAS,LMNB2
FAS,NUP98
FAS,NOC2L
FAS,NR2C2
FAS,RINT1
FAS,HELLS
FAS,CPSF2
FAS,ORC4
FAS,ORC3
FAS,SATB1
FAS,NSF
FAS,FEN1
FAS,MTA1
FAS,MYH9
GRM1,FADS2
GRM1,ALG9
GRM1,GANAB
NCL,FADS2
NCL,ALG9
NCL,GANAB
TRAM1,ALG9
TRAM1,GANAB
DERL1,ALG9
DERL1,GANAB
C1QBP,GANAB
GRIN1,MTOR
ANXA2,DHRS2
ANXA2,LCK
ANXA2,GNAI2
ANXA2,DDX3X
ANXA2,EIF3K
ANXA2,EIF3E
ANXA2,RSS
ANXA2,EIF3B
ANXA2,EIF3D
ANXA2,TNPO1
ANXA2,EIF3I
ANXA2,VDAC3
ANXA2,SSRP1
RACK1,EIF3D
MMP2,DPP3
LRP6,LRP4
DLG3,HMGA1
SEC63,ERAP2
GRM1,ERAP2
NCL,ERAP2
MAGT1,ERAP2
CKAP4,ERAP2
CAV1,TAP1
CAV1,LTN1
CAV1,NEMP1
CAV1,TNPO1
CAV1,TECR
CAV1,EMD
EGFR,GFAP
MYLK2,HSPB1
PTPRD,GSTT1
PTPRD,HSPB1
ERBB2,HSPB1
EGFR,SUSD1
EGFR,SFPQ
PTPRF,HSPB1
MET,SGPL1
MET,AP2A2
MET,RBM25
MET,AP2S1
MET,DBR1
HMMR,LASP1
ANXA2,NUP93
ANXA2,RUNX1
ANXA2,MZT2B
ANXA2,CKAP4
ANXA2,MAX
ANXA2,DDX17
ANXA2,PSMD2
ANXA2,ECSIT
ANXA2,FHL2
ANXA2,RCN1
ANXA2,AKAP8
ANXA2,SMC4
ANXA2,RIF1
ANXA2,RBMS2
ANXA2,RFC4
ANXA2,UBC
ANXA2,EP400
ANXA2,OPA1
CKAP4,HSPB1
DAB2,CAV1
CAV1,MVP
CAV1,AP2B1
CAV1,ABCA2
CAV1,CRTC3
CAV1,MARF1
CAV1,PARP4
CAV1,CPVL
CAV1,AP2A1
CAV1,TNK1
CAV1,GAK
CAV1,MTUS1
CAV1,CPSF7
CAV1,REPS1
CAV1,EDC4
CAV1,GTSE1
CAV1,AAK1
CAV1,AP2M1
CAV1,EPN1
CAV1,EGFL7
CAV1,IST1
CAV1,SEC13
CAV1,MITD1
CAV1,XPR1
CAV1,PKP3
CAV1,MYO6
CAV1,STON2
CAV1,BMP2K
CAV1,EHD4
CAV1,AP2A2
CAV1,BTBD3
CAV1,RBM14
ANXA2,PARP1
ANXA2,SRSF2
ANXA2,SF3B1
ANXA2,DDX21
ANXA2,RRP12
ANXA2,NOP56
ANXA2,TOP2B
ANXA2,HDAC2
ANXA2,TECR
ANXA2,FUS
ANXA2,EMD
ANXA2,POF1B
ANXA2,NAT10
ANXA2,SRRM1
ANXA2,NUMA1
ANXA2,PELP1
ANXA2,WDR18
ANXA2,SRSF1
ANXA2,HACD3
ANXA2,THEM6
ANXA2,HDAC1
ANXA2,DKC1
ANXA2,RRP1B
ANXA2,RBMX
ANXA2,RPN1
ANXA2,SRSF3
ANXA2,TOP1
ANXA2,DDX27
ANXA2,SRSF7
ANXA2,DDX3Y
ANXA2,DHX15
ANXA2,SRSF5
ANXA2,DDX54
ANXA2,RBM14
ANXA2,PGAM5
ANXA2,DDX18
ESR1,SRSF1
ESR1,DKC1
ESR1,RPN1
ESR1,DDX3X
ESR1,PLEC
ESR1,DDX27
CAV1,VDAC1
CAV1,ABCD3
CAV1,STT3B
CAV1,VDAC2
CAV1,RHOG
CAV1,FLOT1
CAV1,MYOF
CAV1,RILP
CAV1,PHB
CAV1,PHB2
CAV1,ABCD1
CAV1,MUC13
CAV1,RPN2
RET,DKC1
RET,ACSL4
GRIN1,BAG6
GRIN1,DKC1
GRIN1,ACSL4
ABCA7,DKC1
ABCA7,ACSL4
FAS,MMS19
FAS,PKP1
FAS,MYEF2
MET,NTPCR
MET,BAG6
MET,NSRP1
MET,EIF3I
EGFR,ACSL3
EGFR,NQO2
NCL,MET
NCL,SFXN1
MET,PCNP
MET,SF3B2
MET,ERAL1
MET,LTN1
MET,EIF3F
MET,CCAR1
MET,MED17
MET,PMS2
MET,CEPT1
MET,IPO9
MET,OPA1
MET,UBR4
MET,CLCN7
MET,SF3A1
MET,EXOC6
MET,CKAP4
MET,JPH1
MET,MYOF
MET,XRCC3
MET,RCN1
MET,PHB2
MET,GPN1
MET,MMS19
MET,SFXN1
MET,HOOK2
MET,HAX1
MET,GCN1
MET,NEMF
MET,AGGF1
MET,FKBP5
MET,ZW10
MET,KTN1
MET,MED16
MET,TAP1
MET,COPE
MET,STIP1
MET,SFXN3
MET,TNPO1
MET,CDK9
MET,RNF5
MET,CHERP
CKAP4,SFXN1
ESR1,MED30
VDR,EGR1
PARD3,CAV1
CAV1,TACC1
CAV1,LSG1
CAV1,CEPT1
CAV1,ATAD1
CAV1,CMC1
CAV1,PTAR1
CAV1,DDX58
CAV1,SURF4
CAV1,TMED1
CAV1,MGST3
CAV1,ACBD4
CAV1,CMTR1
CAV1,COX5B
CAV1,ITPR3
CAV1,HELLS
CAV1,ROBO2
CAV1,ORC3
CAV1,TMCO1
CAV1,YIF1B
CAV1,TAF9
CAV1,STX3
ANXA2,LZTS2
ANXA2,CD109
ANXA2,ABCG2
ANXA2,PLCD3
ANXA2,RRAS2
ANXA2,APC
ANXA2,TWF2
ANXA2,FARP1
ANXA2,RAF1
ANXA2,CLIC1
ANXA2,HLTF
ANXA2,GNAI3
RACK1,DKC1
CSPG4,WWP2
CSPG4,FAF2
CSPG4,OASL
CSPG4,XIAP
CSPG4,EME1
CSPG4,RET
CSPG4,TLN1
CSPG4,PEAK1
CSPG4,UBP1
CSPG4,PRCC
CSPG4,UTP15
CSPG4,MYH6
CSPG4,GPBP1
CSPG4,XRCC2
CSPG4,PLCB3
CSPG4,DDX51
CSPG4,CENPV
CSPG4,C2CD5
CSPG4,LEMD2
CSPG4,MIA3
CSPG4,TEC
CSPG4,UAP1
CSPG4,URB2
CSPG4,IPO9
CSPG4,MYH1
CSPG4,MORC2
CSPG4,MRM1
CSPG4,ICE2
CSPG4,NOL6
CSPG4,RBM28
CSPG4,ABCA7
CSPG4,RRP1B
CSPG4,LMTK2
CSPG4,BIN3
CSPG4,CDK1
CSPG4,UFSP2
CSPG4,RAB13
CSPG4,NHS
CSPG4,NOP2
CSPG4,TMEM9
CSPG4,PDE12
CSPG4,PALMD
CSPG4,SSH3
CSPG4,CDK2
CSPG4,BAD
CSPG4,HPT
CSPG4,PARP9
CSPG4,PHC2
CSPG4,DDX60
RET,CDK1
ABCA7,CDK1
TRADD,PRDX2
TRADD,CDK1
TRADD,PARK7
CD59,CAV1
ANXA2,ERBB2
ANXA2,SLIRP
ANXA2,ACSL3
ANXA2,DHCR7
ANXA2,PHB2
ANXA2,VAPB
ANXA2,SGPL1
EGFR,SLIRP
EGFR,PHB
EGFR,DHCR7
EGFR,PHB2
EGFR,VAPB
ANXA2,GGCT
ANXA2,FKBP8
ANXA2,COPB2
ANXA2,NSUN2
ANXA2,SSD
ANXA2,LMNB1
ANXA2,NAV3
ANXA2,REL
ANXA2,CHD3
ANXA2,OAT
ANXA2,CKAP5
ANXA2,NFKB2
ANXA2,HPF1
ANXA2,NSDHL
ANXA2,CMC1
ANXA2,NFKB1
ANXA2,TTF2
ANXA2,SFXN1
ANXA2,SEMG2
ANXA2,FRMD8
ANXA2,TNIP2
ANXA2,SEMG1
ANXA2,A2ML1
ANXA2,MSH2
ANXA2,IGKC
ANXA2,IRS4
HMMR,CXCR4
CXCR4,YIPF4
CXCR4,CKAP4
CXCR4,GNA11
CXCR4,MYOF
CXCR4,DERL2
CXCR4,TAP1
CXCR4,SOAT1
CXCR4,PHB
CXCR4,FLOT2
CXCR4,RAF1
CXCR4,PHB2
CXCR4,SRPRB
CXCR4,TNPO1
CXCR4,AIFM1
CXCR4,RABL3
CXCR4,PCID2
CXCR4,YIPF5
CXCR4,EMD
FAS,OXA1L
FAS,IPO7
FAS,RCN1
FAS,RAF1
FAS,VRK2
FAS,AKAP8
FAS,ILF3
FAS,DPM1
FAS,FAT1
FAS,ABCF2
FAS,SFXN3
FAS,ILK
FAS,XPO1
FAS,LASP1
FAT1,HSPB1
FAT1,LASP1
KIT,PARK7
KIT,FTO
RRBP1,FTO
FAS,VDAC3
FAS,HMGB2
FAS,UCHL1
FAS,RPN2
FAS,PC
FAS,NOSIP
FAS,STMN2
FAS,UBTD1
FAS,MAIP1
FAS,LETM1
FAS,PNKD
FAS,OTUB1
FAS,CALD1
FAS,PRDX6
FAS,CKAP2
FAS,NTPCR
FAS,PCBP1
FAS,PIN4
FAS,CKAP4
FAS,APEX1
FAS,PRDX5
FAS,UBE2W
FAS,PHB2
FAS,TBCB
FAS,AIMP2
FAS,HDGF
FAS,LAGE3
FAS,SFXN1
FAS,PRDX2
FAS,CNN3
FAS,CDK1
FAS,SRP54
FAS,GPX4
FAS,CLIC1
FAS,COX5B
FAS,EDF1
FAS,RCC1
FAS,QPCTL
FAS,SET
FAS,ELP1
FAS,PIN1
FAS,OSGEP
FAS,NASP
FAS,PDIA3
FAS,PDIA6
FAS,FKBP4
FAS,PSME3
FAS,SSH3
FAS,ERP44
FAS,UCHL3
FAS,TCEA1
FAS,MSH2
FAS,SRPRB
FAS,LSM3
FAS,FUBP3
FAS,ASNS
FAS,SDHB
FAS,MAP4
FAS,PARK7
FAS,IPO5
CKAP4,PRDX1
CKAP4,PRDX2
CKAP4,CDK1
CKAP4,GPX4
CKAP4,ERP44
CKAP4,PARK7
MMP14,EGFR
EGFR,GGCT
EGFR,CCAR2
EGFR,FABP5
ANXA1,DVL2
CKAP4,HMGA1
ANXA2,TES
ANXA2,UAP1
ANXA2,SEC13
NCL,HSPB1
SMAP1,SFXN1
SMAP1,HSPB1
RACK1,SFXN1
RACK1,HSPB1
C1QBP,HDAC4
CDCP1,CAV1
CDCP1,STAT3
CDCP1,HSPB1
CDCP1,CDK1
CAV1,PKP2
CAV1,PEX19
CAV1,BCAR3
CAV1,STAT3
CAV1,HSPB1
CAV1,FHL2
CAV1,BCAR1
CAV1,CBL
CAV1,CDK1
CAV1,TBRG4
EPHB4,STAT3
EPHB4,EGFR
EPHB4,HSPB1
EPHA2,STAT3
EPHA2,HSPB1
CKAP4,STAT3
ANXA1,LASP1
MYLK2,ACTN4
EGFR,TOP1
EGFR,ILF2
TLR4,NF1
TLR4,JAK1
TLR4,TAB2
TLR4,STAT3
TLR4,LTN1
TLR4,UBR2
TLR4,UBR1
TLR4,RPTOR
TLR4,ARAF
CAV1,ZMYM4
CAV1,NEK9
CAV1,MIB1
CAV1,HMMR
CAV1,WDR90
CAV1,CEP72
CAV1,ADNP
CAV1,ELL
CAV1,TRPS1
CAV1,TLK1
CAV1,OFD1
CAV1,KANK1
CAV1,SOGA1
CAV1,TLK2
CAV1,N4BP3
CAV1,CD44
CAV1,STRN3
CAV1,KANK2
CAV1,CIZ1
CAV1,SPAG5
CAV1,AKAP9
CAV1,ZMYM2
CAV1,ZMYM3
CAV1,MTCL1
RET,ZEB1
FLOT1,LASP1
OR5H6,APOL1
CAV1,ACBD5
CAV1,FAF2
CAV1,HAUS5
CAV1,RAB5C
CAV1,RAB43
CAV1,TTC17
CAV1,WDFY3
CAV1,CSN2
HMMR,XIAP
HMMR,GPX4
CAV1,CLC
ICAM1,SEC13
ICAM1,CLC
ICAM1,CAV2
ICAM1,GRB2
EGFR,CLC
CKAP4,PRDX4
SEC63,PRDX4
CAV1,TTC9C
CAV1,PCNP
CAV1,MFAP1
CAV1,CORO7
CAV1,CCAR1
CAV1,KIF1C
CAV1,RBM6
CAV1,ZMAT3
CAV1,DMAP1
CAV1,GOLM1
CAV1,NSRP1
CAV1,NEMF
CAV1,EMC10
CAV1,SCAF8
GRM5,XRN1
GRM5,IRAK1
FAS,S1PR5
S1PR5,FUS
SMAD3,DVL2
DAB2,WNK1
CSPG4,ADNP
CSPG4,ZMYM2
CSPG4,EHMT2
FAS,RNF5
FAS,MCMBP
FAS,SALL2
FLOT1,SFXN1
HMMR,HSPB1
MET,HBS1L
MET,RABL6
MET,ILKAP
MET,PKN2
MET,EDC3
MET,WDR83
MET,MSH6
MET,MSH2
MET,AP3D1
MET,SRP72
MET,FKBP3
MET,NVL
MET,PDCD4
MET,ECD
MET,STRN4
MET,NMT1
FAS,MCM7
FAS,VDAC1
FAS,DHX36
MET,SUGP2
MET,CPSF7
MET,GRIP1
MET,NUP43
MET,SEC13
MET,PWP2
MET,NCOA5
MET,RBM20
MET,NUP50
MET,NOP58
MET,CCAR2
MET,MATR3
MET,PCGF1
MET,FUBP3
MET,CNOT7
MET,RPRD2
MET,LIN54
MET,RCOR1
MET,MKS1
MET,IBTK
MET,RGPD3
MET,NUP58
MET,TTC1
MET,CDC37
MET,AIP
MET,ANKS6
MET,FKBP4
MET,NUDC
RACK1,EP300
RACK1,SETD2
RACK1,PCGF1
MMP2,LDLR
LIFR,HSPB1
MYLK2,FAS
RARB,ACTN4
RARB,FAS
RARB,ESR1
FAS,MCM2
FAS,WDR26
FAS,SEMG2
ESR1,MCM2
ESR1,WDR26
EGFR,RACK1
DSG2,BAG6
DSG2,XRN1
FAS,SF3B3
FAS,CDC73
FAS,HLTF
FAS,SIMC1
FAS,RSU1
FAS,CLN6
FAS,TECR
EPHA3,MET
EPHA3,ACTN4
MET,MMRN1
MET,ACTN4
MET,UBE4B
MET,CDK6
MET,RIN2
MET,PDCD6
MET,ACLY
MET,MCM6
MET,PC
MET,ACTB
DLG1,FAS
DLG1,HSPB1
FAS,KIF14
FAS,CUL1
EGFR,FEN1
ANXA2,FCGBP
ANXA2,ZER1
ANXA2,ARAF
ANXA2,DDX47
ANXA2,NCF4
ANXA2,EXOC3
ANXA2,VPS51
ANXA2,AGR2
ANXA2,FLNC
ANXA2,MUC2
ANXA2,PTGDS
ANXA2,VAMP8
ANXA2,STAP2
ANXA2,ACER3
ANXA2,PMS2
ANXA2,NDRG1
ANXA2,RRBP1
ANXA2,DES
LCN1,HSPB1
LCN1,PRDX1
MCC,HSPB1
MCC,PRDX1
PIGR,HSPB1
PIGR,PRDX1
ANXA2,CMC2
ANXA2,SYK
ANXA2,LARP4
ANXA2,MSI1
ANXA2,ELOB
ANXA2,SF3A3
ANXA2,NOC3L
ANXA2,FXR2
ANXA2,XRCC5
ANXA2,DHX37
ANXA2,NMD3
ANXA2,SRSF6
ANXA2,EIF3L
ANXA2,SMAD2
ANXA2,MGST2
ANXA2,NAA50
ANXA2,SF3B4
ANXA2,TBR1
ANXA2,WDR82
ANXA2,NUDC
ANXA2,CAP1
ANXA2,RO60
ANXA2,SCFD1
ANXA2,MTA1
ANXA2,MCM7
ANXA2,DHX16
ANXA2,PHF6
ANXA2,DDX49
ANXA2,LSM12
ANXA2,LARP7
ANXA2,XRN2
ANXA2,VN1R5
ANXA2,AP3M1
ANXA2,PELO
ANXA2,G3BP2
ANXA2,THOC2
ANXA2,CPNE2
ANXA2,IMP3
ANXA2,CPSF7
ANXA2,DHX30
ANXA2,CPSF6
ANXA2,SF3B3
ANXA2,DRG1
ANXA2,LARP1
ANXA2,SRP68
ANXA2,PRPS1
ANXA2,ERI3
ANXA2,CSN2
ANXA2,EIF3C
ANXA2,ATF3
ANXA2,C1QBP
ANXA2,NOP2
ANXA2,PDIA3
ANXA2,CDK12
ANXA2,ABCF2
ANXA2,CREB5
ANXA2,SRP72
ANXA2,STIP1
ANXA2,PUF60
ANXA2,NCBP1
ANXA2,SRPRB
ANXA2,XPO1
ANXA2,LUC7L
ANXA2,FAHD1
ANXA2,RRP1
ANXA2,CRLF3
ANXA2,SYNC
ANXA2,NMT1
ANXA2,HAT1
ANXA2,CSDE1
ANXA2,CSRP2
ANXA2,MOV10
ANXA2,WDR5
ANXA2,PSPC1
ANXA2,UFM1
ANXA2,SRRT
ANXA2,COX2
ANXA2,DCAF6
ANXA2,NOP58
ANXA2,FMR1
ANXA2,COPD
ANXA2,MCM3
ANXA2,TSR1
ANXA2,XPOT
ANXA2,TBL2
ANXA2,LBR
ANXA2,FOSB
ANXA2,MYH11
ANXA2,ABCF1
ANXA2,ZYX
ANXA2,ILKAP
ANXA2,ARSJ
ANXA2,DDB1
ANXA2,PSMD4
ANXA2,ACLY
ANXA2,TBL3
ANXA2,RBM4B
ANXA2,DHX8
ANXA2,PSMD6
ANXA2,DDX52
ANXA2,SNX1
ANXA2,LETM1
ANXA2,DNMT1
ANXA2,PPIB
ANXA2,GTF2I
ANXA2,MRE11
ANXA2,SNW1
ANXA2,FHOD1
ANXA2,CIRBP
ANXA2,RBM28
ANXA2,RPF2
ANXA2,KRR1
ANXA2,PLRG1
ANXA2,SRBD1
ANXA2,AIMP2
ANXA2,DDX20
ANXA2,SYNE2
ANXA2,IPO8
ANXA2,TMCO1
ANXA2,SMC2
ANXA2,EXD2
ANXA2,ECH1
ANXA2,FKBP4
ANXA2,PSME4
ANXA2,AP1B1
ANXA2,PTBP2
ANXA2,HSDL2
ANXA2,WDR3
ANXA2,GYS1
ANXA2,PLK1
ANXA2,LYAR
ANXA2,SDHB
ANXA2,CNOT1
ANXA2,RFC1
ANXA2,DDX46
ANXA2,IDH3B
ANXA2,CRKL
ANXA2,STAU1
ANXA2,GNL3
ANXA2,MYL6B
ANXA2,PRKDC
ANXA2,MYO1C
ANXA2,KRI1
ANXA2,CAND1
ANXA2,NOM1
ANXA2,CDC42
ANXA2,BRCA1
ANXA2,CCNB1
ANXA2,NBR1
ANXA2,DDX23
ANXA2,SFPQ
ANXA2,RFC3
ANXA2,ATF2
ANXA2,KIFC1
ANXA2,ISOC1
ANXA2,DDX31
ANXA2,PYM1
ANXA2,NXF1
ANXA2,DDX24
ANXA2,GYS2
ANXA2,PHAX
ANXA2,PPM1G
ANXA2,LRP5
ANXA2,NOC4L
ANXA2,SND1
ANXA2,VASP
ANXA2,DDX56
ANXA2,SF3B2
ANXA2,XRN1
ANXA2,SRPK1
ANXA2,SRSF4
ANXA2,NRDC
ANXA2,PSMD3
ANXA2,DDX1
ANXA2,FAS
ANXA2,MTAP
ANXA2,SMAP1
ANXA2,MCM2
ANXA2,ZFR
ANXA2,IPO9
ANXA2,RAD18
ANXA2,CPSF3
ANXA2,SF3A1
ANXA2,UBE2O
ANXA2,UMPS
ANXA2,ADRM1
ANXA2,RFC2
ANXA2,RFC5
ANXA2,CDC5L
ANXA2,ATF7
ANXA2,FXR1
ANXA2,RBM4
ANXA2,GCN1
ANXA2,PSMD1
ANXA2,SCAF8
ANXA2,TFCP2
ANXA2,RRS1
ANXA2,DPM1
ANXA2,KTN1
ANXA2,WDR36
ANXA2,DDX41
ANXA2,ASNS
ANXA2,MAP4
ANXA2,CUL5
ANXA2,FEN1
ANXA2,RBM34
ANXA2,FHL3
ANXA2,DDX50
ANXA2,COPG1
ANXA2,NOMO1
ANXA2,HIC2
ANXA2,HCFC1
ANXA2,FRG1
ANXA2,RTCB
ANXA2,SRPK2
ANXA2,RAC1
ANXA2,EGLN1
ANXA2,MCTS1
ANXA2,BUB3
ANXA2,RPP30
ANXA2,TERF2
ANXA2,GFPT1
ANXA2,ABCD3
ANXA2,STRAP
ANXA2,MOGS
ANXA2,UBA1
ANXA2,MICU2
ANXA2,PGAM1
ANXA2,PWP2
ANXA2,PWP1
ANXA2,EIF3F
ANXA2,NELFB
ANXA2,HERC5
ANXA2,LSG1
ANXA2,MCM5
ANXA2,RBBP4
ANXA2,PC
ANXA2,MAGT1
ANXA2,MRS2
ANXA2,NOSIP
ANXA2,POP1
ANXA2,NSUN5
ANXA2,ARL1
ANXA2,AHSA1
ANXA2,TRA2B
ANXA2,RBM27
ANXA2,CKAP2
ANXA2,SART3
ANXA2,PSMD7
ANXA2,NOP9
ANXA2,AMOT
ANXA2,WDR83
ANXA2,POP7
ANXA2,CYTB
ANXA2,FHL1
ANXA2,UFL1
ANXA2,RAB10
ANXA2,CHTOP
ANXA2,AP3B1
ANXA2,CDC73
ANXA2,GPX4
ANXA2,G3BP1
ANXA2,ABCE1
ANXA2,HMMR
ANXA2,AGAP3
ANXA2,NEMF
ANXA2,NLE1
ANXA2,SNX6
ANXA2,SRSF9
ANXA2,JUND
ANXA2,DHX36
ANXA2,DHX29
ANXA2,EXOC4
ANXA2,ELP1
ANXA2,TEX10
ANXA2,CPSF2
ANXA2,GNB1L
SMAD2,DKC1
SMAD2,MYLK
SMAD2,EIF3D
SMAD2,MOV10
SMAD2,WDR5
SMAD2,DNMT1
SMAD2,PRDX1
SMAD2,SFXN1
SMAD2,FUS
SMAD2,XRN1
SMAD2,FAS
SMAD2,FXR1
SMAD2,TFCP2
SMAD2,GPX4
CAP1,DKC1
CAP1,MYLK
CAP1,EIF3D
CAP1,MOV10
CAP1,WDR5
CAP1,DNMT1
CAP1,PRDX1
CAP1,SFXN1
CAP1,PRDX2
CAP1,FUS
CAP1,XRN1
CAP1,FXR1
CAP1,TFCP2
CAP1,GPX4
RACK1,MYLK
RACK1,MOV10
RACK1,WDR5
RACK1,DNMT1
RACK1,FUS
RACK1,XRN1
RACK1,FAS
RACK1,FXR1
RACK1,TFCP2
RACK1,GPX4
MYLK,LARP1
MYLK,SRP68
MYLK,PRPS1
MYLK,ERI3
MYLK,CSN2
MYLK,EIF3C
MYLK,ATF3
MYLK,C1QBP
MYLK,ILF3
MYLK,NOP2
MYLK,PDIA3
MYLK,PRDX3
MYLK,ILF2
MYLK,SEMG1
MYLK,CDK12
MYLK,ABCF2
MYLK,MSH2
MYLK,CREB5
MYLK,SRP72
MYLK,STIP1
MYLK,PUF60
MYLK,EIF3D
MYLK,NCBP1
MYLK,SRPRB
MYLK,XPO1
MYLK,SRSF7
MYLK,LUC7L
MYLK,IRS4
MYLK,PTCD3
MYLK,FAHD1
MYLK,CDC37
MYLK,SRSF5
MYLK,RRP1
MYLK,DDX54
MYLK,CRLF3
MYLK,ACTB
MYLK,SYNC
MYLK,NMT1
MYLK,HAT1
MYLK,CSDE1
MYLK,RBM39
MYLK,CSRP2
MYLK,MOV10
MYLK,VDAC2
MYLK,WDR5
MYLK,DDX17
MYLK,DDX6
MYLK,PSPC1
MYLK,UFM1
MYLK,SRRT
MYLK,COX2
MYLK,TPM1
MYLK,DCAF6
MYLK,NOP58
MYLK,FMR1
MYLK,COPB2
MYLK,RRP12
MYLK,NSUN2
MYLK,COPD
MYLK,MCM3
MYLK,TSR1
MYLK,XPOT
MYLK,RCC2
MYLK,TBL2
MYLK,GRWD1
MYLK,LBR
MYLK,AP2B1
MYLK,FOSB
MYLK,NAT10
MYLK,ABCF1
MYLK,CKAP5
MYLK,ZYX
MYLK,ILKAP
MYLK,ARSJ
MYLK,DDB1
MYLK,PSMD4
MYLK,EIF3B
MYLK,ACLY
MYLK,TBL3
MYLK,LDHB
MYLK,RBM4B
MYLK,WDR18
MYLK,DHX8
MYLK,AIFM1
MYLK,PSMD6
MYLK,DDX52
MYLK,SNX1
MYLK,LETM1
MYLK,DNMT1
MYLK,PPIB
MYLK,GTF2I
MYLK,MRE11
MYLK,PCBP1
MYLK,CKAP4
MYLK,SNW1
MYLK,FHOD1
MYLK,CIRBP
MYLK,RBM28
MYLK,RPF2
MYLK,FLNC
MYLK,KRR1
MYLK,PHB2
MYLK,PLRG1
MYLK,SRBD1
MYLK,PRDX1
MYLK,AIMP2
MYLK,SFXN1
MYLK,PRDX2
MYLK,CLIC1
MYLK,DDX20
MYLK,SYNE2
MYLK,IPO8
MYLK,TMCO1
MYLK,SMC2
MYLK,EXD2
MYLK,ECH1
MYLK,STIM1
MYLK,FKBP4
MYLK,PSME4
MYLK,AP1B1
MYLK,RSS
MYLK,HSDL2
MYLK,WDR3
MYLK,GYS1
MYLK,PLK1
MYLK,LYAR
MYLK,SDHB
MYLK,DHX15
MYLK,CNOT1
MYLK,RFC4
MYLK,RFC1
MYLK,RBM14
MYLK,DDX46
MYLK,IDH3B
MYLK,HYOU1
MYLK,DDX18
MYLK,CRKL
MYLK,STAU1
MYLK,GNL3
MYLK,PRKDC
MYLK,MYO1C
MYLK,KRI1
MYLK,CAND1
MYLK,NOM1
MYLK,SRSF2
MYLK,CDC42
MYLK,BRCA1
MYLK,CCNB1
MYLK,NBR1
MYLK,SF3B1
MYLK,MATR3
MYLK,DDX21
MYLK,DDX23
MYLK,SFPQ
MYLK,RFC3
MYLK,ATF2
MYLK,KIFC1
MYLK,ISOC1
MYLK,DDX31
MYLK,PYM1
MYLK,NXF1
MYLK,DDX24
MYLK,FUS
MYLK,GYS2
MYLK,PHAX
MYLK,PPM1G
MYLK,LRP5
MYLK,NOC4L
MYLK,TES
MYLK,SND1
MYLK,VASP
MYLK,U2AF2
MYLK,DDX56
MYLK,SF3B2
MYLK,XRN1
MYLK,SRPK1
MYLK,SRSF4
MYLK,DHX9
MYLK,NRDC
MYLK,PSMD3
MYLK,DDX1
MYLK,FAS
MYLK,MTAP
MYLK,SMAP1
MYLK,MCM2
MYLK,ZFR
MYLK,IPO9
MYLK,RAD18
MYLK,CPSF3
MYLK,SF3A1
MYLK,UBE2O
MYLK,FLII
MYLK,UMPS
MYLK,EIF3E
MYLK,ADRM1
MYLK,RRP1B
MYLK,RFC2
MYLK,RFC5
MYLK,CDC5L
MYLK,ATF7
MYLK,RBMX
MYLK,FXR1
MYLK,RPN1
MYLK,RBM4
MYLK,GCN1
MYLK,PSMD1
MYLK,SCAF8
MYLK,TFCP2
MYLK,RRS1
MYLK,PCBP2
MYLK,PDIA6
MYLK,DPM1
MYLK,KTN1
MYLK,DDX27
MYLK,WDR36
MYLK,DDX41
MYLK,ASNS
MYLK,MAP4
MYLK,CUL5
MYLK,PGAM5
MYLK,FEN1
MYLK,RBM34
MYLK,FHL3
MYLK,DDX50
MYLK,COPG1
MYLK,PARP1
MYLK,NONO
MYLK,NOMO1
MYLK,HIC2
MYLK,HCFC1
MYLK,FRG1
MYLK,RTCB
MYLK,SRPK2
MYLK,PSMD2
MYLK,RAC1
MYLK,CBR1
MYLK,FKBP8
MYLK,EGLN1
MYLK,AP2S1
MYLK,OLA1
MYLK,MCTS1
MYLK,BUB3
MYLK,RPP30
MYLK,DLD
MYLK,TERF2
MYLK,GFPT1
MYLK,ABCD3
MYLK,STRAP
MYLK,MOGS
MYLK,OAT
MYLK,UBA1
MYLK,MICU2
MYLK,PGAM1
MYLK,PWP2
MYLK,PWP1
MYLK,ARPC4
MYLK,AP2A1
MYLK,PHB
MYLK,EIF3F
MYLK,NELFB
MYLK,HERC5
MYLK,XRCC6
MYLK,LSG1
MYLK,MCM5
MYLK,RBBP4
MYLK,PC
MYLK,MAGT1
MYLK,MRS2
MYLK,NOSIP
MYLK,POP1
MYLK,TRAP1
MYLK,NSUN5
MYLK,ARL1
MYLK,AHSA1
MYLK,TRA2B
MYLK,DDX47
MYLK,RBM27
MYLK,CKAP2
MYLK,SART3
MYLK,PSMD7
MYLK,NOP9
MYLK,AMOT
MYLK,WDR83
MYLK,HDAC1
MYLK,POP7
MYLK,VPS35
MYLK,CYTB
MYLK,FHL1
MYLK,UFL1
MYLK,RAB10
MYLK,CHTOP
MYLK,AP3B1
MYLK,CDC73
MYLK,GPX4
MYLK,RRBP1
MYLK,SSRP1
MYLK,G3BP1
MYLK,ABCE1
MYLK,HMMR
MYLK,SRSF3
MYLK,AGAP3
MYLK,TOP1
MYLK,NEMF
MYLK,NLE1
MYLK,SNX6
MYLK,SMU1
MYLK,DDX3X
MYLK,SRSF9
MYLK,JUND
MYLK,DHX36
MYLK,DHX29
MYLK,EXOC4
MYLK,ELP1
MYLK,ACSL3
MYLK,TEX10
MYLK,CPSF2
MYLK,PTBP1
MYLK,TKT
MYLK,GNB1L
C1QBP,EIF3D
C1QBP,MOV10
C1QBP,WDR5
C1QBP,DNMT1
C1QBP,PRDX1
C1QBP,SFXN1
C1QBP,PRDX2
C1QBP,FUS
C1QBP,XRN1
C1QBP,FAS
C1QBP,FXR1
C1QBP,TFCP2
C1QBP,GPX4
CRLF3,MOV10
CRLF3,WDR5
CRLF3,DNMT1
CRLF3,PRDX1
CRLF3,SFXN1
CRLF3,PRDX2
CRLF3,FUS
CRLF3,XRN1
CRLF3,FAS
CRLF3,FXR1
CRLF3,TFCP2
CRLF3,GPX4
CKAP4,XRN1
CKAP4,FAS
CKAP4,FXR1
CKAP4,TFCP2
LRP5,XRN1
LRP5,FAS
LRP5,FXR1
LRP5,TFCP2
LRP5,GPX4
FAS,MTAP
FAS,SMAP1
FAS,ZFR
FAS,IPO9
FAS,RAD18
FAS,CPSF3
FAS,SF3A1
FAS,UBE2O
FAS,FLII
FAS,UMPS
FAS,EIF3E
FAS,ADRM1
FAS,RRP1B
FAS,RFC2
FAS,RFC5
FAS,ATF7
FAS,FXR1
FAS,RBM4
FAS,PSMD1
FAS,SCAF8
FAS,TFCP2
FAS,RRS1
FAS,PCBP2
FAS,KTN1
FAS,MYO6
FAS,DDX27
FAS,WDR36
FAS,DDX41
FAS,CAPZB
FAS,CUL5
FAS,PGAM5
FAS,RBM34
FAS,FHL3
FAS,DDX50
FAS,COPG1
FAS,PARP1
FAS,NONO
FAS,NOMO1
FAS,HIC2
FAS,HCFC1
FAS,FRG1
FAS,RTCB
FAS,SRPK2
FAS,PSMD2
FAS,RAC1
FAS,CBR1
FAS,FKBP8
FAS,EGLN1
FAS,AP2S1
FAS,OLA1
FAS,MCTS1
FAS,BUB3
FAS,RPP30
FAS,DLD
FAS,TERF2
FAS,ABCD3
FAS,STRAP
FAS,MOGS
FAS,OAT
FAS,UBA1
FAS,MICU2
FAS,PGAM1
FAS,PWP2
FAS,PWP1
FAS,ARPC4
FAS,AP2A1
FAS,PHB
FAS,EIF3F
FAS,NELFB
FAS,HERC5
FAS,XRCC6
FAS,LSG1
FAS,MCM5
FAS,RBBP4
FAS,MAGT1
FAS,MRS2
FAS,POP1
FAS,NSUN5
FAS,ARL1
FAS,TRA2B
FAS,DDX47
FAS,RBM27
FAS,SART3
FAS,PSMD7
FAS,NOP9
FAS,AMOT
FAS,WDR83
FAS,HDAC1
FAS,POP7
FAS,VPS35
FAS,CYTB
FAS,FHL1
FAS,RAB10
FAS,CHTOP
FAS,AP3B1
FAS,RRBP1
FAS,SSRP1
FAS,ABCE1
FAS,HMMR
FAS,AGAP3
FAS,TOP1
FAS,NEMF
FAS,NLE1
FAS,SNX6
FAS,SMU1
FAS,SRSF9
FAS,JUND
FAS,DCTN2
FAS,DHX29
FAS,EXOC4
FAS,ACSL3
FAS,TEX10
FAS,PTBP1
FAS,TKT
FAS,GNB1L
SMAP1,FXR1
SMAP1,TFCP2
SMAP1,GPX4
CUL5,GPX4
MAGT1,GPX4
CD59,CXCR4
FLOT1,CXCR4
FLOT1,HTRA1
DSG2,CXCR4
DSG2,HTRA1
CAV1,CXCR4
CAV1,SPCS2
CAV1,SUN2
CAV1,HTRA1
CAV1,LIFR
CAV1,LRP10
CAV1,DDR2
CAV1,SGPP1
CAV1,C1QBP
CAV1,PTGES
CAV1,REEP4
CAV1,ETFB
CAV1,SNTB2
CAV1,HYOU1
CXCR4,SPCS2
CXCR4,SUN2
CXCR4,HTRA1
CXCR4,CLCN7
CXCR4,LIFR
CXCR4,MGST3
CXCR4,LRP10
CXCR4,VDAC1
CXCR4,PCDH7
CXCR4,DDR2
CXCR4,SGPP1
CXCR4,C1QBP
CXCR4,MMGT1
CXCR4,IST1
CXCR4,PTGES
CXCR4,XPR1
CXCR4,REEP4
CXCR4,ETFB
CXCR4,SNTB2
CXCR4,HYOU1
ANXA1,HTRA1
ANXA2,VCAM1
ANXA2,MACF1
ANXA2,RAP1B
ANXA2,NAA15
ANXA2,MCM4
ANXA2,TLN1
ANXA2,RAB5C
ANXA2,ARAP1
ANXA2,MCM6
ANXA2,SCRIB
ANXA2,CHD4
ANXA2,CNBP
ANXA2,GLRX3
ANXA2,RALY
ANXA2,SF3B6
ANXA2,UBR4
ANXA2,AGFG1
ANXA2,MYL4
ANXA2,BOLA2
ANXA2,EPN1
ANXA2,RCC1
ANXA2,PSME3
ANXA2,RAP2B
ANXA2,IPO5
VCAM1,DDX6
VCAM1,MCM6
VCAM1,EMD
VCAM1,AP2B1
VCAM1,MYL6
VCAM1,PSMD3
VCAM1,MCM2
VCAM1,SF3B6
VCAM1,THOC2
VCAM1,MYL4
VCAM1,EPS15
VCAM1,AP2M1
VCAM1,ILF3
VCAM1,CAPZB
VCAM1,IPO5
CAV1,PAK1
LRP1,MEN1
LRP1,NOVA2
DSG2,ALG9
CAV1,RTN4
CAV1,PDZD8
CAV1,GPAT3
CAV1,SYAP1
CAV1,STX18
CAV1,FZD6
CAV1,SPCS3
CAV1,TMX4
CAV1,BET1
CAV1,SUN1
CAV1,CHP1
CAV1,CISD2
CAV1,NCOA2
CAV1,SRPRB
CAV1,EPHA7
EPHA2,ALG9
ADCY8,HSPB1
RYK,HSPB1
FAS,CETN2
FAS,AP2A2
FAS,PCID2
FAS,ACSL5
SMAD3,MFN2
HMMR,GPC4
GPC4,NSA2
GPC4,IPO5
GPC4,CEP85
CKAP4,PCGF1
CD44,SFXN1
CD44,GANAB
CD44,HSPB1
CAP1,GANAB
CAP1,HSPB1
ANXA1,SFXN1
ANXA1,GANAB
ESR1,DSG1
PDCD2,NFKB1
C1QBP,ACTN4
EDAR,TRAF6
CAV1,GP2
CSPG4,GRIA2
GRID2,BECN1
ESR1,VDAC1
PKD1,FLOT2
NRP1,FARP2
ESR1,MED13
ESR1,HDAC2
F11R,CLDN1
FN1,LIPG
TEK,IKBKG
RORC,PPP1R3A
AGTRAP,LMO2
IL1R1,POTED
FN1,RAB3IL1
PROCR,NR1I2
TEK,ARHGEF7
FN1,CTSL
CTLA4,ATP6V1C2
PROCR,TYRP1
IL3RA,PPP1R3A
FN1,C6orf58
FN1,UPF1
FN1,TRIM28
FN1,SARDH
FN1,PLAG1
FN1,ACACA
FN1,SUPT5H
FN1,SSBP1
FN1,COPB1
FN1,ECPAS
FN1,H2AC18
FN1,H2AZ2
FN1,MANF
FN1,PPA1
FN1,KRT8
FN1,PSAT1
FN1,CSNK2B
FN1,CDSN
FN1,ALYREF
FN1,TFRC
FN1,NSD1
FN1,KHSRP
FN1,HBZ
FN1,DNM2
FN1,TRG
FN1,TIAL1
FN1,REG1CP
FN1,RERE
FN1,LYPLA2P1
FN1,SNRPD1
FN1,TECR
FN1,HNRNPR
FN1,HSPA9
FN1,FBL
FN1,SERPINF2
HSPA5,BAK1
HLA-F,HLA-DPA1
PROCR,AKR1C3
CD1A,ITGAM
TMEM67,ATP6AP2
FN1,HIF1A
TFRC,ATP6AP2
MPZ,ATP6AP2
IL1R1,NR3C1
IL3RA,ARHGEF7
IL3RA,INPP5D
KLRC3,KLRC1
KLRC1,KLRC4
KLRC1,KLRC2
MCAM,ATP6AP2
MCAM,NSD1
ATP6AP2,ACBD3
ATP6AP2,LEMD3
ATP6AP2,SLC30A5
ATP6AP2,YIF1A
ATP6AP2,BCAP31
ATP6AP2,LIPB
ATP6AP2,GRIK4
ATP6AP2,OSBP
ATP6AP2,SLC30A1
ATP6AP2,CYP51A1
ATP6AP2,ORC3
ATP6AP2,LCA10
ATP6AP2,PALD1
ATP6AP2,SORBS3
ATP6AP2,ABCC1
ATP6AP2,HCLS1
ATP6AP2,SCRIB
ATP6AP2,NSD1
ATP6AP2,PTPN2
ATP6AP2,SLC1A4
ATP6AP2,CLINT1
ATP6AP2,SLC30A6
ATP6AP2,ALX1
ATP6AP2,TFRC
ATP6AP2,TCF19
ATP6AP2,IGF2R
ATP6AP2,AKR1B1
ATP6AP2,ABCC5
ATP6AP2,REEP5
ATP6AP2,CARD16
GRIK4,NSD1
NR3C2,TP53
HSPA5,ATP6AP2
P4HB,ATP6AP2
ATP6AP2,CA2
ATP6AP2,SELENOF
ATP6AP2,PIGK
ATP6AP2,IKBIP
HSPA5,HIF1A
TFRC,TP53
IGF2R,ATP6AP2
HSPA5,HNRNPK
HSPA5,PPP1R12A
TFRC,NSD1
IGF2R,NSD1
ATP6AP2,RAB2A
ATP6AP2,ARHGEF7
ATP6AP2,SRPRA
ATP6AP2,CDSN
ITGAM,CD1A
ITGAM,PRMT1
FN1,DNLZ
FN1,DYNC2H1
NR3C1,NSD1
IL3RA,CCP110
IL3RA,MPHOSPH9
IL3RA,GIGYF1
ATP6AP2,SELENOI
ATP6AP2,ATP6V0A1
FN1,H19-ICR
IL3RA,STATH
IL3RA,SPICE1
IL3RA,PALS1
IL3RA,CARD16
IL3RA,CHAMP1
FN1,AKR1B1
FN1,ACTG1
FN1,CDYL
FN1,EEF1G
FN1,TRIM21
FN1,ACTC1
FN1,ACAA1
FN1,TCF12
FN1,CAVIN1
TFRC,MAPK1
ATP6AP2,TMEM67
HSPA5,PTK2
ATP6AP2,PDCD11
NR1I2,NSD1
ATP6AP2,MPZ
ATP6AP2,ATP6V1B2
ATP6AP2,PPP1R13L
ATP6AP2,SPECC1
ATP6AP2,RALA
ATP6AP2,CAVIN1
ITGAM,PRPF19
ITGAM,HNRNPK
ITGAM,HNRNPL
ITGAM,MPHOSPH10
ITGAM,HNRNPC
ITGAM,HNRNPF
ITGAM,ADAR
ITGAM,HNRNPD
ITGAM,CDC40
ITGAM,TRAC
ITGAM,HNRNPR
ITGAM,POLDIP3
FN1,POLR2C
FN1,POLR2D
FN1,POLR2A
FN1,SUPT6H
FN1,POLR2G
IL3RA,PPP6R3
IL3RA,SCYL3
ITGAM,GTF2H1
ITGAM,RALA
RORC,HNRNPK
RORC,PPP1R12A
RORC,TP53
NFASC,PPP1R3A
NFASC,PPP1R12A
NFASC,TP53
CD1A,TP53
HSPA5,TP53
IL3RA,EPPK1
IL3RA,SSX2IP
F11R,ATP6AP2
IL3RA,VAV1
FN1,ERVMER34-1
FN1,CABLES1
FN1,CFTR
CD8A,CTLA4
IL1R1,IL1R2
CSF2RB,TRAF6
CD247,CASP3
IL2RA,HMGA1
PLAUR,EGR1
MAS1,SNTA1
P4HB,EZH2
IGF2R,TRAF6
ITGAM,PAK1
CTLA4,DGAT1
IL3RA,SGK2
IL3RA,NCK1
HSPA5,CASP8
HSPA5,CAV1
CD8A,CDK1
HSPA5,AKT1
STX1A,HMOX1
IL3RA,GNA12
IL3RA,SAE1
IL3RA,LNX1
HSPA5,TRAF6
CTLA4,KCTD5
KLRC1,MAL
STX1A,AQP3
RTN4R,E2F1
IL3RA,PLCG1
IL3RA,NR0B2
RORC,FOXP3
NR1I2,CAV1
FN1,LOXL3
EXTL3,BNIP3
HSPA5,HSPB1
FN1,ZYX
IL3RA,CDK1
EXTL3,MEN1
TFRC,VPS51
HSPA5,NFKB1
ITGAM,TCEA2
ITGAM,CCNL2
FN1,PRELP
NR1I2,BCL6
P4HB,HDAC5
NR3C2,NRIP1
P4HB,GANAB
IL3RA,TPM3
IL3RA,ABI1
PROCR,ABCB8
ITGAM,PNKP
FN1,APOA1
FN1,MYC
FN1,NAA15
FN1,HIP1R
FN1,VDAC2
FN1,DRG1
FN1,DDX21
FN1,PDCD6
FN1,PSMG1
FN1,PSMG2
FN1,C1QBP
FN1,DDX18
FN1,RSU1
FN1,HMGA1
FN1,COPG1
FN1,CLIC2
FN1,EIF3K
FN1,VPS28
FN1,MDN1
FN1,GSTK1
FN1,CLIC5
FN1,NAT10
FN1,STX4
FN1,PPID
FN1,DLD
FN1,CELF2
FN1,PGAM5
FN1,AIMP2
FN1,CPSF6
FN1,ACLY
FN1,LSM12
FN1,KIT
FN1,RBM12
FN1,KANK2
FN1,CNOT1
FN1,OLA1
FN1,SF3B1
FN1,ARPC4
FN1,SF3A3
FN1,SRSF3
FN1,BMP2K
FN1,TRAP1
FN1,TPM3
FN1,RAP1B
FN1,MACF1
FN1,FLNB
FN1,VASP
FN1,MYH9
FN1,XPO1
FN1,CCAR2
FN1,MATR3
FN1,SRSF9
FN1,DDX1
FN1,SMAP2
FN1,EIF3E
FN1,DDAH2
FN1,SCRIB
FN1,ARPC3
FN1,RALY
FN1,RAP2B
FN1,DHX15
FN1,PRDX3
FN1,GLRX3
FN1,MCM3
FN1,ILF2
FN1,ACTN4
FN1,XPO5
FN1,RBMX
FN1,PHB
FN1,AP2A1
FN1,FLNC
FN1,EIF3L
FN1,MBNL1
FN1,RBM14
FN1,KIF2C
FN1,HSPB1
FN1,RACK1
FN1,NTPCR
FN1,ACTB
FN1,NONO
FN1,VAMP8
FN1,RBM4
FN1,PCBP2
FN1,PCBP1
P4HB,CXCR4
FN1,C1QC
FN1,ITIH1
FN1,ITIH4
FN1,C1QB
PROCR,CAV1
P4HB,EGFR
IL3RA,FOXP1
FN1,TAB2
ITGAM,PIN1
P4HB,ESR1
PROCR,PHF19
HLA-DQB2,ERAP1
PROCR,GDE1
HLA-F,GINM1
PROCR,CCNL2
AGTR1,PICK1
ATP6AP2,WDR1
CRCP,HDAC2
IL3RA,CEP19
ATP6AP2,RHOG
FN1,SYMPK
FN1,CTR9
HSPA5,DVL2
HSPA5,BAG6
ATP6AP2,MITD1
PPARA,BCL2
PTPRJ,FOXM1
RORC,NRIP1
FN1,ESR1
IL3RA,SLK
TMEM67,CDK1
PROCR,PRTN3
PROCR,CD177
CD40LG,TRAF6
KLRC4,KLRD1
MCAM,LRP6
MCAM,CAV1
MCAM,VPS51
MCAM,ALG9
MCAM,PANX1
ATP6AP2,COPE
ATP6AP2,ROR1
ATP6AP2,STX16
ATP6AP2,IRS4
ATP6AP2,EMC8
ATP6AP2,UNC5B
ATP6AP2,SEC63
ATP6AP2,LRP6
ATP6AP2,GORAB
ATP6AP2,DHRS7
ATP6AP2,COPD
ATP6AP2,SMCR8
ATP6AP2,ANO6
ATP6AP2,LBR
ATP6AP2,PDZD8
ATP6AP2,B9D1
ATP6AP2,VAMP4
ATP6AP2,GPAT3
ATP6AP2,WDR20
ATP6AP2,FZD6
ATP6AP2,STX6
ATP6AP2,HM13
ATP6AP2,STX12
ATP6AP2,GGA3
ATP6AP2,STX7
ATP6AP2,MPP7
ATP6AP2,LIN7C
ATP6AP2,CKAP4
ATP6AP2,STX8
ATP6AP2,RPF2
ATP6AP2,EPS15
ATP6AP2,CBARP
ATP6AP2,STIM1
ATP6AP2,PREB
ATP6AP2,GOSR2
ATP6AP2,AP1B1
ATP6AP2,MPZL1
ATP6AP2,EPN2
ATP6AP2,ITM2C
ATP6AP2,FRS2
ATP6AP2,TFG
ATP6AP2,WDR6
ATP6AP2,CD99
ATP6AP2,PTK7
ATP6AP2,SMAP2
ATP6AP2,HIP1
ATP6AP2,MARK2
ATP6AP2,CAV1
ATP6AP2,PKP4
ATP6AP2,PAK4
ATP6AP2,RAB23
ATP6AP2,RABL6
ATP6AP2,EMC2
ATP6AP2,SNX2
ATP6AP2,RER1
ATP6AP2,MKS1
ATP6AP2,CAMLG
ATP6AP2,ESYT1
ATP6AP2,THEM6
ATP6AP2,VPS51
ATP6AP2,JPH1
ATP6AP2,SOAT1
ATP6AP2,SCYL1
ATP6AP2,CNNM3
ATP6AP2,RELL1
ATP6AP2,FNBP1
ATP6AP2,MARK3
ATP6AP2,PCDH7
ATP6AP2,NUMB
ATP6AP2,AP4E1
ATP6AP2,TMEM9
ATP6AP2,MMGT1
ATP6AP2,SENP2
ATP6AP2,ALG9
ATP6AP2,LSR
ATP6AP2,WASF2
ATP6AP2,COPG1
ATP6AP2,WDR11
ATP6AP2,EMC3
ATP6AP2,TNIK
ATP6AP2,AP4B1
ATP6AP2,DLG1
ATP6AP2,EMC7
ATP6AP2,AUP1
ATP6AP2,FLOT2
ATP6AP2,MFAP3
ATP6AP2,DSG2
ATP6AP2,AP2S1
ATP6AP2,NDRG1
ATP6AP2,EHBP1
ATP6AP2,MTMR6
ATP6AP2,WDR41
ATP6AP2,PLD3
ATP6AP2,EPHA2
ATP6AP2,VAMP2
ATP6AP2,INSR
ATP6AP2,CDCA3
ATP6AP2,VAMP7
ATP6AP2,ROR2
ATP6AP2,STAM2
ATP6AP2,LMAN1
ATP6AP2,GOPC
ATP6AP2,GOSR1
ATP6AP2,YKT6
ATP6AP2,CNNM2
ATP6AP2,GGA1
ATP6AP2,STX10
ATP6AP2,CPNE8
ATP6AP2,PANX1
ATP6AP2,TMX1
ATP6AP2,HMOX2
ATP6AP2,BET1L
ATP6AP2,VAMP8
ATP6AP2,VRK2
ATP6AP2,CLCC1
ATP6AP2,USO1
ATP6AP2,FZD5
ATP6AP2,ACSL3
ATP6AP2,LRP8
ATP6AP2,NDC1
GRIK4,CAV1
GRIK4,VPS51
GRIK4,ALG9
GRIK4,PANX1
TFRC,PANX1
NR3C2,TET2
CFTR,MTOR
HSPA5,FADS2
HSPA5,ALG9
HSPA5,GANAB
P4HB,ALG9
ATP6AP2,PDIA6
ATP6AP2,GANAB
ATP6AP2,RFT1
ATP6AP2,CISD2
ATP6AP2,HYOU1
ATP6AP2,CNIH4
ATP6AP2,TMX3
ATP6AP2,REEP4
ATP6AP2,AAAS
HSPA5,PRDX1
HSPA5,PRDX2
ATP6AP2,ANO10
ATP6AP2,NCOA2
ATP6AP2,HACD2
ATP6AP2,SRPRB
ITGAM,CHERP
ITGAM,SRSF5
ITGAM,RBM25
ITGAM,ZFR
ITGAM,CDC5L
ITGAM,ANXA6
ITGAM,NCBP2
ITGAM,SF3B6
HSPA5,EGFR
TFRC,GANAB
TFRC,ALG9
IGF2R,ALG9
ATP6AP2,KTN1
ATP6AP2,CHP1
NTM,TPP1
STX1A,TPP1
SIRPA,TPP1
ATP6AP2,CHMP7
NFASC,GPC4
FN1,SETX
HSPA5,ACTN4
HSPA5,HTRA1
HSPA5,GSTM1
HSPA5,FUS
ATP6AP2,AKT2
ATP6AP2,EXOC4
ATP6AP2,GCC1
ATP6AP2,LRP2
ATP6AP2,DDX54
ATP6AP2,NSA2
KCNJ4,GPC4
KCNJ4,HDAC2
KCNJ4,AIM2
KCNJ4,TFCP2
ATP6AP2,SCFD1
ATP6AP2,BAG2
ATP6AP2,SPCS3
ATP6AP2,MAGT1
ATP6AP2,RABL3
ATP6AP2,NSDHL
ATP6AP2,EMD
NR3C1,BAG6
ITGAM,PCGF5
ITGAM,FBRS
ITGAM,GPC4
CD1A,GPC4
HSPA5,FAS
FN1,IGHA1
FN1,CKAP2
FN1,TIAM1
FN1,QTRT2
FN1,UNC79
ITGAM,NCOA3
ITGAM,RXRB
FN1,CPSF2
FN1,CPSF4
FN1,CPSF1
FN1,CSTF3
FN1,CSTF2
NFASC,NRIP1
IL3RA,IFT74
IL3RA,TTK
IL3RA,HAUS7
IL3RA,HAUS3
IL3RA,LMO7
IL3RA,EXOC4
IL3RA,KIF7
IL3RA,TBK1
IL3RA,CEP44
IL3RA,DDX3Y
IL3RA,PLK1
IL3RA,TRIP6
IL3RA,CEP85
ATP6AP2,WFS1
ATP6AP2,ERO1B
ATP6AP2,TAP1
ATP6AP2,HSDL2
ATP6AP2,TMED2
ATP6AP2,PLOD1
ATP6AP2,IDH3B
GRIK4,GANAB
FN1,EXOC6
FN1,THRB
FN1,GFAP
FN1,IGKC
NR3C1,HDAC2
HSPA5,ERAP2
P4HB,ERAP2
ATP6AP2,TTC1
ATP6AP2,STIP1
ATP6AP2,FKBP8
ATP6AP2,GYS1
ATP6AP2,ST7
ATP6AP2,CDC37
ATP6AP2,ISOC1
HSPA5,MET
TEK,PHF3
HSPA5,ACSL4
IL3RA,BCR
IL3RA,KIZ
IL3RA,CDC20
IL3RA,CCNB2
IL3RA,IPO8
IL3RA,TTLL5
IL3RA,MIB1
IL3RA,DAPK3
IL3RA,CRK
IL3RA,ECH1
IL3RA,ASCC2
IL3RA,DCLK1
IL3RA,ARPC3
IL3RA,TSNAX
IL3RA,CEP89
IL3RA,NEBL
IL3RA,SRP72
IL3RA,IFT46
IL3RA,TANK
IL3RA,NDEL1
IL3RA,TMED2
IL3RA,LZTS3
IL3RA,SYNC
FN1,NUP93
FN1,RUNX1
FN1,MZT2B
FN1,CKAP4
FN1,MAX
FN1,DDX17
FN1,GANAB
FN1,PSMD2
FN1,ECSIT
FN1,FHL2
FN1,RCN1
FN1,P3H1
FN1,AKAP8
FN1,AFAP1
FN1,SMC4
FN1,RIF1
FN1,RBMS2
FN1,RFC4
FN1,TKT
FN1,UBC
FN1,EP400
FN1,OPA1
TFRC,DKC1
HSPA5,STAT3
KCNJ4,DVL2
HSPA5,HDAC2
TFRC,EGFR
HSPA5,SFXN1
HSPA5,CDK1
IL3RA,MCM10
IL3RA,LCA5
IL3RA,BTF3
IL3RA,SMG5
IL3RA,NOL11
ATP6AP2,PSMD2
ATP6AP2,PSMD4
ATP6AP2,TOX3
NR3C1,TBX2
HSPA5,GPX4
HSPA5,ERP44
HSPA5,PARK7
P4HB,SFXN1
P4HB,CDK1
P4HB,GPX4
P4HB,ERP44
P4HB,PARK7
CSF2RB,AKT1
PTK2B,CDK1
ATP6AP2,AKAP1
CD1A,CDK1
FN1,BAZ1B
FN1,APOL1
ATP6AP2,BASP1
ATP6AP2,OSTM1
ATP6AP2,TOP3B
ATP6AP2,PLD1
ATP6AP2,RAB14
ATP6AP2,CLC
ATP6AP2,CERS2
ATP6AP2,UBAC2
ATP6AP2,URB2
ATP6AP2,ETFB
HSPA5,PRDX4
CD93,MLF2
CD93,EDC3
FN1,UTP23
FN1,PIAS1
FN1,NLRP1
FN1,MOCOS
FN1,ABCA6
FN1,SAFB2
FN1,RRP1B
FN1,ROBO3
ITGAM,DHX8
ITGAM,RALY
ITGAM,SRSF1
ITGAM,TRA2B
ITGAM,CPSF3
ITGAM,SF3A1
ITGAM,THOC2
ITGAM,DDX47
ITGAM,PCBP1
ITGAM,CPSF1
ITGAM,SNW1
ITGAM,THOC6
ITGAM,RBM28
ITGAM,CPSF6
ITGAM,SF3B3
ITGAM,PLRG1
ITGAM,CWC22
ITGAM,RBMX
ITGAM,SAP18
ITGAM,NOL9
ITGAM,SRSF3
ITGAM,SUGP2
ITGAM,SRSF9
ITGAM,PUM3
ITGAM,PCBP2
ITGAM,RBM22
ITGAM,DDX41
ITGAM,CPSF2
ITGAM,SRSF7
ITGAM,DHX15
ITGAM,PTBP1
ITGAM,NOL11
FN1,AFF4
FN1,ELOB
FN1,WDR61
FN1,FOXK2
FN1,DGCR8
FN1,CCNT1
FN1,G6PD
FN1,IWS1
FN1,TOX4
FN1,ANO3
FN1,NFS1
FN1,NFIC
FN1,KLF16
FN1,TJAP1
FN1,CETN2
FN1,CDK9
FN1,NDEL1
FN1,RPRD2
FN1,PMS2
FN1,TAOK3
FN1,CDC73
FN1,FGD6
FN1,ZFP91
FN1,PAF1
IL3RA,NVL
IL3RA,PDCD4
IL3RA,DVL2
IL3RA,ECD
IL3RA,STRN4
IL3RA,WASF2
IL3RA,IPO9
IL3RA,NMT1
FN1,TLN2
FN1,CDC45
FN1,IGHG2
FN1,RLF
FN1,DDB1
FN1,OR2T6
FN1,HPT
HSPA5,TPP1
ITGAM,SRRM2
NR1I2,VPS51
ITGAM,NPAT
RORC,DKC1
RORC,MYLK
RORC,EIF3D
RORC,MOV10
RORC,WDR5
RORC,DNMT1
RORC,PRDX1
RORC,SFXN1
RORC,PRDX2
RORC,FUS
RORC,XRN1
RORC,FAS
RORC,FXR1
RORC,TFCP2
RORC,GPX4
NFASC,DKC1
NFASC,MYLK
NFASC,EIF3D
NFASC,MOV10
NFASC,WDR5
NFASC,DNMT1
NFASC,PRDX1
NFASC,SFXN1
NFASC,PRDX2
NFASC,FUS
NFASC,XRN1
NFASC,FAS
NFASC,FXR1
NFASC,TFCP2
NFASC,GPX4
CD1A,MOV10
CD1A,WDR5
CD1A,DNMT1
CD1A,PRDX1
CD1A,SFXN1
CD1A,PRDX2
CD1A,FUS
CD1A,XRN1
CD1A,FAS
CD1A,FXR1
CD1A,TFCP2
CD1A,GPX4
HSPA5,DNMT1
HSPA5,XRN1
HSPA5,FXR1
HSPA5,TFCP2
TFRC,GPX4
TFRC,PRDX1
IL3RA,ANK2
IL3RA,IPMK
IL3RA,TTC28
IL3RA,CENPJ
IL3RA,IBTK
IL3RA,RPAP2
F11R,ALG9
ATP6AP2,EPHA7
TFRC,SFXN1
TFRC,HSPB1
P4HB,HSPB1
NR3C1,DVL2
IL3RA,TEC
IL3RA,EPOR
CFTR,CR1
FN1,SGO2
FN1,LDB3
FN1,SPAST
FN1,CHKB
FN1,MYL4
FN1,DERL1
FN1,AP1M1
FN1,NCOA3
FN1,OBSL1
FN1,GRAP2
FN1,SACS
FN1,PDE4B
FN1,TTPAL
FN1,GCN1
FN1,AP4E1
FN1,OR3A2
FN1,CEP44
FN1,NLRC4
HLA-F,PDIA3
ITGAM,MED17
ITGAM,MED28
ITGAM,MED12
ITGAM,MED30
ITGAM,MED7
ITGAM,MED22
ITGAM,MED9
ITGAM,MED11
CTLA4,CD1C
CD8A,HDAC2
AVPR2,AGTR1
CTLA4,ARHGEF7
CTLA4,PIK3R2
TLR4,ELAVL1
TLR4,NEURL1
TIGIT,INPP5D
AQP1,MID2
TLR4,TP53
ANXA2,HNF1A
PPARG,TCF4
AQP1,RIMS3
AQP1,TCF4
SMAD3,HIF1A
TLR8,TP53
AQP5,HNRNPK
ESR1,ARHGEF7
AQP1,TNK2
ANXA2,NDUFAF1
CD36,PTK2
TLR4,JTB
TLR4,TCAM1P
EGFR,MGARP
PPARG,HTT
EGFR,RAP1GDS1
EGFR,OLFM1
EGFR,ACAA1
CXCR4,PKD1P2
VDR,CFTR
EGFR,NR3C1
GPC3,REEP5
ANXA2,POTED
MET,TNS3
AQP1,REXO1L1P
EGFR,ARHGEF7
ESR1,PPP5C
EGFR,REEP5
EGFR,PPP5C
EGFR,STUB1
MET,ARHGEF7
CXCR4,PECAM1
EGFR,TPT1
NCAM1,ENPP2
MET,SH3BP2
EGFR,EEF1G
EGFR,IKBKG
A1BG,BAK1
EGFR,SPAG1
PMP22,KLRC1
PKD2,BCAP31
JMJD6,C17orf97
EGFR,HSPA9
SMAD3,HNRNPK
ANXA2,IKBKE
MYLK,ARHGEF7
CXCR4,GRIK1
ESR1,ARSF
FAS,EWSR1
CTLA4,RAB8A
PTPRO,WAS
MMP2,TRPM5
APLP1,BAK1
CAV1,OCA2
EBP,NSD1
TRPV4,HIF1A
ABCA1,IKBKG
ESR1,MAP3K8
EGFR,CAVIN1
GPC3,NR4A2
RHO,PPP1R12A
VDR,PPA1
EGFR,SLC12A5
ANXA2,AOPEP
CAV1,STATH
ANXA2,POU2F3
MET,PCBD1
BMPR2,SLCO2A1
ASIC3,NSD1
MET,SNAP25
IL1R1,ARHGEF7
ESR1,ACAT1
ESR1,STATH
BMPR2,GLRA2
EGFR,WAS
EGFR,DUS3L
AGTR2,AGTRAP
TLR4,PPP4C
FAS,USP3
PPARG,TRIM24
ESR1,ACTC1
ESR1,MANF
ESR1,RERE
JMJD6,WAS
EGFR,C6orf58
CXCR4,STAM
TLR4,STUB1
VDR,GOLM2
VDR,ITGAM
DAG1,PTK2
EGFR,USP3
BCR,HIF1A
ESR1,CBLL1
FAS,DCUN1D1
ESR1,ITGAM
PTAFR,PTK2
NCAM1,PPA1
IL1R1,HEY2
ESR1,HNRNPR
ESR1,SNRPD1
ESR1,UPF1
ESR1,UTP3
FAS,MGAM
VDR,AMPD1
EGFR,HSPA5
VCAM1,SEPTIN1
VCAM1,KLK15
VCAM1,DCDC2
VCAM1,ATP5PO
VCAM1,UBA7
VCAM1,C6orf58
VCAM1,UPF1
VCAM1,TRIM28
VCAM1,HNRNPF
VCAM1,EEF2
VCAM1,PPA1
VCAM1,HNRNPK
VCAM1,KRT8
VCAM1,PSAT1
VCAM1,GTPBP4
VCAM1,CSNK2B
VCAM1,CDSN
VCAM1,ALYREF
VCAM1,RPL14
VCAM1,TFRC
VCAM1,KPNB1
VCAM1,NSD1
VCAM1,INPPL1
VCAM1,PIK3R2
VCAM1,KHSRP
VCAM1,ATP5ME
VCAM1,HBZ
VCAM1,CARD16
VCAM1,HBE1
VCAM1,DNM2
VCAM1,EWSR1
VCAM1,TIAL1
VCAM1,RSC1A1
VCAM1,REG1CP
VCAM1,RERE
VCAM1,LYPLA2P1
VCAM1,SNRPD1
VCAM1,TECR
VCAM1,HNRNPR
VCAM1,HSPA9
VCAM1,EIF3A
VCAM1,HNRNPD
VCAM1,EEF1G
VCAM1,HNRNPL
EGFR,MARCKSL1
PPARG,BCAS2
ADRB2,NSD1
EGFR,FBXO25
EGFR,EEF1A1
EGFR,KPNB1
EGFR,SNRPD1
EGFR,FBXO6
EGFR,GSDME
EGFR,TIMM50
EGFR,FDPS
EGFR,ARFGEF1
FAS,FBXO6
LEPR,FBXO6
MET,NOL3
MET,TPD52L2
JMJD6,UBE2I
LGR4,HNRNPK
EGFR,HK2
EGFR,HK1
EGFR,ATP5MG
PTPRO,TECR
CKAP4,TP53
CAV1,ABCC1
CAV1,TFRC
ESR1,POLR2B
ESR1,POLR2J
EGFR,SSBP1
EGFR,ECPAS
EGFR,SULT1A1
EGFR,TFRC
EGFR,SRPRA
EGFR,EIF3A
EGFR,TIMM23
EGFR,HADHB
EGFR,SMC1A
EGFR,DCDC2
EGFR,LYPLA2P1
EGFR,RERE
EGFR,PYCR2
EGFR,OSBP
EGFR,CD46
EGFR,TOMM22
EGFR,GOLGB1
EGFR,COQ8A
EGFR,TRMT1L
EGFR,ACACA
EGFR,UQCRC2
EGFR,SAMM50
EGFR,SKIV2L
EGFR,DIS3
EGFR,NSD1
EGFR,EWSR1
EGFR,H1-10
CAV1,KRT8
ESR1,ALYREF
ESR1,TRG
ESR1,TECR
ESR1,SMC1A
CD27,PROCR
PTH1R,ATM
AGTR1,GKN1
CD68,C6orf58
CD68,TUBGCP4
ANXA2,ANXA13
CAV1,P2RY12
NCAM1,SLC30A4
ESR1,DNAAF4
FAS,ABCC1
ANXA2,ANXA11
ANXA2,C6orf58
ANXA2,EWSR1
ACE2,ISYNA1
NTRK1,ITGAM
ESR1,RNF40
ANXA2,PPP1CB
RHO,ATP6AP2
CD59,ATP6AP2
TGM2,ITGAM
FAS,HSPA5
MYLK,PPP1CB
PKD2,SRPRA
PLD1,ATP6AP2
CXCR4,GOLT1B
NRP1,HNRNPD
FLOT1,ATP6AP2
CKAP4,ATP6AP2
SMAD3,BAK1
VCAM1,USP3
EGFR,H2AC18
EGFR,ORC3
CKAP4,NEAT1
EGFR,HNRNPK
CTLA4,CD247
EGFR,HNRNPF
LRP6,ATP6AP2
FZD8,ATP6AP2
KLRD1,KLRC4
EPHB4,ATP6AP2
EPHB4,NSD1
NETO2,ATP6AP2
NETO2,NSD1
ROR1,NSD1
EFNB2,NSD1
UNC5B,NSD1
SEC63,NSD1
LRP6,ACBD3
LRP6,LEMD3
LRP6,SLC30A5
LRP6,YIF1A
LRP6,BCAP31
LRP6,LIPB
LRP6,GRIK4
LRP6,OSBP
LRP6,SLC30A1
LRP6,CYP51A1
LRP6,ORC3
LRP6,LCA10
LRP6,PALD1
LRP6,SORBS3
LRP6,ABCC1
LRP6,HCLS1
LRP6,NSD1
LRP6,PTPN2
LRP6,SLC1A4
LRP6,CLINT1
LRP6,SLC30A6
LRP6,ALX1
LRP6,TFRC
LRP6,TCF19
LRP6,IGF2R
LRP6,AKR1B1
LRP6,ABCC5
LRP6,REEP5
LRP6,CARD16
FZD6,NSD1
CKAP4,NSD1
MPZL1,NSD1
CD99,NSD1
PTK7,NSD1
CAV1,PALD1
CAV1,SORBS3
CAV1,HCLS1
CAV1,NSD1
CAV1,SLC1A4
CAV1,CLINT1
CAV1,SLC30A6
CAV1,ALX1
CAV1,TCF19
CAV1,IGF2R
CAV1,AKR1B1
CAV1,ABCC5
CAV1,REEP5
CAV1,CARD16
PCDH7,NSD1
LSR,NSD1
FAS,SSBP1
SEC63,ATP6AP2
MAGT1,ATP6AP2
EBP,ATP6AP2
PTPRF,HIF1A
MCC,HIF1A
C1QBP,ATP6AP2
EGFR,TRIM28
MET,CCT6A
MET,PFDN4
EFNB2,ATP6AP2
CD99,ATP6AP2
ROR2,ATP6AP2
EFNB1,ATP6AP2
FAS,HNRNPL
FAS,HNRNPC
FAS,KIF2A
FAS,CCP110
FAS,TIMM50
FAS,KPNB1
FAS,CCT6A
FAS,KIF4A
CD59,HNRNPK
CD59,PPP1R12A
ANXA2,REG1CP
ANXA2,ATP8A2
ANXA2,EEF1A1
ANXA2,ACTG1
ANXA2,ACTC1
ANXA2,KRT7
ANXA2,RERE
ANXA2,SNRPD2
ANXA2,HSPA5
ANXA2,KRT8
ANXA2,OPA6
ANXA2,EEF1G
ANXA2,PPP6R3
ANXA2,MANF
ANXA2,H2AC20
ANXA2,SPTBN1
ANXA2,HNRNPK
ANXA2,HADHB
ANXA2,EEF2
ANXA2,HNRNPF
ANXA2,SPECC1
ANXA2,PPP1R12A
ANXA2,SSBP1
ANXA2,EPPK1
EGFR,S100A6
EGFR,OPA6
EGFR,PPP6R3
EGFR,MANF
EGFR,H2AC20
EGFR,SPTBN1
EGFR,REG1CP
EGFR,EEF2
EGFR,SPECC1
EGFR,PPP1R12A
EGFR,PPP1CB
UNC5B,ATP6AP2
UNC5C,ATP6AP2
UNC5C,NSD1
DLG1,ATP6AP2
DLG1,NSD1
DSG2,ATP6AP2
DSG2,NSD1
CAV1,SLC3A2
CAV1,LEMD3
CAV1,MCAM
CAV1,SRPRA
CAV1,SLC30A5
CAV1,CEMIP2
CAV1,STAM
CAV1,BCAP31
CAV1,LIPB
CAV1,WDR77
CAV1,TENM3
CAV1,ATP6AP2
CAV1,GRIK4
CAV1,RAB2A
CAV1,ARHGEF7
CAV1,SLC30A1
EPHA2,ATP6AP2
EPHA2,NSD1
INSR,ATP6AP2
INSR,NSD1
ADCY9,ATP6AP2
ADCY9,NSD1
PODXL,ATP6AP2
PODXL,NSD1
ROR2,NSD1
EFNB1,NSD1
LRP2,NSD1
ANXA2,HNRNPL
ANXA2,BLOC1S1
ANXA2,ARHGEF7
ANXA2,PIK3R2
FAS,REG1CP
FAS,HNRNPF
FAS,PITX2
FAS,CARD16
ANXA2,ELAVL1
ANXA2,HSPA9
ANXA2,HSD17B10
ANXA2,HNRNPC
ANXA2,ALYREF
ANXA2,HHEX
ANXA2,HNRNPD
ANXA2,PTGES2
ANXA2,SOD1
ANXA2,HNRNPR
NRP1,BCAS2
NRP1,ITGAM
NRP1,CD1A
NRP1,PRMT1
SDC2,ITGAM
BCR,ITGAM
GPC4,PRMT1
FAS,SEPTIN9
FAS,UBL4A
FAS,SEPTIN6
FAS,SEPTIN7
FAS,PPA1
FAS,STUB1
FAS,ACACA
RXRG,ITGAM
ESR1,NFASC
ESR1,CSE1L
ESR1,ZNF214
ANXA2,DENND2B
ANXA2,CPSF4
ANXA2,CAVIN1
ANXA2,CLINT1
ANXA2,TJP2
ANXA2,PPP1R3A
ANXA2,MYO5A
ANXA2,RHOT2
ANXA2,ADAM12
ANXA2,APOBEC3H
ANXA2,PPP1R12B
ANXA2,ITPRID2
ANXA2,PPA1
FLOT1,PPP1R3A
FLOT1,PPP1R12A
FLOT1,ADAM12
DAB2,PPP1R3A
DAB2,PPP1R12A
DAB2,ADAM12
CD44,PPP1R3A
CD44,PPP1R12A
CD44,ADAM12
DSG2,PPP1R3A
DSG2,PPP1R12A
DSG2,ADAM12
MYLK,RHOT2
MYLK,ADAM12
MYLK,APOBEC3H
MYLK,PPP1R12B
MYLK,ITPRID2
MYLK,PPA1
FAS,HK3
FAS,MAP3K8
FAS,EEF1D
FAS,ADAR
FAS,RMDN3
FAS,ZNF214
FAS,SMC1A
FAS,DCUN1D5
FAS,NR3C1
FAS,NSD1
FAS,EIF3A
GRM1,ATP6AP2
NCL,ATP6AP2
TRAM1,ATP6AP2
DERL1,ATP6AP2
ANXA2,KPNB1
ANXA2,RSC1A1
ANXA2,EIF3A
EGFR,ERCC4
GRM5,ATP6AP2
CAV1,ATP8A2
CAV1,CAVIN1
EGFR,NFASC
MET,HSPA9
MET,H2AC18
ANXA1,PPP1R3A
ANXA2,AKR1B1
ANXA2,TP53
ANXA2,CDYL
ANXA2,CDSN
ANXA2,TRIM21
ANXA2,ACAA1
ANXA2,TCF12
CAV1,ATP6V1B2
CAV1,SENP8
CAV1,ATP6V1D
CAV1,ATP6V0A1
ANXA2,UBTF
ANXA2,TRIP12
ANXA2,GTPBP4
ANXA2,TFRC
ANXA2,PITX2
ANXA2,RPL14
ESR1,HNRNPK
ESR1,REG1CP
ESR1,HNRNPF
ESR1,EWSR1
ESR1,PITX2
ESR1,RPL14
ESR1,EPPK1
CAV1,MPZ
CAV1,UQCRQ
CAV1,ITPRID2
CAV1,MBOAT7
GRIN1,HNRNPK
MET,EEF2
MET,STUB1
MET,UBL4A
MET,PPP5C
MET,SSX2IP
MET,ADAR
MET,TIMM8A
MET,UQCRQ
MET,CARD16
ANXA2,PLAUR
CAV1,CTSA
CAV1,YIF1A
CAV1,NEURL1
CAV1,RMDN3
CAV1,OSBP
CAV1,ATP5PO
CD59,PPP1R3A
ANXA2,PALM2AKAP2
ANXA2,EEF1D
ANXA2,RHOG
ESR1,SMARCB1
CSPG4,ALX1
CSPG4,RBM8A
CSPG4,AKAP13
CSPG4,DIS3
CSPG4,TSEN2
CSPG4,UPF1
CSPG4,CARD16
ANXA2,TIMM21
EGFR,TIMM21
ANXA2,TOMM22
ANXA2,UQCRC2
ANXA2,GNAS
ANXA2,H1-0
ANXA2,TEAD2
ANXA2,PLIN1
ANXA2,HK1
ANXA2,CYLD
ANXA2,JCHAIN
ANXA2,LYPLA2P1
ANXA2,H2AC18
FAS,HSPA9
FAS,PRMT1
CXCR4,ATP5PF
CXCR4,ATP6V1B2
CXCR4,ORC3
CXCR4,CAVIN1
FAS,SLC25A10
FAS,BTAF1
FAS,ALYREF
FAS,TRIM28
FAS,ATP5ME
FAS,NME2
FAS,HPRT1
FAS,COPB1
FAS,BCAP31
FAS,CSE1L
FAS,EEF2
FAS,FDPS
FAS,P4HB
FAS,TBC1D1
FAS,HIF1A
FAS,MCCC2
CKAP4,HIF1A
SMAP1,TP53
CDCP1,HNRNPK
CAV1,HNRNPK
CAV1,KPNB1
CAV1,EEF1A1
CAV1,HSPA5
CAV1,CSE1L
CAV1,TNK2
CAV1,HNRNPF
CAV1,CLIC4
CAV1,ACAA1
CAV1,PTK2B
CAV1,HSPA9
EPHB4,PTK2
CKAP4,PTK2
EGFR,CSE1L
EGFR,CLIC4
MPZL1,PPP1R12A
CAV1,CEP20
CAV1,KNSTRN
CAV1,MTPAP
CAV1,NAPSA
CAV1,SSX2IP
CAV1,SECISBP2L
FLOT1,EIF2AK2
FLOT1,NEAT1
CAV1,ALCAM
ICAM1,ALCAM
ICAM1,SLC3A2
CAV1,UQCRC1
CAV1,TRAF3IP2
CAV1,ADAR
BMPR2,TMPRSS15
FAS,UPF2
FAS,MASP1
MET,INTS9
MET,APC
MET,IL3RA
MET,PPP6R3
MET,SCYL3
FAS,HNRNPK
MET,TCTN2
MET,KDM1A
MET,TCTN3
ROBO1,BAK1
ITPR3,PPP1R12A
FAS,RSC1A1
FAS,HK1
FAS,UPF1
FAS,PPP1CB
MET,HNRNPC
MET,ACTG1
ANXA2,NR1I2
ANXA2,KLK15
ANXA2,TYRP1
ANXA2,CARD16
ANXA2,ATP5PO
ANXA2,SNRPD1
ANXA2,TRX-CAT1-2
ANXA2,SLC3A2
ANXA2,CARD14
ANXA2,RORC
ANXA2,PRPF31
ANXA2,SRPRA
ANXA2,NFASC
ANXA2,DIS3
ANXA2,MTDH
ANXA2,ADAR
ANXA2,TRIM28
ANXA2,TIMM50
ANXA2,TRMT61A
ANXA2,CHAF1A
ANXA2,CCT6A
ANXA2,UPF1
ANXA2,MCAT
ANXA2,CD1A
ANXA2,POLDIP3
ANXA2,PDCD11
ANXA2,WDR45B
ANXA2,COPS4
ANXA2,GTF2H1
ANXA2,GLDC
ANXA2,PLAG1
ANXA2,H1-10
ANXA2,DCDC2
ANXA2,COPB1
ANXA2,MTPAP
ANXA2,AKAP13
ANXA2,ATP6V1B1
ANXA2,PRMT1
ANXA2,GOLGB1
ANXA2,FBXO22
ANXA2,UBE2M
ANXA2,SARS2
ANXA2,IKBIP
ANXA2,TOMM20
ANXA2,CSNK2B
ANXA2,ERF
ANXA2,NAPSA
ANXA2,ELANE
ANXA2,TRMT1L
ANXA2,TRG
ANXA2,TALDO1P1
ANXA2,UPF2
ANXA2,DDOST
ANXA2,CSE1L
ANXA2,MEFV
ANXA2,SARDH
ANXA2,MCCC2
ANXA2,NPEPPS
ANXA2,KHSRP
ANXA2,ALDH18A1
ANXA2,SNAP91
ANXA2,RBM17
ANXA2,BCAS2
ANXA2,POLR1C
ANXA2,SNRPD3
ANXA2,MRPL58
ANXA2,PMPCB
ANXA2,NUDT21
ANXA2,PRPF19
ANXA2,SLC32A1
ANXA2,HPRT1
ANXA2,CWF19L1
ANXA2,KIF2A
SMAD2,HNRNPK
SMAD2,PPP1R3A
SMAD2,PPP1R12A
CAP1,HNRNPK
CAP1,PPP1R3A
CAP1,PPP1R12A
CAP1,TP53
RACK1,PPP1R12A
RACK1,TP53
MYLK,TRIM28
MYLK,TIMM50
MYLK,TRMT61A
MYLK,PITX2
MYLK,CHAF1A
MYLK,CCT6A
MYLK,RPL14
MYLK,UPF1
MYLK,MCAT
MYLK,CD1A
MYLK,POLDIP3
MYLK,PDCD11
MYLK,WDR45B
MYLK,COPS4
MYLK,REG1CP
MYLK,ATP8A2
MYLK,EEF1A1
MYLK,UQCRC2
MYLK,GTF2H1
MYLK,HSPA9
MYLK,GLDC
MYLK,PLAG1
MYLK,H1-0
MYLK,HSPA5
MYLK,TECR
MYLK,H1-10
MYLK,DCDC2
MYLK,COPB1
MYLK,MTPAP
MYLK,HNRNPC
MYLK,AKAP13
MYLK,EWSR1
MYLK,ATP6V1B1
MYLK,PRMT1
MYLK,GOLGB1
MYLK,FBXO22
MYLK,UBE2M
MYLK,SARS2
MYLK,HNRNPR
MYLK,IKBIP
MYLK,H2AC18
MYLK,TOMM20
MYLK,CSNK2B
MYLK,ERF
MYLK,ELAVL1
MYLK,NAPSA
MYLK,ELANE
MYLK,CDSN
MYLK,TRIP12
MYLK,HSD17B10
MYLK,TRMT1L
MYLK,TRG
MYLK,OPA6
MYLK,TALDO1P1
MYLK,UPF2
MYLK,DDOST
MYLK,PLIN1
MYLK,CSE1L
MYLK,HNRNPF
MYLK,MEFV
MYLK,SARDH
MYLK,ANXA11
MYLK,HNRNPD
MYLK,KPNB1
MYLK,MCCC2
MYLK,NPEPPS
MYLK,KHSRP
MYLK,ALDH18A1
MYLK,SNAP91
MYLK,RBM17
MYLK,BCAS2
MYLK,POLR1C
MYLK,SNRPD3
MYLK,MRPL58
MYLK,PMPCB
MYLK,NUDT21
MYLK,TEAD2
MYLK,PRPF19
MYLK,SLC32A1
MYLK,HPRT1
MYLK,HADHB
MYLK,CWF19L1
MYLK,TFRC
MYLK,TP53
MYLK,EEF2
MYLK,KIF2A
MYLK,RSC1A1
MYLK,P4HB
MYLK,SSBP1
MYLK,CARD16
C1QBP,TP53
CRLF3,TP53
LRP5,TP53
FAS,TALDO1P1
FAS,DDOST
FAS,PLIN1
FAS,MEFV
FAS,SARDH
FAS,ANXA11
FAS,HNRNPD
FAS,NPEPPS
FAS,KHSRP
FAS,ALDH18A1
FAS,SNAP91
FAS,RBM17
FAS,BCAS2
FAS,POLR1C
FAS,SNRPD3
FAS,MRPL58
FAS,PMPCB
FAS,NUDT21
FAS,TEAD2
FAS,PRPF19
FAS,SLC32A1
FAS,HADHB
FAS,CWF19L1
FAS,TFRC
CUL5,TP53
MAGT1,TP53
CAV1,INTS7
CAV1,C6orf58
CAV1,GOLT1B
CAV1,ATP6V1F
CAV1,SPAG1
CAV1,RAB8A
CXCR4,INTS7
CXCR4,C6orf58
CXCR4,TFRC
CXCR4,BCAP31
CXCR4,ATP6V1F
CXCR4,SPAG1
CXCR4,UQCRQ
CXCR4,RAB8A
CXCR4,ATP6V1D
CXCR4,ATP6V0A1
ANXA2,NEAT1
ANXA2,UBA7
ANXA2,ACAT1
ANXA2,PSAT1
ANXA2,SEPTIN1
ANXA2,PYCR2
VCAM1,ATP8A2
VCAM1,NEAT1
VCAM1,ACAT1
VCAM1,TALDO1P1
VCAM1,PITX2
VCAM1,PYCR2
CAV1,F11R
CAV1,ARL6IP5
CAV1,COPB1
CAV1,MTDH
CAV1,UGT8
FZD6,ATP6AP2
MYLK2,HIF1A
DSG1,HIF1A
CR1,CFB
ABCA1,CSNK2B
VDR,SMARCB1
TLR4,UBA7
NCAM1,PTK2
CD1B,CTLA4
PKD1,NEAT1
ITGB1,ACTN1
CAV1,ACVRL1
ITGA5,ADAM12
EGFR,AKAP12
LGALS1,ALCAM
ESR1,ARID5A
ADRB2,ARRDC3
NOTCH1,ATM
TNFRSF1A,BIRC2
CD74,C14orf180
CDH1,CAV1
ITGB1,CAV1
ITGB3,CAV1
ITGB4,CAV1
ITGB5,CAV1
ITGB7,CAV1
PLAUR,CAV1
ITGB1,CD47
LGALS1,CD7
HLA-DRA,CD74
ITGB3,CEACAM1
PLG,CSPG4
ESR1,CUEDC2
ITGB1,DAB1
HSPA5,DNAJB11
NR3C1,EGFR
PDGFRA,EGFR
TRAF2,EGFR
ITGB1,FERMT1
NRP1,FLNA
RORA,FOXP3
PKD1,FYN
LRP6,FZD10
CD151,GRAMD1C
ESR1,GRIP1
AR,HIF1A
VDR,HR
EGFR,HSPA1A
EGFR,HSPA4
APP,HSPA8
RPSA,HSPB1
PKD2,ID2
SIRPB1,IL1RAP
SIRPG,IL1RAP
IL1RAP,IRAK2
IL1RAP,IRAK4
PKD1,ITGA5
ITGB2,ITGAL
PKD1,ITGB1
THY1,ITGB1
ITGB1,ITGB3BP
CAV1,ITGB6
ITGA9,ITGB7
CAV1,ITGB8
IGF1R,KCNIP3
PPARG,KCTD13
RECK,KEAP1
FN1,LOX
CD74,LPAR3
EGFR,MAP3K12
TNFRSF1A,MAP3K7
INSR,MAPK1
ITGB1,MAPK1
RXRA,MED25
AGTR2,MTUS1
LDLR,MYLIP
ESR1,NCOA7
LGALS3,PDCD6IP
ITGB1,PLAUR
ITGB1,PLEC
THY1,PTK2
ESR1,RAC3
PPARG,RELA
ITGB1,SHC1
PPARG,SMARCD3
TNFRSF1A,SQSTM1
RXRA,STAT1
ITGB1,SYK
HLA-A,TAPBPL
FN1,TLN1
ITGB2,TLN2
EGFR,TNS3
TNFRSF1A,TRAP1
AQP1,TRIM23
GJA1,TUBB3
GJA1,TUBB4A
CD74,UPK2
EGFR,VAPA
FN1,VCL
ITGB1,VCL
FN1,VHLL
NOTCH1,WDR12
CHRM1,RGS2
CHRM2,RGS2
ITGB1,ACTN3
HLA-DQA1,CD74
CD74,HLA-DPA1
HLA-DQB1,CD74
ITGB1,KCNH2
CEACAM1,TLN1
ITGA5,PKD1
ITGB1,TNS1
ITGB1,PKD1
CAV1,KCNH2
CAV1,PLAUR
ITGB8,CAV1
ITGB6,MAPK1
ITGB1,ITGA7
ITGB6,CAV1
ITGB7,ITGA9
LGALS1,SPN
FCGR2B,PTPN11
NR3C1,EP300
TLR2,EGFR
ACVRL1,CAV1
CD33,PTPN11
ITGB2,COPS5
RARA,EP300
SMAD3,SETD2
AQP1,KRTAP4-2
EGFR,HSP90AB1
EGFR,HSPA1B
EGFR,TXN
EGFR,YWHAQ
EGFR,GABARAPL2
EGFR,CFL1
EGFR,FKBP8
EGFR,AHNAK
EGFR,PDGFRA
EGFR,HSPA8
ITGB2,NOTCH2NLA
PVR,KRTAP10-8
PVR,NOTCH2NLA
PVR,SLC30A2
KLRC1,PMP22
AGTRAP,MCEE
JMJD6,NAA50
KLRC1,CLEC2D
KLRC1,EMP3
PLG,HSPB1
ESR1,LINC00312
TLR4,HSPD1
BSG,PPIA
GJA1,TUBA1B
PRNP,WDR5
GPR25,ADORA2B
GPR25,CALCRL
TLR4,PIK3CD
TLR4,TLR3
TLR4,HSPA8
TLR4,CBL
TLR4,F2RL1
TLR4,CBLB
TLR4,RIPK1
TLR4,IKBKE
TLR4,BECN1
TLR4,TRADD
TLR4,TAB1
TLR4,UBE2NL
TLR4,TRIM69
TLR4,WDFY1
TLR4,STK11IP
TLR4,TAB3
TLR4,TANK
TLR4,NANOG
TLR4,SERTAD1
TLR4,UBQLN1
TNFRSF10A,FAS
TNFRSF10A,PARK7
GRM8,CNR1
GRM8,FPR2
GRM8,APLNR
GRM8,AGTR2
GRM8,CXCR4
GRM8,GPER1
BMPR1B,LMNA
BMPR1B,DNMT1
BMPR1B,XIAP
BMPR1B,SMAD4
BMPR1B,EZH2
BMPR1B,PEG10
F2RL2,ABL1
F2RL2,FPR2
F2RL2,AGTR1
F2RL2,GPR4
F2RL2,SMAD4
F2RL2,NPFFR2
PGRMC1,EPHX1
PGRMC1,ENO2
PGRMC1,SFXN1
PGRMC1,TRAF6
P2RY10,FPR2
P2RY10,AGTR1
P2RY10,GPR4
P2RY10,NPFFR2
GFRA2,PTEN
GFRA2,PTPN11
AGRN,NCAM1
AGRN,MOV10
CLDN5,CLDN1
CHL1,NRP1
CHL1,ITGB1
CHL1,HSPA8
CHL1,E2F1
CXCR6,CNR1
CXCR6,FPR2
CXCR6,APLNR
CXCR6,AGTR2
CXCR6,CXCR4
CXCR6,GPER1
PODXL,VDR
ADGRB1,DOCK1
ASTN1,NOVA2
TNFRSF10B,EGFR
TNFRSF10B,TNFRSF1A
TNFRSF10B,TNFRSF1B
TNFRSF10B,FAS
TNFRSF10B,ARHGDIA
TNFRSF10B,RHOA
NRP1,TYROBP
NRP1,PLXNA2
NRP1,ENO1
NRP1,ITGA5
NRP1,UBC
NRP1,CSNK2A2
NRP1,TAF1
NRP1,GPR183
NRP1,MYH9
NRP1,MYH10
NRP1,MYH11
NRP1,TGFBR1
NRP1,TGFBR2
NRP1,PLXNA3
NRP1,RPL27
NRP1,RAC1
NRP1,EEF1A1
NRP1,TGFBR3
NRP1,PTK2
NRP1,EEF1A2
NRP1,DYNC1H1
NRP1,FGFBP1
NRP1,CDK5R1
NRP1,AGER
NRP1,RND1
NRP1,PIP5K1A
NRP1,PLXNA4
NRP1,TMEM30A
NRP1,TREM2
NRP1,PLXND1
TNFRSF13B,IRAK1
FFAR1,FPR2
FFAR1,AGTR1
FFAR1,GPR4
FFAR1,NPFFR2
FFAR3,FPR2
FFAR3,AGTR1
FFAR3,GPR4
FFAR3,NPFFR2
PLD2,HSPA8
PLXNB2,MET
PLSCR1,DKC1
PLSCR1,FABP4
PLSCR1,WDR5
PLSCR1,EP300
PLSCR1,PKD2
PLSCR1,NR0B2
EPHB6,RASA1
EPHB6,BCL6
EPHB6,RHOA
EPHB6,PTK2
GRM6,CNR1
GRM6,FPR2
GRM6,APLNR
GRM6,AGTR2
GRM6,CXCR4
GRM6,GPER1
SLC16A4,BSG
NCAM2,ESR1
FFAR2,IGF1R
FFAR2,FPR2
FFAR2,AGTR1
FFAR2,GPR4
FFAR2,NPFFR2
KCNN4,USP8
PLXNB1,RND3
MLNR,FPR2
MLNR,AGTR1
MLNR,GPR4
MLNR,NPFFR2
GRID2,PLAT
GRID2,SFXN1
KCNQ3,NOVA2
GALR2,CNR1
GALR2,FPR2
GALR2,APLNR
GALR2,AGTR2
GALR2,CXCR4
GALR2,GPER1
HCRTR1,FPR2
HCRTR1,AGTR1
HCRTR1,GPR4
HCRTR1,NPFFR2
HCRTR2,FPR2
HCRTR2,AGTR1
HCRTR2,GPR4
HCRTR2,NPFFR2
SIGLEC6,TCF4
SIGLEC6,FHL2
EXTL3,XIAP
ADGRB3,NOVA2
FZD6,ITGB1
TLR5,TRAF6
TLR2,CREBBP
GFRA3,PTPN11
GALR3,CNR1
GALR3,FPR2
GALR3,APLNR
GALR3,AGTR2
GALR3,CXCR4
GALR3,GPER1
RAMP1,ADORA2B
RAMP2,ADORA2B
RAMP3,ADORA2B
SMPD2,HSPA8
SMPD2,TNFRSF1A
SMPD2,MTHFR
SCN2B,MTOR
SCN2B,ATM
LILRA1,PTPN11
ADAM11,NOVA2
LRP4,LRP6
LRP5,YAP1
HMMR,MAPK1
GPR32,ADORA2B
GPR32,CALCRL
CRLF1,MOV10
NR1I2,NRIP1
NR1I2,SIRT1
LGR5,SOX9
LGR5,ASCL2
GPC4,GABARAP
GPC4,APOA1
GPC4,CSNK2A2
GPC4,GPR183
GPC4,SOX2
GPC4,PTEN
GPC4,GPC5
GPC4,SQSTM1
GPC4,PYHIN1
GPC4,SPICE1
GPC4,ABHD17A
TNFRSF21,TNFRSF1A
TNFRSF21,TNFRSF1B
TNFRSF21,NSD1
TNFRSF21,MOV10
CRCP,CALCRL
CRCP,MOV10
LRP6,IGFBP1
LRP6,IGFBP2
LRP6,CDH2
LRP6,IGFBP6
LRP6,IQGAP1
LRP6,COPS2
LRP6,RPS27A
LRP6,UBA52
LRP6,MESD
LRP6,E2F4
LRP6,TAFAZZIN
LRP6,AMOT
LRP6,RNF43
LRP6,TMEM17
LRP6,PARP16
LRP6,RASD2
LRP6,WWTR1
LRP6,TLNRD1
LRP6,POMK
LRP6,ATP13A2
LRP6,RASSF1
LRP6,BTRC
LRP6,AMMECR1
ATP6AP2,ATP5PD
ATP6AP2,FLOT1
ATP6AP2,ATP5MG
ATP6AP2,ZBTB11
ATP6AP2,ATP6
ATP6AP2,ATP5MC1
ATP6AP2,ATP5F1B
ATP6AP2,ENO1
ATP6AP2,CLTA
ATP6AP2,UBC
ATP6AP2,CPM
ATP6AP2,JUP
ATP6AP2,GLB1
ATP6AP2,ATP5PF
ATP6AP2,ATP6V1C1
ATP6AP2,ATP5PB
ATP6AP2,ATP5F1A
ATP6AP2,ATP6V0C
ATP6AP2,ATP5F1D
ATP6AP2,PDIA3
ATP6AP2,ATP6V1A
ATP6AP2,RANGAP1
ATP6AP2,ATP5PO
ATP6AP2,ATP5MC3
ATP6AP2,RAB7A
ATP6AP2,CLCN7
ATP6AP2,IST1
ATP6AP2,ATP5MF
ATP6AP2,ATP5F1E
ATP6AP2,ATP5ME
ATP6AP2,ACTR2
ATP6AP2,RAP1B
ATP6AP2,RHOA
ATP6AP2,RAB11A
ATP6AP2,ZBTB16
ATP6AP2,ATP5MC2
ATP6AP2,TCIRG1
ATP6AP2,PON2
ATP6AP2,NEDD8
ATP6AP2,ATP6AP1
ATP6AP2,RAB11B
ATP6AP2,VMA21
ATP6AP2,LAMTOR1
ATP6AP2,TCTN3
ATP6AP2,RAB11FIP2
ATP6AP2,PHLDB2
ATP6AP2,EVC2
ATP6AP2,TMEM17
ATP6AP2,WDR75
ATP6AP2,KIAA2013
ATP6AP2,SLC35F6
ATP6AP2,TMEM199
ATP6AP2,GPRC5A
ATP6AP2,CAVIN3
ATP6AP2,TCTN2
ATP6AP2,CCDC115
ATP6AP2,SLC38A2
ATP6AP2,DMAC2L
ATP6AP2,VKORC1
ATP6AP2,BEGAIN
ATP6AP2,TMUB1
ATP6AP2,UNK
ATP6AP2,PICK1
ATP6AP2,TMEM216
ATP6AP2,SH3BP4
ATP6AP2,NXF1
ATP6AP2,TES
ATP6AP2,PACSIN3
ATP6AP2,KIDINS220
ATP6AP2,STUB1
ATP6AP2,CHMP2B
ATP6AP2,USP20
ATP6AP2,LAMTOR2
ATP6AP2,ATP6V0A2
ATP6AP2,CD2AP
GABBR2,CNR1
GABBR2,FPR2
GABBR2,APLNR
GABBR2,AGTR2
GABBR2,GPER1
GABBR2,KCNJ16
GABBR2,NOVA2
DYSF,TRIM72
FLOT1,ABCA1
FLOT1,VCAM1
NFASC,ABL1
CLSTN1,PAX8
S1PR2,CNR1
S1PR2,FPR2
S1PR2,APLNR
S1PR2,AGTR2
S1PR2,CXCR4
S1PR2,GPER1
UNC5C,PTK2
UNC5C,PTPN11
LYPD3,MTOR
LYPD3,SMAD4
LYPD3,CASP8
LYPD3,USP22
MPZL1,PTEN
ABCA1,UBC
ABCA1,CSNK2A2
ABCA1,FLNA
ABCA1,SDHB
ABCA1,CANX
ABCA1,FUS
ABCA1,UTRN
ABCA1,CDC42
ABCA1,COPS2
ABCA1,XPC
ABCA1,RELA
ABCA1,AOX1
ABCA1,UGP2
ABCA1,PRPF8
ABCA1,ABCA12
ABCA1,LNX1
ABCA1,CREBBP
ABCA1,COPS5
ABCA1,ERBIN
ABCA1,TLR9
ABCA1,ATXN10
ADCY5,RGS2
NTSR2,FPR2
NTSR2,AGTR1
NTSR2,GPR4
NTSR2,NPFFR2
GLP2R,ADORA2B
GLP2R,CALCRL
TSPAN15,AGTR1
TSPAN12,TFCP2
MPIG6B,PTPN11
S1PR4,CNR1
S1PR4,FPR2
S1PR4,APLNR
S1PR4,AGTR2
S1PR4,CXCR4
S1PR4,GPER1
IL18BP,STAT1
EGFR,CSTA
EGFR,CD4
EGFR,KRT14
EGFR,KRT6A
EGFR,LMNA
EGFR,RAF1
EGFR,ALDOA
EGFR,CD3D
EGFR,KRT1
EGFR,TUBB4A
EGFR,ITGB3
EGFR,ITGB2
EGFR,SLC25A5
EGFR,UROD
EGFR,GSN
EGFR,ATP5F1B
EGFR,NPM1
EGFR,P4HB
EGFR,TUBB
EGFR,APRT
EGFR,EPRS1
EGFR,CHRM2
EGFR,PFKM
EGFR,ASNS
EGFR,CNP
EGFR,SNRPA1
EGFR,H1-4
EGFR,MAPT
EGFR,HSPD1
EGFR,PC
EGFR,IGF2R
EGFR,XRCC5
EGFR,CFTR
EGFR,KRT5
EGFR,PLS3
EGFR,DARS1
EGFR,RPA2
EGFR,ATP2A2
EGFR,FAH
EGFR,GOT1
EGFR,PFKL
EGFR,ERCC2
EGFR,RPL17
EGFR,TNFRSF1A
EGFR,ATP2B1
EGFR,RAB3A
EGFR,M6PR
EGFR,FBL
EGFR,TUBG1
EGFR,ATP2B4
EGFR,EEF1B2
EGFR,ATP5PB
EGFR,MCM3
EGFR,ATP5F1A
EGFR,CTNNA2
EGFR,TARS1
EGFR,VARS1
EGFR,STOM
EGFR,AK4
EGFR,CALML3
EGFR,RPA1
EGFR,CANX
EGFR,ABCD3
EGFR,NDUFS1
EGFR,AVPR2
EGFR,PRKAR1B
EGFR,DNAJA1
EGFR,ATIC
EGFR,HNRNPH1
EGFR,YWHAB
EGFR,S100A11
EGFR,MCM4
EGFR,MCM5
EGFR,HSPA1L
EGFR,RPA3
EGFR,RFC4
EGFR,RPL22
EGFR,SPRR1A
EGFR,MAP2K2
EGFR,RPL4
EGFR,LONP1
EGFR,PPP1CC
EGFR,BMPR1A
EGFR,FDFT1
EGFR,SNCA
EGFR,MDH1
EGFR,IARS1
EGFR,MATK
EGFR,LRPPRC
EGFR,SSR1
EGFR,RANBP1
EGFR,ACADSB
EGFR,MAP2K4
EGFR,RANGAP1
EGFR,STT3A
EGFR,GCLM
EGFR,SERPINB4
EGFR,CSNK1A1
EGFR,TUFM
EGFR,PRIM1
EGFR,EIF2B2
EGFR,NUP153
EGFR,SELENOP
EGFR,IDH3A
EGFR,MMP14
EGFR,EMD
EGFR,RAB7A
EGFR,SSR4
EGFR,HCFC1
EGFR,ALDH3A2
EGFR,VAMP7
EGFR,KPNA1
EGFR,IST1
EGFR,BLM
EGFR,RARS1
EGFR,PRKAG1
EGFR,HSPA2
EGFR,SLC12A2
EGFR,ADAR
EGFR,MARS1
EGFR,STX17
EGFR,UBASH3A
EGFR,GEMIN4
EGFR,TPI1
EGFR,SEC61B
EGFR,UBE2G2
EGFR,SEC61A1
EGFR,PPP1CA
EGFR,RPS15A
EGFR,YWHAE
EGFR,RPS18
EGFR,SNRPF
EGFR,ETF1
EGFR,RPS4X
EGFR,H4C9
EGFR,H2BC5
EGFR,RPL23
EGFR,RPS15
EGFR,VAMP2
EGFR,GNAS
EGFR,RPL38
EGFR,TUBB4B
EGFR,HBA1
EGFR,EIF4G2
EGFR,H3-3A
EGFR,LRP2
EGFR,SLC25A3
EGFR,CDK5
EGFR,SLC7A5
EGFR,CNTN2
EGFR,PPP2R3A
EGFR,CKAP4
EGFR,LRP1
EGFR,ARHGAP1
EGFR,FCHO2
EGFR,KIF1A
EGFR,ARHGEF5
EGFR,GPS1
EGFR,EIF2B5
EGFR,CTBP1
EGFR,OS9
EGFR,DCTN2
EGFR,PTCH1
EGFR,TUBB2A
EGFR,RAPGEF1
EGFR,SCARB2
EGFR,TRIM29
EGFR,KEAP1
EGFR,DYNC1H1
EGFR,EIF2B1
EGFR,RCN2
EGFR,SPARCL1
EGFR,MCM6
EGFR,GAPVD1
EGFR,NCAPH
EGFR,AGER
EGFR,PTGES3
EGFR,DHCR24
EGFR,TARBP2
EGFR,SLC1A5
EGFR,UBE2V2
EGFR,VAMP3
EGFR,NEDD8
EGFR,SLC18A3
EGFR,MAPKAPK3
EGFR,NDUFA9
EGFR,PFKFB3
EGFR,IMMT
EGFR,PDS5A
EGFR,ODF3L2
EGFR,HSD17B12
EGFR,TMEM97
EGFR,TOR1AIP1
EGFR,LRRK2
EGFR,ATAD3B
EGFR,MICOS10
EGFR,ARFGEF3
EGFR,KIAA0319
EGFR,HACD4
EGFR,RNF213
EGFR,OTUD7B
EGFR,DHRS7B
EGFR,NCAPH2
EGFR,CC2D1A
EGFR,PDXDC1
EGFR,LRSAM1
EGFR,THADA
EGFR,ATG14
EGFR,NBEAL2
EGFR,ANKRD13D
EGFR,RAPH1
EGFR,TRMT10C
EGFR,BZW1
EGFR,KCTD9
EGFR,EIF3M
EGFR,HEATR3
EGFR,C6orf120
EGFR,MRPL10
EGFR,SLFN11
EGFR,SYT9
EGFR,IQGAP3
EGFR,LAPTM4B
EGFR,NLRP10
EGFR,NCAPG2
EGFR,DNAAF5
EGFR,TMEM25
EGFR,ANKRD13B
EGFR,TRAPPC5
EGFR,NUDCD3
EGFR,SUGP2
EGFR,ANKRD13A
EGFR,TRMT2A
EGFR,CEND1
EGFR,SLC39A11
EGFR,SH2D3C
EGFR,AOPEP
EGFR,SYT2
EGFR,FAM98A
EGFR,PIK3C3
EGFR,ENGASE
EGFR,IL17RD
EGFR,CIP2A
EGFR,IPO4
EGFR,UBASH3B
EGFR,PHLDA1
EGFR,SCFD1
EGFR,FAR1
EGFR,GEMIN6
EGFR,SOCS4
EGFR,AP3S1
EGFR,CNOT9
EGFR,RUBCN
EGFR,PRCC
EGFR,NELL1
EGFR,ARHGEF2
EGFR,NCLN
EGFR,CCDC47
EGFR,PNPLA2
EGFR,LRRC59
EGFR,SAAL1
EGFR,DNAJA3
EGFR,LINGO1
EGFR,ATXN7L3B
EGFR,SERAC1
EGFR,EXOC2
EGFR,PPP1R13B
EGFR,RPRD1A
EGFR,IPO9
EGFR,SYNGAP1
EGFR,H2AC1
EGFR,VPS13A
EGFR,ERBIN
EGFR,NDN
EGFR,ATXN2
EGFR,HSD17B10
EGFR,MAP3K3
EGFR,NCAPG
EGFR,CMSS1
EGFR,TUBGCP2
EGFR,NDFIP1
EGFR,SPINDOC
EGFR,TUBB6
EGFR,VAMP8
EGFR,RNF126
EGFR,NUP85
EGFR,TARS2
EGFR,HEMGN
EGFR,AP1M1
EGFR,ITPA
EGFR,CHMP4A
EGFR,MRPL9
EGFR,YTHDF1
EGFR,RACGAP1
EGFR,DDX47
EGFR,RBSN
EGFR,CPVL
EGFR,MAP1LC3A
EGFR,SLA2
EGFR,GAREM1
EGFR,NT5DC2
EGFR,LRRC40
EGFR,FN3KRP
EGFR,CARS2
EGFR,SDF2L1
EGFR,TM9SF3
EGFR,DNAJC4
EGFR,NANS
EGFR,EIF2B3
EGFR,LANCL2
EGFR,NDFIP2
EGFR,DNAJC11
EGFR,CHCHD3
EGFR,TOR4A
EGFR,BABAM2
EGFR,DNAJB12
EGFR,SLC2A8
EGFR,BCLAF1
EGFR,TECR
EGFR,HACD3
EGFR,SUCLA2
EGFR,UVRAG
EGFR,ATXN10
EGFR,NCDN
EGFR,PPARGC1A
EGFR,DNAJB11
EGFR,UBA2
EGFR,SEL1L
EGFR,ABCF2
EGFR,TBK1
EGFR,EIF2B4
EGFR,ATP6V1H
EGFR,RABGEF1
EGFR,SLC25A13
EGFR,MRTO4
EGFR,FZD4
EGFR,DIMT1
EGFR,PPP6R1
EGFR,DICER1
EGFR,PLAA
EGFR,FARSA
EGFR,EXOC6B
EGFR,ZNF510
EGFR,POLDIP2
EGFR,MEMO1
EGFR,MOB4
EGFR,DOP1B
EGFR,SAMHD1
EGFR,RNF115
EGFR,AFG3L2
EGFR,PUS1
EGFR,DYNC1LI1
PLG,MET
PLG,EP300
PLG,PRDX4
PLG,PAPPA
PLG,SMAD4
PLG,MAPK14
LDLR,MMP2
LDLR,CREBBP
EGF,HSPA8
CD4,MME
CD4,HSPA8
CD4,MAPK14
HLA-B,STAT1
HLA-B,CXCR4
HLA-DRA,HSPA8
HLA-DQA2,HLA-DRB1
HLA-DQA2,CD74
HLA-DQA1,HLA-DRB1
HLA-DQA1,KCNJ8
HLA-DQB1,HLA-DRB1
FN1,ALDOA
FN1,TK1
FN1,KRT1
FN1,GAPDH
FN1,RPN1
FN1,SLC25A5
FN1,EIF2S1
FN1,RPLP2
FN1,RPLP0
FN1,SSB
FN1,SERPINA7
FN1,PRKCB
FN1,KRT18
FN1,MYL1
FN1,ATP5F1B
FN1,ENO1
FN1,NPM1
FN1,H2BC11
FN1,LDHB
FN1,ANXA2
FN1,TUBB
FN1,APRT
FN1,EPRS1
FN1,HSP90AA1
FN1,HNRNPC
FN1,YES1
FN1,SERPINA6
FN1,SLC3A2
FN1,HSP90AB1
FN1,SNRNP70
FN1,VIM
FN1,RPS17
FN1,KRT19
FN1,GNAI3
FN1,ANXA5
FN1,KRT16
FN1,RPSA
FN1,SNRPA
FN1,CLTA
FN1,CLTB
FN1,HNRNPA1
FN1,C1S
FN1,UBB
FN1,U2AF1
FN1,RARA
FN1,ESD
FN1,HSPD1
FN1,HSPA5
FN1,HSPA8
FN1,EPB41
FN1,PDHB
FN1,TOP2A
FN1,IGF2R
FN1,PRPS2
FN1,PABPC1
FN1,PCNA
FN1,IMPDH2
FN1,TPR
FN1,XRCC5
FN1,RNH1
FN1,EEF2
FN1,KRT10
FN1,KRT5
FN1,C6
FN1,LCP1
FN1,PKM
FN1,SNRPB
FN1,HNRNPL
FN1,DARS1
FN1,RPS2
FN1,RPA2
FN1,H1-5
FN1,H1-3
FN1,STMN1
FN1,DDX5
FN1,PFKL
FN1,TCP1
FN1,RPL7
FN1,RPL17
FN1,RCC1
FN1,NCL
FN1,NDUFV2
FN1,SRM
FN1,TBP
FN1,PSMB1
FN1,H2AC7
FN1,LMNB1
FN1,ATP6V1B2
FN1,FLNA
FN1,COMT
FN1,PCMT1
FN1,GART
FN1,PAICS
FN1,HNRNPA2B1
FN1,SFPQ
FN1,RPS3
FN1,CFL1
FN1,GATA3
FN1,EEF1B2
FN1,ACP1
FN1,RPS12
FN1,DNAJB1
FN1,ATP5F1A
FN1,PSMA2
FN1,MSN
FN1,DDX6
FN1,RPL13
FN1,HMGB2
FN1,PTBP1
FN1,TARS1
FN1,VARS1
FN1,STOM
FN1,YWHAQ
FN1,RPL10
FN1,RPA1
FN1,MAP4
FN1,PSMA5
FN1,PSMB5
FN1,RBL1
FN1,SERPINA4
FN1,EEF1D
FN1,PRDX6
FN1,RPL12
FN1,PPP2R1A
FN1,SRI
FN1,ALDH1B1
FN1,SDHA
FN1,TIA1
FN1,HNRNPH3
FN1,HNRNPH1
FN1,CASP14
FN1,STIP1
FN1,PRDX2
FN1,RPL9
FN1,MCM5
FN1,MCM7
FN1,RPL22
FN1,KRT9
FN1,FAU
FN1,FBN2
FN1,MYH10
FN1,FUS
FN1,KRT2
FN1,ARL2
FN1,ATP5F1C
FN1,RPL4
FN1,SRP14
FN1,FDFT1
FN1,TAGLN2
FN1,EIF4A3
FN1,RPL3
FN1,DDOST
FN1,FEN1
FN1,CCT6A
FN1,RPL13A
FN1,MDH2
FN1,HADHA
FN1,EIF2S3
FN1,CSK
FN1,IARS1
FN1,STAT5A
FN1,PI4KA
FN1,EPS15
FN1,RPS27
FN1,LRPPRC
FN1,RPL35
FN1,CDKN2A
FN1,RANBP1
FN1,CRK
FN1,BAG6
FN1,RPL27A
FN1,RPL5
FN1,RPL21
FN1,RPL28
FN1,RPS9
FN1,RPS5
FN1,RPS10
FN1,IQGAP1
FN1,CAPZB
FN1,QARS1
FN1,RPL29
FN1,MTNR1A
FN1,CCT5
FN1,FASN
FN1,CCT3
FN1,TUFM
FN1,AARS1
FN1,PSMB3
FN1,PSMB2
FN1,MCM2
FN1,GMPS
FN1,GDI2
FN1,ST13
FN1,LRBA
FN1,RPL14
FN1,CCT8
FN1,CCT4
FN1,RAB5C
FN1,RAB7A
FN1,HNRNPA3
FN1,HNRNPM
FN1,KPNA2
FN1,HNRNPF
FN1,CAPZA1
FN1,SLC25A1
FN1,IST1
FN1,SEC24C
FN1,SUB1
FN1,CLNS1A
FN1,NAPA
FN1,EIF5
FN1,CSE1L
FN1,VCP
FN1,AFDN
FN1,SNU13
FN1,HNRNPH2
FN1,EIF3B
FN1,MARS1
FN1,LOC102724334
FN1,SEC61B
FN1,MYL6
FN1,EIF4A1
FN1,RPS20
FN1,PSMA6
FN1,RAB10
FN1,UBE2M
FN1,UBE2N
FN1,ACTR3
FN1,ACTR2
FN1,RPS3A
FN1,RPL26
FN1,RPL15
FN1,HSPE1
FN1,SUMO2
FN1,HNRNPK
FN1,YWHAG
FN1,RPS7
FN1,PPP1CA
FN1,RPS8
FN1,RPS15A
FN1,RPS16
FN1,YWHAE
FN1,RPS14
FN1,RPS23
FN1,RPS18
FN1,RPS13
FN1,RPS11
FN1,SNRPE
FN1,SNRPF
FN1,SNRPD2
FN1,SNRPD3
FN1,PSMC6
FN1,RPL7A
FN1,RAB11A
FN1,RPS4X
FN1,RPL23A
FN1,RPS6
FN1,H4C9
FN1,RAN
FN1,RPL23
FN1,RAP1A
FN1,RPS15
FN1,RPS24
FN1,RPS25
FN1,RPS26
FN1,RPS28
FN1,RPL30
FN1,RPL31
FN1,RPL10A
FN1,RPL11
FN1,RPL8
FN1,PPIA
FN1,RPS27A
FN1,AP2B1
FN1,YWHAZ
FN1,RPS21
FN1,PPP2CA
FN1,UBE2L3
FN1,EEF1A1
FN1,TUBA1B
FN1,TUBB4B
FN1,PAFAH1B2
FN1,HBA1
FN1,EIF4G2
FN1,CCT2
FN1,RAE1
FN1,GSTO1
FN1,MRPS34
FN1,MRPS6
FN1,SARNP
FN1,RPL24
FN1,TNFAIP6
FN1,DAB2
FN1,RBM3
FN1,MPP1
FN1,TFAM
FN1,CLTC
FN1,HNRNPU
FN1,SPTBN1
FN1,SET
FN1,CAP1
FN1,PFKP
FN1,EWSR1
FN1,RPL6
FN1,RELA
FN1,EIF4G1
FN1,AKR1C1
FN1,YWHAH
FN1,PRDX1
FN1,RPL18
FN1,SRSF1
FN1,DHX9
FN1,DDR1
FN1,RBBP4
FN1,NCBP1
FN1,EP300
FN1,AHNAK
FN1,ILF3
FN1,TARDBP
FN1,HNRNPA0
FN1,CBX3
FN1,G3BP1
FN1,PABPC4
FN1,PDAP1
FN1,PICALM
FN1,HDAC1
FN1,CUL2
FN1,RAB32
FN1,NACA
FN1,DDX39B
FN1,IDI1
FN1,CKAP5
FN1,CIRBP
FN1,HNRNPD
FN1,EIF3A
FN1,UBAP2L
FN1,TTLL12
FN1,DYNC1H1
FN1,GALE
FN1,KRT81
FN1,MCM6
FN1,PTPRCAP
FN1,LASP1
FN1,KPNB1
FN1,SEPTIN2
FN1,EFTUD2
FN1,KARS1
FN1,EIF4H
FN1,PDIA6
FN1,PLEC
FN1,PTGES3
FN1,RAB35
FN1,KRT31
FN1,ELOC
FN1,SEC23B
FN1,TEAD4
FN1,SF1
FN1,MAPRE1
FN1,ELAVL1
FN1,TAB1
FN1,TOMM34
FN1,RAB11B
FN1,PSMD5
FN1,SGCA
FN1,DBN1
FN1,DECR1
FN1,NDUFA5
FN1,NDUFA9
FN1,USP39
FN1,ACTBL2
FN1,BROX
FN1,PRPF8
FN1,H3C14
FN1,FBN3
FN1,SND1
FN1,DHX30
FN1,APBB1IP
FN1,FERMT3
FN1,CAND1
FN1,RAVER1
FN1,PELP1
FN1,TTC9C
FN1,CPSF7
FN1,LY6G5B
FN1,ABCF1
FN1,NUP210
FN1,IPO4
FN1,STON2
FN1,TTN
FN1,NUP205
FN1,ANP32B
FN1,TFAP2C
FN1,ARHGEF1
FN1,EMG1
FN1,FUBP1
FN1,LRRC59
FN1,AP2M1
FN1,DAZAP1
FN1,SIPA1
FN1,PDLIM5
FN1,FUBP3
FN1,CPB2
FN1,LOXL4
FN1,EHMT2
FN1,APOLD1
FN1,QKI
FN1,VPS35
FN1,H2AC1
FN1,TRIB3
FN1,CNN2
FN1,PHB2
FN1,HSD17B10
FN1,HNRNPAB
FN1,NAPG
FN1,CPNE1
FN1,CCT7
FN1,PRMT1
FN1,CORO1B
FN1,ESYT1
FN1,MTA3
FN1,TUBB6
FN1,PDCD10
FN1,MRPL13
FN1,GTPBP4
FN1,DDX47
FN1,PELI2
FN1,CACYBP
FN1,ACOT13
FN1,SAR1A
FN1,SIRT7
FN1,SNX15
FN1,APOBEC3C
FN1,FARSB
FN1,ATAD3A
FN1,NECAP2
FN1,NHP2
FN1,GAR1
FN1,IGF2BP1
FN1,VAPA
FN1,RCC2
FN1,LARS1
FN1,ATXN10
FN1,DUX4
FN1,SEPTIN9
FN1,PUF60
FN1,MRTO4
FN1,KIDINS220
FN1,CORO1C
FN1,PRPF19
FN1,UBQLN1
FN1,PSMD13
FN1,DIMT1
FN1,PA2G4
FN1,RTRAF
FN1,RUVBL2
FN1,MRPS28
FN1,NOP58
FN1,SH3GLB1
FN1,SF3B6
FN1,PPIL1
FN1,MRPS23
FN1,RTCB
FN1,RPL36
FN1,USP15
FN1,LOXL2
FN1,YTHDF2
FN1,BZW2
FN1,EPN1
FN1,IGF2BP2
FN1,DUSP10
TFRC,VCAM1
TFRC,E2F1
TFRC,CAV1
TFRC,HDAC5
TFRC,TRAF6
ESR1,CAT
ESR1,KRT1
ESR1,ARG1
ESR1,SLC25A5
ESR1,RPLP0
ESR1,TFAP2A
ESR1,ATP5F1B
ESR1,NPM1
ESR1,P4HB
ESR1,ANXA2
ESR1,PFN1
ESR1,EPRS1
ESR1,HNRNPC
ESR1,RPSA
ESR1,POU2F2
ESR1,HNRNPA1
ESR1,FBXO45
ESR1,UBB
ESR1,UBC
ESR1,RARB
ESR1,HSPA5
ESR1,TOP2A
ESR1,MTHFD1
ESR1,PABPC1
ESR1,SLC25A6
ESR1,IMPDH2
ESR1,SKI
ESR1,ACTN1
ESR1,XRCC5
ESR1,RARG
ESR1,EEF2
ESR1,KRT10
ESR1,KRT13
ESR1,PRKCSH
ESR1,DARS1
ESR1,JUP
ESR1,ARSB
ESR1,RPS2
ESR1,H2AX
ESR1,CBR1
ESR1,YBX3
ESR1,ZNF182
ESR1,UBTF
ESR1,RPL7
ESR1,RPL17
ESR1,ATF1
ESR1,KRT15
ESR1,NCL
ESR1,EIF2S2
ESR1,PGC
ESR1,BTF3
ESR1,BCL3
ESR1,GSTM3
ESR1,FLNA
ESR1,NME2
ESR1,HNRNPA2B1
ESR1,SFPQ
ESR1,TUBG1
ESR1,PPIB
ESR1,RPS3
ESR1,NFYA
ESR1,CFL1
ESR1,GADD45A
ESR1,RPS12
ESR1,U2AF2
ESR1,RPL13
ESR1,STOM
ESR1,YWHAQ
ESR1,RPL10
ESR1,PSMB9
ESR1,HOXD9
ESR1,KDM5A
ESR1,PRDX3
ESR1,RPL12
ESR1,PPP2R1A
ESR1,S100A7
ESR1,TIA1
ESR1,DNAJA1
ESR1,SFN
ESR1,RPL9
ESR1,DUT
ESR1,SHMT2
ESR1,HSPA1L
ESR1,PFN2
ESR1,PHB
ESR1,RDX
ESR1,RPL22
ESR1,FUS
ESR1,PSMC2
ESR1,RPL4
ESR1,PPP1CC
ESR1,SERPINB5
ESR1,HPCAL1
ESR1,HSPA9
ESR1,EIF4A3
ESR1,RPL3
ESR1,ANP32A
ESR1,RPL13A
ESR1,STAT3
ESR1,IARS1
ESR1,NCAPD3
ESR1,MSH2
ESR1,PSMC4
ESR1,MKI67
ESR1,NOP2
ESR1,RPL27A
ESR1,RPL5
ESR1,RPL21
ESR1,RPL28
ESR1,RPS9
ESR1,RPS5
ESR1,IQGAP1
ESR1,CAPZB
ESR1,RPL29
ESR1,LGALS7
ESR1,SOX9
ESR1,SERPINB4
ESR1,TDO2
ESR1,FASN
ESR1,CCT3
ESR1,CEBPA
ESR1,NUP153
ESR1,EMD
ESR1,SERPINH1
ESR1,ST13
ESR1,DAP3
ESR1,GALK1
ESR1,MECP2
ESR1,HNRNPA3
ESR1,HNRNPM
ESR1,ARHGDIA
ESR1,AGFG1
ESR1,MSH6
ESR1,ZNF131
ESR1,CLTCL1
ESR1,UGT2B15
ESR1,VCP
ESR1,HNRNPH2
ESR1,MARS1
ESR1,EIF6
ESR1,SLC37A1
ESR1,SCAND1
ESR1,FOXL2
ESR1,H2BC5
ESR1,SEC61B
ESR1,MYL6
ESR1,EIF4A1
ESR1,RPS20
ESR1,ACTR3
ESR1,ACTR2
ESR1,RPS3A
ESR1,RPL15
ESR1,RPL37A
ESR1,WDR5
ESR1,LMO4
ESR1,PPP1CA
ESR1,PSMC1
ESR1,RPS8
ESR1,RPS15A
ESR1,RPS16
ESR1,RPS14
ESR1,RPS23
ESR1,RPS18
ESR1,RPS13
ESR1,RPS11
ESR1,RPL7A
ESR1,RPS4X
ESR1,PPP2CB
ESR1,RPL23A
ESR1,RPS6
ESR1,RAN
ESR1,RPS24
ESR1,RPS26
ESR1,RBX1
ESR1,RPL10A
ESR1,RPL11
ESR1,RPL8
ESR1,PPIA
ESR1,BLCAP
ESR1,RPS27A
ESR1,UBA52
ESR1,YWHAZ
ESR1,SNRPN
ESR1,SUMO1
ESR1,SKP1
ESR1,EIF5A
ESR1,PPP2CA
ESR1,YBX1
ESR1,SRPK2
ESR1,CCT2
ESR1,MRPS22
ESR1,MRPS35
ESR1,MRPS15
ESR1,MRPS6
ESR1,MRPS9
ESR1,SARNP
ESR1,LACTB
ESR1,RPL24
ESR1,RPL36A
ESR1,RPL19
ESR1,HDLBP
ESR1,CLTC
ESR1,NFKB2
ESR1,HNRNPU
ESR1,SPTBN1
ESR1,SET
ESR1,SRSF2
ESR1,FOXK2
ESR1,EXOSC10
ESR1,SP2
ESR1,RPL18A
ESR1,FKBP4
ESR1,RPL6
ESR1,TOP2B
ESR1,EIF4G1
ESR1,PRKCZ
ESR1,PPP2R3A
ESR1,RAD51
ESR1,FMR1
ESR1,RPL18
ESR1,KHDRBS1
ESR1,DHX9
ESR1,GOLGA2
ESR1,RBBP4
ESR1,AHNAK
ESR1,KIF1A
ESR1,ILF3
ESR1,FOXC1
ESR1,PLA2G7
ESR1,TRAF3
ESR1,HNRNPA0
ESR1,PSMD2
ESR1,SRSF6
ESR1,G3BP1
ESR1,NR5A1
ESR1,SKP2
ESR1,TCOF1
ESR1,FKBP5
ESR1,MED21
ESR1,TUBB3
ESR1,PRPF4B
ESR1,DCTN2
ESR1,CUL3
ESR1,THOC5
ESR1,NCOA4
ESR1,SPTAN1
ESR1,GNL2
ESR1,CIRBP
ESR1,HNRNPD
ESR1,UBAP2L
ESR1,DYNC1H1
ESR1,CAPRIN1
ESR1,TRIP12
ESR1,NUMA1
ESR1,NCAPH
ESR1,SEPTIN2
ESR1,NCAPD2
ESR1,SUZ12
ESR1,TNIP1
ESR1,EFTUD2
ESR1,PDIA6
ESR1,NONO
ESR1,RBBP5
ESR1,POU4F3
ESR1,UBE3C
ESR1,TAF1A
ESR1,TWIST1
ESR1,NEDD8
ESR1,CCDC6
ESR1,DBN1
ESR1,TBR1
ESR1,DECR1
ESR1,H2AC20
ESR1,HNRNPA1L2
ESR1,KMT5B
ESR1,TAF1B
ESR1,RRP12
ESR1,ATAD3C
ESR1,LRIF1
ESR1,VPS13D
ESR1,KRT79
ESR1,AFMID
ESR1,HEATR6
ESR1,NCAPH2
ESR1,MED27
ESR1,PRPF8
ESR1,MIDEAS
ESR1,LARP1
ESR1,SMARCD3
ESR1,FIP1L1
ESR1,CFAP47
ESR1,NCCRP1
ESR1,LARP4
ESR1,SUPT6H
ESR1,SND1
ESR1,ZC3HAV1
ESR1,MYH14
ESR1,RBBP6
ESR1,HUWE1
ESR1,LUZP2
ESR1,LDB1
ESR1,MTDH
ESR1,NCAPG2
ESR1,BAGE3
ESR1,CACUL1
ESR1,FTSJ3
ESR1,SRRM1
ESR1,KATNAL2
ESR1,TTC5
ESR1,KRT78
ESR1,INTS1
ESR1,CENPS
ESR1,TAB3
ESR1,ARFGAP2
ESR1,ZNF366
ESR1,ASCC1
ESR1,SERBP1
ESR1,LPCAT1
ESR1,FBH1
ESR1,WDR36
ESR1,SMARCC2
ESR1,UBA3
ESR1,CHD6
ESR1,HDAC7
ESR1,POF1B
ESR1,PSPC1
ESR1,BRI3BP
ESR1,TTN
ESR1,DDX1
ESR1,TOPBP1
ESR1,MRPS27
ESR1,BAP1
ESR1,TSC1
ESR1,SEPTIN8
ESR1,GCN1
ESR1,MRPS31
ESR1,ANP32B
ESR1,KRT35
ESR1,KAT6A
ESR1,KAT2A
ESR1,RAD50
ESR1,RPL36AL
ESR1,FUBP1
ESR1,AP2M1
ESR1,PABPC5
ESR1,OTUB1
ESR1,SMARCD1
ESR1,EPSTI1
ESR1,ZNF512B
ESR1,EHMT2
ESR1,EP400
ESR1,WRNIP1
ESR1,RANBP9
ESR1,SRPK1
ESR1,PSMD1
ESR1,BARD1
ESR1,HNRNPAB
ESR1,NAP1L4
ESR1,CCT7
ESR1,NCAPG
ESR1,DDX50
ESR1,GRWD1
ESR1,MACROD1
ESR1,MYBBP1A
ESR1,ALKBH7
ESR1,PAGR1
ESR1,MED10
ESR1,TUBB6
ESR1,HNRNPUL1
ESR1,WDR18
ESR1,UTP14A
ESR1,YTHDF1
ESR1,RBCK1
ESR1,NSD3
ESR1,GTPBP4
ESR1,TBL1XR1
ESR1,REXO4
ESR1,ASCC2
ESR1,MYLK2
ESR1,PABPC3
ESR1,KDM4C
ESR1,UNC45A
ESR1,TUBB1
ESR1,BCAS3
ESR1,MED20
ESR1,PATZ1
ESR1,NCOA5
ESR1,SMURF1
ESR1,EPB41L5
ESR1,TCF7L1
ESR1,SARS2
ESR1,EXOSC4
ESR1,MED4
ESR1,MED17
ESR1,ATAD3A
ESR1,RLIM
ESR1,MED9
ESR1,LYAR
ESR1,HOXC10
ESR1,BCLAF1
ESR1,TAB2
ESR1,CELSR1
ESR1,DNAH2
ESR1,LARS1
ESR1,PSMC3IP
ESR1,COPG2
ESR1,ASH2L
ESR1,BAZ1B
ESR1,RABGEF1
ESR1,LEF1
ESR1,DNMT3L
ESR1,ING1
ESR1,KLK9
ESR1,HDAC9
ESR1,PRR12
ESR1,HECTD1
ESR1,CORO1C
ESR1,PLAGL1
ESR1,PRPF19
ESR1,G3BP2
ESR1,SNX6
ESR1,PPP6R1
ESR1,SHOC2
ESR1,PA2G4
ESR1,SMC3
ESR1,HDAC5
ESR1,RUVBL2
ESR1,RUVBL1
ESR1,FARSA
ESR1,ASF1A
ESR1,MRPS17
ESR1,NOP58
ESR1,MRPS2
ESR1,RTCB
ESR1,RPL36
ESR1,IRS2
ESR1,TBL2
ESR1,YTHDF2
ESR1,SUPT16H
ESR1,USP16
ESR1,MTCH2
VTN,NFKB1
VTN,PRDX4
ANXA1,GJA1
ANXA1,VCAM1
ANXA1,CNR1
ANXA1,AGTR1
ANXA1,APLNR
ANXA1,GPR4
ANXA1,AGTR2
ANXA1,CXCR4
ANXA1,PTPN11
ANXA1,TRIM72
ANXA1,GPER1
ANXA1,MOV10
ANXA1,NPFFR2
NR3C1,BCL2
NR3C1,HOXC8
NR3C1,HBA1
NR3C1,KMT2A
NR3C1,PRDX1
NR3C1,LASP1
NR3C1,NEDD4L
NR3C1,EPAS1
NR3C1,FOXP3
PRNP,ANXA5
PRNP,HSPA8
PRNP,PDE10A
A1BG,PRDX4
CD74,CLTA
CD74,UBC
CD74,TAF1
CD74,UBA1
CD74,CANX
CD74,HADHA
CD74,AP2S1
CD74,SEC24C
CD74,SEC13
CD74,AP1S2
CD74,UBE2N
CD74,AP1S1
CD74,AP2B1
CD74,CLTC
CD74,AP1B1
CD74,MAP3K1
CD74,UBE2V1
CD74,SEC23A
CD74,HLA-DRB1
CD74,TM4SF20
CD74,AP2M1
CD74,AP1S3
CD74,SH3GL2
CD74,AP1M1
CD74,COPG2
CD74,COPG1
CD74,SAR1B
CD74,AP1M2
CD3D,HSPA8
KRT1,VCAM1
KRT1,MAPK1
HLA-A,NTRK1
HLA-A,CD3E
HLA-A,UBC
HLA-A,PRG2
HLA-A,SLC2A4
HLA-A,HLA-DPA1
HLA-A,CD247
HLA-A,ERBB3
HLA-A,CANX
HLA-A,CD1B
HLA-A,BMPR1A
HLA-A,STAT3
HLA-A,BAG6
HLA-A,MEOX2
HLA-A,IRAK1
HLA-A,COPB1
HLA-A,SEC24C
HLA-A,ATXN3
HLA-A,SEC13
HLA-A,SEC61A1
HLA-A,GNAS
HLA-A,SUMO1
HLA-A,GABRE
HLA-A,TAP1
HLA-A,TAP2
HLA-A,PSMD2
HLA-A,ATM
HLA-A,ILK
HLA-A,PTCH1
HLA-A,CUL7
HLA-A,SEC23A
HLA-A,TRAM1
HLA-A,NEDD8
HLA-A,IFI16
HLA-A,ZACN
HLA-A,CEP85L
HLA-A,SCARA3
HLA-A,IL20RB
HLA-A,HS2ST1
HLA-A,SYVN1
HLA-A,TMEM17
HLA-A,ZDHHC17
HLA-A,SCLT1
HLA-A,ARHGEF17
HLA-A,MMS19
HLA-A,CCDC8
HLA-A,ATXN3L
HLA-A,UGGT1
HLA-A,RPS6KB2
HLA-A,ATP1B4
HLA-A,UBE2J1
HLA-A,PCDHB15
HLA-A,COPG1
HLA-A,SAR1B
HLA-DPB1,HLA-DRB1
ERBB2,CYP17A1
ERBB2,PGR
ERBB2,ANXA2
ERBB2,HSPA8
ERBB2,LEPR
NTRK1,HSPB1
NTRK1,ARG1
NTRK1,ITGB1
NTRK1,CDK1
NTRK1,ANXA2
NTRK1,PFN1
NTRK1,ANXA5
NTRK1,ENO2
NTRK1,TXN
NTRK1,CHGA
NTRK1,HSPA8
NTRK1,NCAM1
NTRK1,CTPS1
NTRK1,EIF2AK2
NTRK1,ATP2B1
NTRK1,TNFRSF1B
NTRK1,MMUT
NTRK1,DNMT1
NTRK1,BSG
NTRK1,FUS
NTRK1,ACVR1B
NTRK1,USP8
NTRK1,USP5
NTRK1,BAG6
NTRK1,CPT1A
NTRK1,FXR1
NTRK1,ARHGDIA
NTRK1,USP14
NTRK1,WDR5
NTRK1,HNRNPK
NTRK1,YBX1
NTRK1,PRDX1
NTRK1,KHDRBS1
NTRK1,PRDX4
NTRK1,PUM1
NTRK1,GANAB
NTRK1,EFTUD2
NTRK1,RPS6KA1
NTRK1,PNPLA6
NTRK1,XRN1
NTRK1,HDAC2
NTRK1,ERP44
NTRK1,SFXN1
NTRK1,MOV10
NTRK1,DNAJB11
APP,SERPINB2
APP,LGALS2
APP,IGF1R
APP,ANXA5
APP,NCAM1
APP,IDO1
APP,HMGA1
APP,RASA1
APP,CNR1
APP,AGTR1
APP,PRDX2
APP,APLNR
APP,GPR4
APP,NRIP1
APP,AGTR2
APP,HDAC4
APP,CXCR4
APP,WDR5
APP,TEK
APP,GANAB
APP,PTPRO
APP,HAVCR2
APP,NLRP3
APP,MCEE
APP,GPER1
APP,ERP44
APP,SMYD3
APP,NPFFR2
ITGB3,ITGB1
ITGB2,UBC
ITGB2,YWHAQ
ITGB2,ATP6V0C
ITGB2,YWHAB
ITGB2,PSMD4
ITGB2,YWHAZ
ITGB2,STK4
ITGB2,PTCH1
ITGB2,EEA1
ITGB2,RNF175
ITGB2,P2RX7
ITGB2,SHARPIN
ITGB2,RNF121
ITGB2,F11R
ITGB2,PTCH2
ICAM1,RPLP2
ICAM1,RPLP0
ICAM1,NPM1
ICAM1,H2BC11
ICAM1,TUBB
ICAM1,HNRNPA1
ICAM1,SNRPA1
ICAM1,UBC
ICAM1,H1-4
ICAM1,MYH3
ICAM1,PABPC1
ICAM1,ACTN1
ICAM1,XRCC6
ICAM1,XRCC5
ICAM1,SNRPB
ICAM1,RPS2
ICAM1,H1-3
ICAM1,H1-2
ICAM1,YBX3
ICAM1,RPL35A
ICAM1,NAT1
ICAM1,RPL17
ICAM1,NCL
ICAM1,FLNA
ICAM1,TAF1
ICAM1,RPS4Y1
ICAM1,HNRNPA2B1
ICAM1,RPS3
ICAM1,H2BC17
ICAM1,RPL13
ICAM1,RPL12
ICAM1,HNRNPH1
ICAM1,RPL9
ICAM1,H2BC3
ICAM1,NOS2
ICAM1,RDX
ICAM1,RPL22
ICAM1,FAU
ICAM1,RPL4
ICAM1,SRP14
ICAM1,RPL13A
ICAM1,RPL35
ICAM1,RPL27A
ICAM1,RPL5
ICAM1,RPS9
ICAM1,CCT3
ICAM1,CCT4
ICAM1,HNRNPA3
ICAM1,EIF3B
ICAM1,H2BC5
ICAM1,EIF3E
ICAM1,ACTB
ICAM1,RPS3A
ICAM1,RPL26
ICAM1,RPL27
ICAM1,HNRNPK
ICAM1,RPS8
ICAM1,RPS16
ICAM1,RPS14
ICAM1,RPS23
ICAM1,RPS18
ICAM1,RPS13
ICAM1,LSM3
ICAM1,SNRPD1
ICAM1,SNRPD3
ICAM1,RPL7A
ICAM1,RPS4X
ICAM1,RPL23A
ICAM1,RPS6
ICAM1,RPS15
ICAM1,RPS25
ICAM1,RPS28
ICAM1,RPL30
ICAM1,RPL31
ICAM1,RPL11
ICAM1,RPL8
ICAM1,YBX1
ICAM1,TUBA4A
ICAM1,TUBB4B
ICAM1,CSNK2A1
ICAM1,H3C1
ICAM1,RPL24
ICAM1,RPL19
ICAM1,SRSF3
ICAM1,H3-3A
ICAM1,PURA
ICAM1,HNRNPU
ICAM1,SET
ICAM1,H1-1
ICAM1,RPL6
ICAM1,RPL18
ICAM1,ILF2
ICAM1,ILF3
ICAM1,EIF3I
ICAM1,TCOF1
ICAM1,TUBB2A
ICAM1,HNRNPD
ICAM1,EIF3A
ICAM1,SART3
ICAM1,IFI16
ICAM1,H3-4
ICAM1,H2BC18
ICAM1,PRPF8
ICAM1,H3C14
ICAM1,ALYREF
ICAM1,ANP32B
ICAM1,CREBBP
ICAM1,DDX17
ICAM1,H2BC9
ICAM1,H2BC1
ICAM1,EIF3C
ICAM1,H2BC15
ICAM1,H2BC14
ICAM1,H2BC13
ICAM1,TUBB6
ICAM1,TUBB2B
ICAM1,HSD3B7
ICAM1,EDA2R
ICAM1,EIF3K
ICAM1,TUBE1
ICAM1,RPL26L1
ICAM1,YBX2
ICAM1,RPL36
ICAM1,SUPT16H
HLA-DQB2,HLA-DRB1
ITGB1,ENO1
ITGB1,LYN
ITGB1,MMP2
ITGB1,HCK
ITGB1,CD63
ITGB1,TPM1
ITGB1,PDGFRB
ITGB1,FGR
ITGB1,UBC
ITGB1,PDHB
ITGB1,DMD
ITGB1,IGF2R
ITGB1,SLC2A4
ITGB1,MMP9
ITGB1,ATF2
ITGB1,RPA2
ITGB1,PTPN1
ITGB1,NCL
ITGB1,ATP2B1
ITGB1,RAB5A
ITGB1,ITGAX
ITGB1,TAF1
ITGB1,ATP6V0C
ITGB1,RPA1
ITGB1,EPHA2
ITGB1,PDIA3
ITGB1,PPP2R1B
ITGB1,L1CAM
ITGB1,CSF2RB
ITGB1,RPA3
ITGB1,ACTN2
ITGB1,BSG
ITGB1,MTOR
ITGB1,ATP5PO
ITGB1,PSEN1
ITGB1,SLC25A1
ITGB1,CACNA2D1
ITGB1,VCP
ITGB1,ATP5ME
ITGB1,JAM2
ITGB1,ACTB
ITGB1,DAB2
ITGB1,RBM10
ITGB1,MEF2A
ITGB1,APBA1
ITGB1,GALNT2
ITGB1,CDH17
ITGB1,NME3
ITGB1,PTCH1
ITGB1,DAG1
ITGB1,FAT1
ITGB1,ACAP1
ITGB1,SF1
ITGB1,TRIP13
ITGB1,ELAVL1
ITGB1,SLC1A5
ITGB1,VWA2
ITGB1,COL13A1
ITGB1,TNS2
ITGB1,ATL3
ITGB1,TCTN3
ITGB1,FAM111B
ITGB1,TUBA1A
ITGB1,ANKS1B
ITGB1,TMEM17
ITGB1,DDX42
ITGB1,COL23A1
ITGB1,RNF175
ITGB1,COLGALT1
ITGB1,UBAC2
ITGB1,REPS2
ITGB1,CHPT1
ITGB1,NCSTN
ITGB1,RAB8B
ITGB1,FERMT2
ITGB1,TCTN2
ITGB1,ATP5MK
ITGB1,CLPTM1L
ITGB1,RANBP9
ITGB1,ECSIT
ITGB1,HGH1
ITGB1,RBCK1
ITGB1,UNK
ITGB1,CCDC8
ITGB1,RNF121
ITGB1,UPF2
ITGB1,MYO10
ITGB1,RPRD1B
ITGB1,FBXO6
ITGB1,ARHGEF12
ITGB1,TMEM216
ITGB1,SEL1L
ITGB1,RAB21
ITGB1,SSR3
ITGB1,RABGAP1
ITGB1,TLN2
ITGB1,TRAF6
ITGB1,HYOU1
ITGB1,SRPRB
ITGB1,EMILIN1
ITGB1,PTCH2
INSR,TRIM72
PGR,HSP90AA1
PGR,HSP90AB1
PGR,POU2F2
PGR,PARP1
PGR,UBC
PGR,XRCC5
PGR,TBP
PGR,CCND1
PGR,DNAJB1
PGR,SMARCA1
PGR,CDC25B
PGR,STIP1
PGR,HSPA4
PGR,CDKN1A
PGR,ANP32A
PGR,STAT3
PGR,STAT5A
PGR,MAGEA11
PGR,DAP3
PGR,STAT5B
PGR,PPP5C
PGR,HSPA2
PGR,GNAI1
PGR,RNF4
PGR,DLG4
PGR,CCNA1
PGR,PRKDC
PGR,FKBP4
PGR,EP300
PGR,BPTF
PGR,PRDM2
PGR,PTGES3
PGR,NCOA2
PGR,MED1
PGR,TAF1B
PGR,KAT2B
PGR,COPS5
PGR,SMARCE1
PGR,SMARCD1
PGR,DNAJC7
PGR,STUB1
ATP5F1B,ENO2
ATP5F1B,HSPA8
ATP5F1B,GJA1
ATP5F1B,CTPS1
ATP5F1B,VCAM1
ATP5F1B,NFKB1
ATP5F1B,MAPK1
ATP5F1B,PRDX2
ATP5F1B,FUS
ATP5F1B,USP8
ATP5F1B,IRAK1
ATP5F1B,ARHGDIA
ATP5F1B,HNRNPK
ATP5F1B,HBB
ATP5F1B,PKD1
ATP5F1B,PRDX1
ATP5F1B,PRDX4
ATP5F1B,EZH2
ATP5F1B,XRN1
ATP5F1B,PARK7
ATP5F1B,TLR9
ATP5F1B,SIRT3
ATP5F1B,DCAF13
ATP5F1B,USP22
ATP5F1B,HDAC5
ATP5F1B,TRAF6
CD2,EP300
CEACAM5,PTPN11
CEACAM5,HAVCR2
ENO1,ENO2
ENO1,TXN
ENO1,HSPA8
ENO1,GJA1
ENO1,CTPS1
ENO1,VCAM1
ENO1,NFKB1
ENO1,AKT1
ENO1,FUS
ENO1,BCL6
ENO1,YAP1
ENO1,CPT1A
ENO1,ARHGDIA
ENO1,HNRNPK
ENO1,EP300
ENO1,PRDX4
ENO1,EZH2
ENO1,HDAC2
ENO1,NEDD4L
ENO1,ERAP1
ENO1,TRAF6
THBD,ANKRD1
THBD,PSENEN
P4HB,ENO2
P4HB,TXN
P4HB,HSPA8
P4HB,CTPS1
P4HB,MAPK1
P4HB,ARHGDIA
P4HB,PRDX4
P4HB,XRN1
P4HB,NEDD4L
ANXA2,SP1
ANXA2,HNRNPA1
ANXA2,UBB
ANXA2,ITGA4
ANXA2,CEACAM1
ANXA2,SLC2A4
ANXA2,RPA2
ANXA2,MGMT
ANXA2,GJA1
ANXA2,FLT1
ANXA2,ATP4A
ANXA2,FLNA
ANXA2,MCC
ANXA2,CDK2
ANXA2,YWHAQ
ANXA2,CALML3
ANXA2,RPA1
ANXA2,PPP2R1A
ANXA2,ARRB2
ANXA2,RPA3
ANXA2,VHL
ANXA2,STAT6
ANXA2,IQGAP1
ANXA2,PLA2G4A
ANXA2,PXN
ANXA2,RAD23B
ANXA2,VCP
ANXA2,SUMO3
ANXA2,EIF6
ANXA2,CAV3
ANXA2,PTEN
ANXA2,GABARAPL2
ANXA2,SUMO2
ANXA2,RPS27A
ANXA2,UBA52
ANXA2,YWHAZ
ANXA2,SUMO1
ANXA2,PPP2R2B
ANXA2,MDM2
ANXA2,POU5F1
ANXA2,UBE3A
ANXA2,PTPN11
ANXA2,POU5F1B
ANXA2,EP300
ANXA2,AHNAK
ANXA2,CUL2
ANXA2,CUL7
ANXA2,NEDD8
ANXA2,EZH2
ANXA2,DBN1
ANXA2,SUMO4
ANXA2,TRIM72
ANXA2,AHNAK2
ANXA2,KSR1
ANXA2,SIRT6
ANXA2,COLGALT1
ANXA2,MYO18A
ANXA2,FBXO32
ANXA2,SPRTN
ANXA2,GABARAPL1
ANXA2,POT1
ANXA2,FBXL12
ANXA2,WWOX
ANXA2,ANKFY1
ANXA2,RPS6KB2
ANXA2,FTSJ1
ANXA2,ERRFI1
ANXA2,INVS
ANXA2,NCOA3
ADRB2,CEACAM1
ADRB2,ADORA2B
ADRB2,CD68
ADRB2,ARHGDIA
ADRB2,CALCRL
ADRB2,NEDD4L
ADRB2,WNK1
ADRB2,DNAJB11
IGF1R,HSP90AB1
IGF1R,HOXC6
IGF1R,NAT2
IGF1R,NCK1
IGF1R,TSHR
IGF1R,HNF1A
IGF1R,TAF1
IGF1R,CDH3
IGF1R,MSN
IGF1R,YWHAQ
IGF1R,ARRB2
IGF1R,ADCYAP1R1
IGF1R,LEPR
IGF1R,RPL11
IGF1R,SUMO1
IGF1R,TAGLN
IGF1R,TRIM25
IGF1R,IL13RA2
IGF1R,SLC23A3
IGF1R,GIGYF2
IGF1R,SYVN1
IGF1R,BAP1
IGF1R,THRSP
IGF1R,PHB2
IGF1R,NPHS2
IGF1R,FBXO6
IGF1R,SH2B1
IGF1R,VPS45
IGF1R,KLK5
IGF1R,SNX9
RHO,BAG6
RHO,PKD1
ANXA6,MME
ANXA6,ENO2
ANXA6,TXN
ANXA6,ARHGDIA
ANXA6,TRIM72
CHRM2,HSPA8
CHRM2,CNR1
CHRM2,FPR2
CHRM2,APLNR
CHRM2,AGTR2
CHRM2,CXCR4
CHRM2,GPER1
CHRM4,CNR1
CHRM4,FPR2
CHRM4,APLNR
CHRM4,AGTR2
CHRM4,CXCR4
CHRM4,GPER1
NR3C2,RXRA
NR3C2,CREBBP
MMP2,ITGA5
MMP2,TPM1
MMP2,HCLS1
MMP2,CD44
MMP2,NCL
MMP2,CAPN3
MMP2,TAF1
MMP2,MTNR1A
MMP2,MTNR1B
MMP2,SMARCA4
MMP2,CTTN
MMP2,OSBPL10
MMP2,MAP1LC3B
CD14,ITGAM
CD14,TNFRSF1B
MET,HCK
MET,FGR
MET,UBC
MET,PKM
MET,RASA1
MET,TAF1
MET,POLR2A
MET,HSPA4
MET,KDR
MET,ZAP70
MET,BLK
MET,YWHAZ
MET,SHC4
MET,LAPTM4B
MET,TNS4
MET,SH2D3C
MET,RND1
MET,SPSB4
MET,SHD
MET,HSH2D
MET,SLA2
MET,TNS1
MET,SH2D2A
MET,FBXO6
MET,SH2B1
MET,ARHGAP35
MET,GGA3
MET,STAP1
ADRB1,ADORA2B
ADRB1,CALCRL
FCGR3A,DOCK1
ITGA5,MMP9
ITGA5,GJA1
ITGA5,VCAM1
RPSA,HSPA8
RPSA,GJA1
RPSA,CTPS1
RPSA,VCAM1
RPSA,MAPK1
RPSA,HNRNPK
RPSA,ARG2
RPSA,HMGCS1
RPSA,MAPK14
RPSA,NEDD4L
RPSA,TP63
RPSA,HDAC5
HTR1A,CNR1
HTR1A,FPR2
HTR1A,APLNR
HTR1A,AGTR2
HTR1A,CXCR4
HTR1A,RHOA
HTR1A,GPER1
CHRM5,FPR2
CHRM5,AGTR1
CHRM5,GPR4
CHRM5,NPFFR2
ADRA2A,CNR1
ADRA2A,FPR2
ADRA2A,APLNR
ADRA2A,AGTR2
ADRA2A,CXCR4
ADRA2A,GPER1
LGALS1,UBC
LGALS1,PSG1
LGALS1,ITGA4
LGALS1,SLC2A4
LGALS1,SNRPB
LGALS1,GJA1
LGALS1,VCAM1
LGALS1,NFKB1
LGALS1,CALML3
LGALS1,CD6
LGALS1,MCM5
LGALS1,CD68
LGALS1,MYH9
LGALS1,HNF4A
LGALS1,PTGER3
LGALS1,PXN
LGALS1,MCM2
LGALS1,PTEN
LGALS1,ACTB
LGALS1,SUMO2
LGALS1,YWHAG
LGALS1,YWHAZ
LGALS1,GTF2I
LGALS1,YWHAH
LGALS1,KCNMA1
LGALS1,USP4
LGALS1,SLAMF1
LGALS1,NEDD8
LGALS1,HSPB2
LGALS1,SMN1
LGALS1,DBN1
LGALS1,RPGRIP1L
LGALS1,TRIM69
LGALS1,MUC16
LGALS1,SLAMF7
LGALS1,TRPV5
LGALS1,SUSD2
LGALS1,LIMA1
LGALS1,SEPTIN9
LGALS1,DDX19B
LGALS1,GOLT1B
PDGFRB,IL1R1
PDGFRB,MAPK1
PDGFRB,KDR
CD3G,HSPA8
CD3G,DOCK1
ADORA3,CNR1
ADORA3,FPR2
ADORA3,APLNR
ADORA3,AGTR2
ADORA3,CXCR4
ADORA3,GPER1
AR,HSPA8
AR,RASA1
AR,ARNT
AR,KMT2A
AR,PTPN11
AR,SETD7
AR,HDAC2
RARA,HSPA8
RARA,HMGA1
RARA,GADD45A
RARA,FAS
RARA,FUS
RARA,STAT1
RARA,NR4A2
RARA,FOXA1
RARA,HDAC4
RARA,WDR5
RARA,YBX1
RARA,E2F1
RARA,FOXO1
RARA,EZH2
RARA,NFE2L2
RARA,HDAC2
RARA,CREBBP
RARA,SIRT1
RARA,SETD2
KIT,IL3RA
RARB,DNMT1
RARB,NR4A2
RARB,WDR5
RARB,EP300
RARB,EZH2
RARB,CREBBP
RARB,SIRT1
THRA,NRIP1
THRA,EP300
THRA,MOV10
THRB,NSD1
HSPA5,HSPA8
HSPA5,GJA1
HSPA5,CTPS1
HSPA5,VCAM1
HSPA5,TNFRSF1A
HSPA5,TNFRSF1B
HSPA5,MAPK1
HSPA5,CDKN1A
HSPA5,STAT1
HSPA5,CPT1A
HSPA5,HMGCS1
HSPA5,XPC
HSPA5,EP300
HSPA5,AHNAK
HSPA5,ENDOG
HSPA5,EZH2
HSPA5,SIRT1
HSPA5,NEDD4L
HSPA5,TP63
HSPA5,MOV10
HSPA5,TLR9
HSPA5,SIRT3
HSPA5,DCAF13
HSPA5,USP22
HSPA5,HDAC5
ITGAM,PRTN3
ITGAM,BCAP31
ITGAM,SHARPIN
ITGAM,CLEC4M
CHRM1,FPR2
CHRM1,AGTR1
CHRM1,GPR4
CHRM1,NPFFR2
BCR,NOVA2
LAMP1,ARNT
LAMP1,NOTCH1
LAMP1,EPAS1
FGFR1,RASA1
VDR,PRKCSH
VDR,POU2F1
VDR,TCF3
VDR,CDK11B
VDR,PTPN3
VDR,POU1F1
VDR,KDM5A
VDR,PPP1CC
VDR,BRCA1
VDR,CDKN1A
VDR,HNF4A
VDR,PRCP
VDR,SYK
VDR,CEBPA
VDR,SMARCA4
VDR,HIRA
VDR,COPS2
VDR,MDM2
VDR,RUNX1
VDR,EMX1
VDR,EMX2
VDR,MXD1
VDR,CYP24A1
VDR,EIF3I
VDR,CTBP1
VDR,MED21
VDR,HDAC1
VDR,RUNX3
VDR,NCOA4
VDR,RUNX2
VDR,TOB2
VDR,TAF11
VDR,TAF7
VDR,CXXC5
VDR,HDAC2
VDR,NKD2
VDR,SIRT1
VDR,CDCA7L
VDR,LCOR
VDR,NSD1
VDR,SRPK1
VDR,SIN3A
VDR,GFI1
VDR,CITED1
VDR,RNF14
VDR,MED13
VDR,THRAP3
VDR,TRRAP
IGF2R,VCAM1
IGF2R,VPS51
FCGR1A,DOCK1
FCGR2A,DOCK1
CDH1,DNMT1
CDH1,AKT1
CDH1,KDR
CDH1,YAP1
CDH1,PTEN
CDH1,E2F1
CDH1,EP300
CDH1,ADAM9
CDH1,CREBBP
CDH1,LOXL2
GP1BB,VCAM1
LAMP2,ARNT
LAMP2,HIF1A
CFTR,LGALS4
NCAM1,SLC2A4
NCAM1,PLCG1
NCAM1,YWHAQ
NCAM1,YWHAB
NCAM1,NOVA1
NCAM1,ATXN1
NCAM1,CACNB3
NCAM1,PPP1CA
NCAM1,GRB2
NCAM1,YWHAZ
NCAM1,SPTBN1
NCAM1,CACNA1D
NCAM1,CNTN2
NCAM1,CACNB1
NCAM1,SOS1
NCAM1,CACNB2
NCAM1,CACNA1S
NCAM1,SPTAN1
NCAM1,RHEB
NCAM1,RETREG3
NCAM1,TMEM185A
NCAM1,SPTBN4
NCAM1,BARX1
NCAM1,SPTBN5
NCAM1,DNAAF2
NCAM1,CACNA1I
NCAM1,NUFIP1
NCAM1,BARX2
NCAM1,NOVA2
NCAM1,STXBP5L
NCAM1,SIGLEC9
ITGA4,PRDX2
ITGA4,FUS
ITGA4,HNRNPK
ITGA4,YBX1
ITGA4,HBA1
ITGA4,PRDX1
ITGA4,PUM1
ITGA4,EFTUD2
ITGA4,JAM3
ITGA4,IGF2BP2
RARG,WDR5
RARG,EZH2
RARG,CREBBP
ATP1A3,ATP2B1
ATP1A3,MAPK1
ATP1A3,PRDX4
ATP1A3,CASP8
ATP1A3,EZH2
ATP1A3,SIRT1
CEACAM1,HNF4A
CEACAM1,CEACAM7
CEACAM1,CARTPT
CEACAM1,CEP57
CEACAM1,CLEC4M
ADRB3,ADORA2B
ADRB3,NOS3
ADRB3,CALCRL
ADRB3,ARRDC3
CD59,CTSC
CD59,PTPN11
TRIM27,BCL6
TRIM27,LASP1
TRIM27,PCGF1
DRD2,CNR1
DRD2,FPR2
DRD2,APLNR
DRD2,AGTR2
DRD2,CXCR4
DRD2,GPER1
IL1R1,STAT3
IL1R1,CTCF
IL1R1,RORC
IL1R1,IL1RL1
IL1R1,EP300
IL1R1,HERPUD1
IL1R1,IRF4
IL1R1,BATF
IL1R1,MARCHF8
IL1R1,CREBBP
IL1R1,MAP3K14
IL1R1,BATF3
GABRA1,USP14
ANPEP,ENPEP
PVR,KRTAP10-3
PVR,KRTAP10-7
PVR,KRTAP10-9
PVR,DYNLT1
PVR,ELAVL1
PVR,WNK1
PVR,TNFRSF12A
PVR,PLA2G3
IFNGR1,NFKB1
IFNGR1,STAT3
IFNGR1,E2F1
IFNGR1,MOV10
EZR,TNFRSF1A
EZR,ARHGDIA
EZR,AHNAK
EZR,TRAF6
FOLR1,CTSC
CSF2RA,IL3RA
CSF2RA,PTPN11
CD46,CR1
CD46,CD151
MUC1,TNFRSF1A
MUC1,PPARG
MUC1,CDKN1A
MUC1,EP300
NPR1,FOXP3
CD44,SLC7A11
ITGB4,BAG6
ITGB4,PTPN11
ITGB4,ARRDC3
SPN,BSG
PECAM1,MAPK1
PECAM1,CXCR4
CTLA4,LRBA
CTLA4,RAPGEF1
CTLA4,ELAVL1
CTLA4,AP1M1
TSHR,ADORA2B
TSHR,CALCRL
SELE,EP300
SELE,CREBBP
CD36,NFE2L2
CD36,TRAF6
IL7R,EIF2AK2
IL7R,FUS
IL7R,YBX1
IL7R,FOXO1
IFNAR1,EP300
ITGA2,KDR
GJA1,VCL
GJA1,TRIM21
GJA1,POU3F3
GJA1,POU3F2
GJA1,LMNB1
GJA1,FLNA
GJA1,NT5E
GJA1,UQCRC2
GJA1,CFL1
GJA1,NFKBIA
GJA1,EEF1G
GJA1,YWHAQ
GJA1,CALML3
GJA1,ACADL
GJA1,NDUFS1
GJA1,GJB2
GJA1,EEF1D
GJA1,CNGA1
GJA1,PRDX5
GJA1,PRDX3
GJA1,PDIA3
GJA1,YWHAB
GJA1,PRDX2
GJA1,SHMT1
GJA1,SHMT2
GJA1,PFN2
GJA1,RPL22
GJA1,ACTN2
GJA1,GJA5
GJA1,GJC1
GJA1,HSPA9
GJA1,CCT6A
GJA1,HADHA
GJA1,PRPH
GJA1,EPS15
GJA1,WAS
GJA1,VDAC2
GJA1,CDKN1B
GJA1,NEDD4
GJA1,CAPZA2
GJA1,QARS1
GJA1,POU3F4
GJA1,PSMD7
GJA1,KPNA1
GJA1,CAPZA1
GJA1,ATP1B3
GJA1,PSMD4
GJA1,HDAC4
GJA1,ARPC4
GJA1,EIF3E
GJA1,ACTR2
GJA1,RPS3A
GJA1,RPL27
GJA1,STXBP1
GJA1,RPS7
GJA1,RPS16
GJA1,RAN
GJA1,RPL23
GJA1,RAP1A
GJA1,PPIA
GJA1,YWHAZ
GJA1,ACTA1
GJA1,TUBA4A
GJA1,TUBB4B
GJA1,CLTC
GJA1,POU3F1
GJA1,EIF4G1
GJA1,EEF1A2
GJA1,PRDX1
GJA1,ELP6
GJA1,TFCP2
GJA1,DLG1
GJA1,PSMD2
GJA1,SQSTM1
GJA1,TUBA3C
GJA1,TUBB2A
GJA1,HNRNPD
GJA1,FLNC
GJA1,BECN1
GJA1,NBR1
GJA1,RCN1
GJA1,STXBP2
GJA1,KCNJ8
GJA1,FAM189A2
GJA1,TXNRD1
GJA1,ZACN
GJA1,HSD17B12
GJA1,ATG16L1
GJA1,SLC39A4
GJA1,TUBA3E
GJA1,CNST
GJA1,ATG14
GJA1,TUBA1A
GJA1,USP48
GJA1,PLD3
GJA1,NRM
GJA1,NUP93
GJA1,NPEPL1
GJA1,PIK3C3
GJA1,ELP5
GJA1,HTR3C
GJA1,CCT6B
GJA1,KAT2B
GJA1,TSPAN17
GJA1,SGSM3
GJA1,KCNK16
GJA1,PSMB7
GJA1,PIK3R4
GJA1,HNRNPAB
GJA1,TSG101
GJA1,PKP2
GJA1,ARPC5L
GJA1,TMEM43
GJA1,TUBB6
GJA1,TUBB2B
GJA1,MAP1LC3C
GJA1,SRCIN1
GJA1,MAP1LC3B
GJA1,SLC25A31
GJA1,UNC45A
GJA1,MAP1LC3A
GJA1,UBQLN4
GJA1,EPS15L1
GJA1,VPS29
GJA1,TJP2
GJA1,LIMA1
GJA1,UBQLN2
GJA1,ATP1B4
GJA1,PSMD13
GJA1,LIMCH1
GJA1,HDAC5
GJA1,CFL2
GJA1,GPR52
GJA1,PPIAL4A
GJA1,SCN10A
GJA1,GJA3
CHRNB2,NOVA2
ENG,MMP14
ENG,ACVR2B
LGALS3,PTPRZ1
LGALS3,AHCY
LGALS3,ATP2B4
LGALS3,MAPK3
LGALS3,RPL12
LGALS3,PPP2R1A
LGALS3,PPP2R1B
LGALS3,CD6
LGALS3,FCGR2B
LGALS3,CD68
LGALS3,MYH10
LGALS3,BSG
LGALS3,FLT4
LGALS3,ATP5F1C
LGALS3,TGFBR2
LGALS3,BRCA1
LGALS3,DDOST
LGALS3,TMPO
LGALS3,RPL35
LGALS3,ECE1
LGALS3,SLC1A3
LGALS3,CCT3
LGALS3,SLC26A2
LGALS3,SERPINH1
LGALS3,CLCN3
LGALS3,SLC7A2
LGALS3,SLC12A2
LGALS3,MFAP3
LGALS3,NAP1L1
LGALS3,ITGA1
LGALS3,MYL6
LGALS3,RPS20
LGALS3,RPL7A
LGALS3,ACTA2
LGALS3,ACTA1
LGALS3,GTF2I
LGALS3,PTPN11
LGALS3,CKAP4
LGALS3,GOLGA2
LGALS3,PTPRJ
LGALS3,COASY
LGALS3,PPIG
LGALS3,ALCAM
LGALS3,KPNB1
LGALS3,SLC1A5
LGALS3,RAB11B
LGALS3,SDK2
LGALS3,COLEC12
LGALS3,TEX35
LGALS3,RRAGB
LGALS3,SCARA3
LGALS3,LGALS9C
LGALS3,PYHIN1
LGALS3,EMB
LGALS3,CSPG4
LGALS3,CD109
LGALS3,CYHR1
LGALS3,PAXIP1
LGALS3,ATG9A
LGALS3,SLC46A3
LGALS3,SDK1
LGALS3,TMEM179B
LGALS3,RTN4RL2
LGALS3,OSTM1
LGALS3,HRNR
LGALS3,KIAA0319L
LGALS3,ELMOD1
LGALS3,SLC15A4
LGALS3,SLC38A9
LGALS3,NCSTN
LGALS3,SLC9A6
LGALS3,LPAR1
LGALS3,C1GALT1C1
LGALS3,MCCC1
LGALS3,SERINC2
LGALS3,CDC5L
LGALS3,BARD1
LGALS3,CLEC7A
LGALS3,CADM1
LGALS3,UACA
LGALS3,P2RY12
LGALS3,ATP13A3
LGALS3,RRAGC
LGALS3,GPR35
LGALS3,MCCC2
LGALS3,KIAA1549
LGALS3,SLC17A5
LGALS3,PRR13
LGALS3,PTGFRN
LGALS3,MRC2
LGALS3,SLC12A6
LGALS3,LNPEP
LGALS3,HEG1
LGALS3,PRPF19
LGALS3,SLC12A4
LGALS3,GPR52
LGALS3,GPR55
LGALS3,TRAF6
LGALS3,NPTN
LGALS3,SLC12A7
LGALS3,SLC30A1
LGALS3,SLC4A7
LGALS3,ENPP4
FLT1,CRKL
FLT1,EEA1
FLT1,TMCO4
FLT1,TMC4
FLT1,CIP2A
FLT1,SCARB1
FLT1,ROBO4
FLT1,SERPINB12
FLT1,SRPK1
FLT1,TMEM245
FLT1,CD2AP
ITGB5,MAPK1
ITGB5,LEPR
ADRA2B,CNR1
ADRA2B,FPR2
ADRA2B,APLNR
ADRA2B,AGTR2
ADRA2B,CXCR4
ADRA2B,GPER1
GABRG2,NOVA2
ADRA2C,CNR1
ADRA2C,FPR2
ADRA2C,APLNR
ADRA2C,AGTR2
ADRA2C,CXCR4
ADRA2C,GPER1
SDC1,EP300
CDH2,PTPRO
EPOR,PTPRO
VCAM1,NCL
VCAM1,SRM
VCAM1,PSMB1
VCAM1,H2AC7
VCAM1,LMNB1
VCAM1,FLNA
VCAM1,SDHB
VCAM1,PCMT1
VCAM1,FBL
VCAM1,GART
VCAM1,PAICS
VCAM1,HNRNPA2B1
VCAM1,CBL
VCAM1,SFPQ
VCAM1,RPS3
VCAM1,CFL1
VCAM1,EEF1B2
VCAM1,ACP1
VCAM1,RPS12
VCAM1,ATP5F1A
VCAM1,PSMA1
VCAM1,PSMA3
VCAM1,PSMA4
VCAM1,DNMT1
VCAM1,U2AF2
VCAM1,RPL13
VCAM1,HMGB2
VCAM1,PTBP1
VCAM1,TARS1
VCAM1,VARS1
VCAM1,STOM
VCAM1,RPL10
VCAM1,RPA1
VCAM1,CAD
VCAM1,MAP4
VCAM1,PSMA5
VCAM1,PSMB6
VCAM1,NDUFS1
VCAM1,MAPK1
VCAM1,EEF1D
VCAM1,BLVRB
VCAM1,RPL12
VCAM1,PPP2R1A
VCAM1,SRI
VCAM1,SDHA
VCAM1,S100A7
VCAM1,TIA1
VCAM1,HNRNPH3
VCAM1,HNRNPH1
VCAM1,YWHAB
VCAM1,PYCR1
VCAM1,RPL9
VCAM1,MCM5
VCAM1,MCM7
VCAM1,RDX
VCAM1,RFC4
VCAM1,RPL22
VCAM1,KRT9
VCAM1,FUS
VCAM1,NUP214
VCAM1,KRT2
VCAM1,ARL2
VCAM1,ATP5F1C
VCAM1,RPL4
VCAM1,LONP1
VCAM1,PPP1CC
VCAM1,SRP14
VCAM1,TAGLN2
VCAM1,TALDO1
VCAM1,EIF4A3
VCAM1,RPL3
VCAM1,DDOST
VCAM1,CCT6A
VCAM1,RPL13A
VCAM1,MDH2
VCAM1,HADHA
VCAM1,IARS1
VCAM1,TMPO
VCAM1,MTREX
VCAM1,PI4KA
VCAM1,RPS27
VCAM1,LRPPRC
VCAM1,RPL35
VCAM1,MATR3
VCAM1,SYK
VCAM1,RANBP1
VCAM1,CRKL
VCAM1,RPL27A
VCAM1,RPL5
VCAM1,RPL21
VCAM1,RPL28
VCAM1,RPS9
VCAM1,RPS5
VCAM1,RPS10
VCAM1,IQGAP1
VCAM1,QARS1
VCAM1,ARCN1
VCAM1,CCT5
VCAM1,CSNK1A1
VCAM1,PXN
VCAM1,FASN
VCAM1,CCT3
VCAM1,MRPL19
VCAM1,TUFM
VCAM1,SRP9
VCAM1,AARS1
VCAM1,SARS1
VCAM1,PSMB2
VCAM1,GMPS
VCAM1,PPT1
VCAM1,CCT8
VCAM1,CCT4
VCAM1,SMARCA4
VCAM1,GALK1
VCAM1,STAT5B
VCAM1,HNRNPA3
VCAM1,HNRNPM
VCAM1,KPNA2
VCAM1,HK2
VCAM1,CAPZA1
VCAM1,IST1
VCAM1,SEC24C
VCAM1,RARS1
VCAM1,AK2
VCAM1,ALDH18A1
VCAM1,NAPA
VCAM1,CSE1L
VCAM1,VCP
VCAM1,AFDN
VCAM1,SNU13
VCAM1,MARS1
VCAM1,EIF6
VCAM1,ARPC4
VCAM1,SEC61B
VCAM1,EIF4A1
VCAM1,RPS20
VCAM1,PSMA6
VCAM1,RAB10
VCAM1,UBE2M
VCAM1,UBE2N
VCAM1,ACTR3
VCAM1,ACTR2
VCAM1,ABCE1
VCAM1,RPS3A
VCAM1,RPL26
VCAM1,RPL15
VCAM1,HSPE1
VCAM1,YWHAG
VCAM1,RPS7
VCAM1,PPP1CA
VCAM1,PPP1CB
VCAM1,PSMC5
VCAM1,RPS8
VCAM1,RPS15A
VCAM1,RPS16
VCAM1,YWHAE
VCAM1,RPS14
VCAM1,RPS23
VCAM1,RPS18
VCAM1,RPS13
VCAM1,RPS11
VCAM1,SNRPF
VCAM1,LSM3
VCAM1,SNRPD2
VCAM1,SNRPD3
VCAM1,PSMC6
VCAM1,RPL7A
VCAM1,ETF1
VCAM1,RPS4X
VCAM1,RPL23A
VCAM1,RPS6
VCAM1,H4C9
VCAM1,RAN
VCAM1,RPL23
VCAM1,RPS24
VCAM1,RPS25
VCAM1,RPS26
VCAM1,RPS28
VCAM1,GNB1
VCAM1,RPL30
VCAM1,RPL31
VCAM1,RPL10A
VCAM1,RPL32
VCAM1,RPL11
VCAM1,RPL8
VCAM1,PPIA
VCAM1,RPS27A
VCAM1,YWHAZ
VCAM1,RPL38
VCAM1,RPS21
VCAM1,PPP2CA
VCAM1,YBX1
VCAM1,ACTC1
VCAM1,EEF1A1
VCAM1,TUBA1B
VCAM1,TUBB4B
VCAM1,HBG2
VCAM1,HBA1
VCAM1,EIF4G2
VCAM1,CCT2
VCAM1,PRKDC
VCAM1,RPL24
VCAM1,ARF5
VCAM1,RPL19
VCAM1,RBM3
VCAM1,CYCS
VCAM1,TFAM
VCAM1,GTF2B
VCAM1,CLTC
VCAM1,HNRNPU
VCAM1,SPTBN1
VCAM1,PFKP
VCAM1,RPL18A
VCAM1,RPL6
VCAM1,RELA
VCAM1,EIF4G1
VCAM1,PTPN11
VCAM1,RPL18
VCAM1,SRSF1
VCAM1,PPID
VCAM1,NSUN2
VCAM1,SCAP
VCAM1,TRAP1
VCAM1,COASY
VCAM1,TARDBP
VCAM1,HNRNPA0
VCAM1,AIMP2
VCAM1,CBX3
VCAM1,SRSF6
VCAM1,G3BP1
VCAM1,PABPC4
VCAM1,PICALM
VCAM1,PIN1
VCAM1,NACA
VCAM1,DDX39B
VCAM1,BYSL
VCAM1,CIRBP
VCAM1,UBAP2L
VCAM1,TTLL12
VCAM1,DYNC1H1
VCAM1,CAPRIN1
VCAM1,PUM1
VCAM1,GANAB
VCAM1,SART3
VCAM1,EFTUD2
VCAM1,EIF4H
VCAM1,PAFAH1B3
VCAM1,PMVK
VCAM1,PCM1
VCAM1,PTGES3
VCAM1,RAB35
VCAM1,SF3B3
VCAM1,SF1
VCAM1,MAPRE1
VCAM1,ELAVL1
VCAM1,TOMM34
VCAM1,SEPTIN7
VCAM1,DBN1
VCAM1,H3-4
VCAM1,DECR1
VCAM1,IMMT
VCAM1,ACSM3
VCAM1,UBE2NL
VCAM1,NUP188
VCAM1,HP1BP3
VCAM1,EDC4
VCAM1,PRPF8
VCAM1,LARP1
VCAM1,ADAMTSL4
VCAM1,H3C14
VCAM1,DHX30
VCAM1,PHF5A
VCAM1,GOLGA7
VCAM1,FERMT3
VCAM1,DDX42
VCAM1,ANKHD1
VCAM1,CCAR1
VCAM1,RAVER1
VCAM1,CCAR2
VCAM1,TTC9C
VCAM1,CSNK1A1L
VCAM1,MRPL43
VCAM1,LY6G5B
VCAM1,ABCF1
VCAM1,WDR36
VCAM1,TBC1D15
VCAM1,NUP210
VCAM1,PDCD6IP
VCAM1,ZFAND2B
VCAM1,ATXN2L
VCAM1,H1-10
VCAM1,MYO18A
VCAM1,GCN1
VCAM1,NUP205
VCAM1,ANP32B
VCAM1,DDX17
VCAM1,FUBP1
VCAM1,LRRC59
VCAM1,DAZAP1
VCAM1,PGAM5
VCAM1,FUBP3
VCAM1,QKI
VCAM1,VPS35
VCAM1,EIF3C
VCAM1,DNAJC7
VCAM1,KIF2C
VCAM1,HSD17B10
VCAM1,HNRNPAB
VCAM1,ACO2
VCAM1,CCT7
VCAM1,EBNA1BP2
VCAM1,PRMT1
VCAM1,H2BC13
VCAM1,MACROD1
VCAM1,MYBBP1A
VCAM1,ESYT1
VCAM1,TUBB6
VCAM1,PDCD10
VCAM1,GNB1L
VCAM1,UBL5
VCAM1,UCK2
VCAM1,SLIRP
VCAM1,NAT10
VCAM1,PTPN23
VCAM1,CHMP4B
VCAM1,HEATR1
VCAM1,CACYBP
VCAM1,FARSB
VCAM1,MDN1
VCAM1,SEPTIN11
VCAM1,ATAD3A
VCAM1,DDX18
VCAM1,CHCHD3
VCAM1,IGF2BP1
VCAM1,ITSN2
VCAM1,VAPA
VCAM1,RCC2
VCAM1,LARS1
VCAM1,EPS15L1
VCAM1,EIF3K
VCAM1,PFDN2
VCAM1,MRTO4
VCAM1,KIDINS220
VCAM1,CORO1C
VCAM1,PSMD13
VCAM1,DIMT1
VCAM1,RUVBL2
VCAM1,NUDC
VCAM1,GSTK1
VCAM1,MEMO1
VCAM1,MRPS23
VCAM1,RPL36
VCAM1,PRRC2C
VCAM1,YTHDF2
VCAM1,UTP18
VCAM1,SAR1B
VCAM1,IGF2BP2
NCL,CDKN1A
NCL,RHOA
NCL,HNRNPK
NCL,YBX1
NCL,E2F1
NCL,PAX8
NCL,EZH2
NCL,PARK7
TNFRSF1A,CBL
TNFRSF1A,RPS3
TNFRSF1A,FAS
TNFRSF1A,ATP5F1A
TNFRSF1A,MSN
TNFRSF1A,CAD
TNFRSF1A,CANX
TNFRSF1A,PRDX3
TNFRSF1A,DNAJA1
TNFRSF1A,H2BC3
TNFRSF1A,HSPA1L
TNFRSF1A,MYH9
TNFRSF1A,MYH10
TNFRSF1A,HSPA9
TNFRSF1A,DDOST
TNFRSF1A,HADHA
TNFRSF1A,PIK3CA
TNFRSF1A,RPS27
TNFRSF1A,MAPK8
TNFRSF1A,CSNK1A1
TNFRSF1A,TRPC1
TNFRSF1A,SSR4
TNFRSF1A,IRAK1
TNFRSF1A,ARHGDIA
TNFRSF1A,CLTCL1
TNFRSF1A,RARS1
TNFRSF1A,GYS2
TNFRSF1A,NAP1L1
TNFRSF1A,EPPK1
TNFRSF1A,MYL6
TNFRSF1A,RHOA
TNFRSF1A,SEC61A1
TNFRSF1A,PPP1CA
TNFRSF1A,RPS16
TNFRSF1A,H4C9
TNFRSF1A,RPL23
TNFRSF1A,RPS27A
TNFRSF1A,UBA52
TNFRSF1A,ACTG1
TNFRSF1A,ADAM17
TNFRSF1A,SLC25A3
TNFRSF1A,CLTC
TNFRSF1A,PRKCD
TNFRSF1A,C1QBP
TNFRSF1A,KHDRBS1
TNFRSF1A,SOS1
TNFRSF1A,SOS2
TNFRSF1A,TRAF3
TNFRSF1A,BIRC3
TNFRSF1A,TUBA3C
TNFRSF1A,HNRNPD
TNFRSF1A,RCN2
TNFRSF1A,RASA3
TNFRSF1A,KARS1
TNFRSF1A,RALBP1
TNFRSF1A,ELAVL1
TNFRSF1A,TAB1
TNFRSF1A,SLC1A5
TNFRSF1A,H3-4
TNFRSF1A,TIMM50
TNFRSF1A,MON2
TNFRSF1A,CNTRL
TNFRSF1A,TAB3
TNFRSF1A,CSNK1A1L
TNFRSF1A,GCN1
TNFRSF1A,INPP5D
TNFRSF1A,LRRC59
TNFRSF1A,SH3KBP1
TNFRSF1A,OPTN
TNFRSF1A,ERLEC1
TNFRSF1A,RNF31
TNFRSF1A,DNAJA3
TNFRSF1A,INTS14
TNFRSF1A,TUBB6
TNFRSF1A,TUBB2B
TNFRSF1A,RBCK1
TNFRSF1A,SHARPIN
TNFRSF1A,MAGEH1
TNFRSF1A,PHAX
TNFRSF1A,FANCI
TNFRSF1A,ATAD3A
TNFRSF1A,BABAM2
TNFRSF1A,DNAJB12
TNFRSF1A,TAB2
TNFRSF1A,TRPC4
TNFRSF1A,SEL1L
TNFRSF1A,TBK1
TNFRSF1A,FEM1B
TNFRSF1A,FBXW11
TNFRSF1A,TRPC5
TNFRSF1A,MYO6
TNFRSF1A,UBQLN1
TNFRSF1A,RUVBL1
TNFRSF1A,BTRC
TNFRSF1A,TRAF6
TNFRSF1A,AFG3L2
TNFRSF1A,NOX1
TNFRSF1A,ARFGEF2
SLC9A1,WNK1
RXRA,SFPQ
RXRA,CCNC
RXRA,POLR2A
RXRA,YY1
RXRA,PAX6
RXRA,PIK3R1
RXRA,RXRB
RXRA,MPG
RXRA,CRABP2
RXRA,PML
RXRA,POLR2B
RXRA,PCGF2
RXRA,ACVR1B
RXRA,POLR2I
RXRA,CDK8
RXRA,CTCF
RXRA,SMARCA4
RXRA,POLR2H
RXRA,POLR2J
RXRA,POLR2K
RXRA,HDAC4
RXRA,RAC3
RXRA,POLR2F
RXRA,WDR5
RXRA,POLR2G
RXRA,H4C9
RXRA,POLR2L
RXRA,SUMO1
RXRA,UBE2I
RXRA,H3C1
RXRA,CXADR
RXRA,H3-3A
RXRA,ARID5A
RXRA,RBBP4
RXRA,EP300
RXRA,KIF1A
RXRA,TRAF2
RXRA,TRIM32
RXRA,PLD1
RXRA,MED21
RXRA,SNW1
RXRA,KLF5
RXRA,SUZ12
RXRA,NONO
RXRA,RBBP5
RXRA,MED22
RXRA,TGIF1
RXRA,EZH2
RXRA,NFE2L2
RXRA,RBBP7
RXRA,ZNF423
RXRA,TAF1B
RXRA,MED27
RXRA,SMARCD3
RXRA,PAXIP1
RXRA,H3C14
RXRA,MED13L
RXRA,PGAP1
RXRA,JAZF1
RXRA,CARM1
RXRA,KMT2C
RXRA,ROBO4
RXRA,ESR2
RXRA,CREBBP
RXRA,MED12
RXRA,MED8
RXRA,MED30
RXRA,AJUBA
RXRA,MED15
RXRA,SIN3A
RXRA,PAGR1
RXRA,MED10
RXRA,MED18
RXRA,CDK19
RXRA,HELZ2
RXRA,TBL1XR1
RXRA,BHLHE41
RXRA,MED28
RXRA,MED20
RXRA,MED4
RXRA,MED17
RXRA,MED9
RXRA,MED29
RXRA,MED11
RXRA,ASH2L
RXRA,MED13
RXRA,DNMT3L
RXRA,MED23
RXRA,MED16
RXRA,MED31
RXRA,GRIP1
RXRA,RAD54L2
RXRA,NR2E3
HLA-DPA1,FUT4
HLA-DPA1,HBA1
HLA-DPA1,HLA-DRB1
HLA-DPA1,PNPLA6
HLA-DPA1,SFXN1
CHRM3,FPR2
CHRM3,AGTR1
CHRM3,GPR4
CHRM3,NPFFR2
TNFRSF1B,FLNA
TNFRSF1B,RPS3
TNFRSF1B,ATP5F1A
TNFRSF1B,CAD
TNFRSF1B,SERPINB3
TNFRSF1B,DNAJA1
TNFRSF1B,HSPA1L
TNFRSF1B,MYH9
TNFRSF1B,MYH10
TNFRSF1B,HSPA9
TNFRSF1B,DDOST
TNFRSF1B,RPS27
TNFRSF1B,SLC1A3
TNFRSF1B,SYK
TNFRSF1B,TUFM
TNFRSF1B,SSR4
TNFRSF1B,SLC25A1
TNFRSF1B,COPB1
TNFRSF1B,CSE1L
TNFRSF1B,EPPK1
TNFRSF1B,SEC61A1
TNFRSF1B,RPS16
TNFRSF1B,RPS14
TNFRSF1B,RPS18
TNFRSF1B,RPL23
TNFRSF1B,RPL38
TNFRSF1B,ACTG1
TNFRSF1B,SLC25A3
TNFRSF1B,CLTC
TNFRSF1B,HNRNPU
TNFRSF1B,PFKP
TNFRSF1B,SLC25A11
TNFRSF1B,EEF1A2
TNFRSF1B,C1QBP
TNFRSF1B,MAD2L1
TNFRSF1B,SQSTM1
TNFRSF1B,RIPK1
TNFRSF1B,TUBA3C
TNFRSF1B,RCN2
TNFRSF1B,RASA3
TNFRSF1B,KPNB1
TNFRSF1B,EMC2
TNFRSF1B,TRADD
TNFRSF1B,TRIP13
TNFRSF1B,SLC1A5
TNFRSF1B,PKN1
TNFRSF1B,DDB1
TNFRSF1B,TIMM50
TNFRSF1B,HEATR6
TNFRSF1B,RPS27L
TNFRSF1B,MON2
TNFRSF1B,CBWD2
TNFRSF1B,ULK2
TNFRSF1B,CSNK1A1L
TNFRSF1B,ZNF420
TNFRSF1B,GBF1
TNFRSF1B,GCN1
TNFRSF1B,TNFRSF25
TNFRSF1B,KCTD12
TNFRSF1B,DNAJA3
TNFRSF1B,TUBB2B
TNFRSF1B,XPO5
TNFRSF1B,XPNPEP3
TNFRSF1B,FANCI
TNFRSF1B,ATAD3A
TNFRSF1B,HACD3
TNFRSF1B,TBK1
TNFRSF1B,FBXW11
TNFRSF1B,MYO6
TNFRSF1B,UBQLN1
TNFRSF1B,BTRC
TNFRSF1B,TRAF6
TNFRSF1B,ASB3
NPR2,MOV10
M6PR,MOV10
M6PR,VPS51
MAG,BSG
MAG,ARHGDIA
MAG,PTPN11
CD247,DOCK1
TACR2,FPR2
TACR2,AGTR1
TACR2,GPR4
TACR2,NPFFR2
S1PR1,CNR1
S1PR1,FPR2
S1PR1,APLNR
S1PR1,AGTR2
S1PR1,GPER1
FPR1,CNR1
FPR1,FPR2
FPR1,APLNR
FPR1,AGTR2
FPR1,CXCR4
FPR1,GPER1
CNR1,C5AR1
CNR1,DRD4
CNR1,PAX3
CNR1,CXCR1
CNR1,CXCR2
CNR1,FPR3
CNR1,FPR2
CNR1,ACKR3
CNR1,NPY1R
CNR1,HTR1D
CNR1,HTR1B
CNR1,HTR2A
CNR1,HTR1E
CNR1,ADORA2A
CNR1,BDKRB2
CNR1,ADORA1
CNR1,SSTR1
CNR1,SSTR2
CNR1,HTR1F
CNR1,SSTR4
CNR1,CCR1
CNR1,CCR7
CNR1,CXCR5
CNR1,SSTR3
CNR1,CNR2
CNR1,SSTR5
CNR1,OPRM1
CNR1,APLNR
CNR1,DRD3
CNR1,OPRD1
CNR1,OPRK1
CNR1,OPRL1
CNR1,CASR
CNR1,CCR2
CNR1,PTGER3
CNR1,CCR10
CNR1,BDKRB1
CNR1,GALR1
CNR1,RAP1GAP
CNR1,HTR5A
CNR1,MTNR1A
CNR1,NPBWR1
CNR1,NPBWR2
CNR1,HCAR3
CNR1,NPY2R
CNR1,MTNR1B
CNR1,CXCR3
CNR1,AGTR2
CNR1,NPY4R
CNR1,P2RY4
CNR1,CCR3
CNR1,CCR4
CNR1,CCR5
CNR1,CCR6
CNR1,CCR8
CNR1,CCR9
CNR1,TAS2R38
CNR1,TAS2R39
CNR1,TAS2R40
CNR1,TAS2R41
CNR1,TAS2R43
CNR1,TAS2R31
CNR1,TAS2R46
CNR1,TAS2R30
CNR1,TAS2R19
CNR1,TAS2R20
CNR1,TAS2R50
CNR1,TAS2R60
CNR1,GNG2
CNR1,CXCR4
CNR1,H4C9
CNR1,GNB1
CNR1,SUMO1
CNR1,GPR17
CNR1,GPR18
CNR1,GRM2
CNR1,GRM7
CNR1,GRM3
CNR1,GRM4
CNR1,P2RY14
CNR1,NPY5R
CNR1,C3AR1
CNR1,SUMO4
CNR1,HCAR2
CNR1,OXER1
CNR1,RXFP4
CNR1,LPAR1
CNR1,MCHR2
CNR1,OXGR1
CNR1,S1PR3
CNR1,GPER1
CNR1,MCHR1
CNR1,P2RY13
CNR1,SUCNR1
CNR1,HCAR1
CNR1,NMUR2
CNR1,LPAR5
CNR1,S1PR5
CNR1,P2RY12
CNR1,HRH4
CNR1,NMUR1
CNR1,LPAR2
CNR1,RXFP3
CNR1,TAS2R16
CNR1,TAS2R14
CNR1,TAS2R13
CNR1,TAS2R10
CNR1,TAS2R9
CNR1,TAS2R8
CNR1,TAS2R7
CNR1,TAS2R5
CNR1,TAS2R4
CNR1,TAS2R3
CNR1,TAS2R1
CNR1,GABBR1
CNR1,LPAR3
CNR1,GPR55
CNR1,HRH3
CNR1,PTGDR2
NT5E,NR2F2
NT5E,RFC2
NT5E,SLC16A2
NT5E,ARL2
NT5E,MTOR
NT5E,RPL5
NT5E,RAB9A
NT5E,AFF1
NT5E,SLC7A2
NT5E,HMGA2
NT5E,ARF5
NT5E,RHOG
NT5E,ATR
NT5E,PDS5A
NT5E,HSDL1
NT5E,STEAP3
NT5E,CHD1L
NT5E,DNAAF5
NT5E,SLC41A1
NT5E,RPTOR
NT5E,RDH13
NT5E,SLC44A1
NT5E,GLMN
NT5E,ADIPOR1
NT5E,ARL8A
NT5E,SLC47A1
NT5E,CYP2S1
NT5E,SLC26A6
NT5E,GHITM
NT5E,GNL3L
NT5E,USP36
NT5E,COPG2
NT5E,XPO7
NT5E,VANGL2
NT5E,USP22
NT5E,PLAA
NT5E,SPO11
NT5E,FLVCR1
NT5E,COPG1
NT5E,SAR1B
DRD1,ADORA2B
DRD1,CALCRL
C5AR1,FPR2
C5AR1,APLNR
C5AR1,AGTR2
C5AR1,CXCR4
C5AR1,GPER1
TBXA2R,FPR2
TBXA2R,AGTR1
TBXA2R,GPR4
TBXA2R,RHOA
TBXA2R,PRDX4
TBXA2R,NPFFR2
MSR1,TRAF6
ERBB3,FOXA1
ERBB3,HBA1
ERBB3,PCGF1
ERBB3,DNAJB11
DRD4,FPR2
DRD4,APLNR
DRD4,AGTR2
DRD4,CXCR4
DRD4,GPER1
DRD5,ADORA2B
DRD5,CALCRL
KCNA3,E2F1
KCNA3,BAX
CDH3,YAP1
LHCGR,ADORA2B
LHCGR,CALCRL
ITGA6,BSG
ITGA6,MOV10
GLRA2,PKD2
MCC,GCLM
MCC,WDR5
MCC,GANAB
MCC,SFXN1
FSHR,ADORA2B
FSHR,FOXO1
FSHR,CALCRL
EDNRB,FPR2
EDNRB,AGTR1
EDNRB,GPR4
EDNRB,NPFFR2
HRH2,ADORA2B
HRH2,CALCRL
CXCR1,FPR2
CXCR1,APLNR
CXCR1,AGTR2
CXCR1,CXCR4
CXCR1,GPER1
CXCR2,FPR2
CXCR2,APLNR
CXCR2,AGTR2
CXCR2,GPER1
FPR3,FPR2
FPR3,APLNR
FPR3,AGTR2
FPR3,CXCR4
FPR3,GPER1
FPR2,ADRA1D
FPR2,EDNRA
FPR2,TACR1
FPR2,PTAFR
FPR2,ACKR3
FPR2,F2R
FPR2,NPY1R
FPR2,HTR1D
FPR2,HTR1B
FPR2,HTR2A
FPR2,HTR2C
FPR2,NMBR
FPR2,HTR1E
FPR2,TACR3
FPR2,GNA11
FPR2,BDKRB2
FPR2,ADORA1
FPR2,GRPR
FPR2,AGTR1
FPR2,OXTR
FPR2,GNA15
FPR2,SSTR1
FPR2,SSTR2
FPR2,HTR1F
FPR2,GNRHR
FPR2,NTSR1
FPR2,SSTR4
FPR2,CCKAR
FPR2,CCKBR
FPR2,CCR1
FPR2,CCR7
FPR2,CXCR5
FPR2,SSTR3
FPR2,CNR2
FPR2,TRHR
FPR2,PTGER1
FPR2,SSTR5
FPR2,ADRA1A
FPR2,HRH1
FPR2,ADRA1B
FPR2,OPRM1
FPR2,APLNR
FPR2,DRD3
FPR2,AVPR1A
FPR2,OPRD1
FPR2,OPRK1
FPR2,OPRL1
FPR2,CASR
FPR2,P2RY2
FPR2,GRM5
FPR2,HTR2B
FPR2,CCR2
FPR2,PTGFR
FPR2,PTGER3
FPR2,LPAR6
FPR2,CCR10
FPR2,GPR4
FPR2,XCR1
FPR2,BDKRB1
FPR2,GALR1
FPR2,GCGR
FPR2,HTR5A
FPR2,P2RY1
FPR2,AVPR1B
FPR2,MTNR1A
FPR2,NPBWR1
FPR2,NPBWR2
FPR2,HCAR3
FPR2,NPY2R
FPR2,MTNR1B
FPR2,CXCR3
FPR2,AGTR2
FPR2,GNAQ
FPR2,NPY4R
FPR2,P2RY4
FPR2,CCR3
FPR2,CCR4
FPR2,CCR6
FPR2,CCR8
FPR2,CCR9
FPR2,F2RL1
FPR2,TAS2R38
FPR2,TAS2R39
FPR2,TAS2R40
FPR2,TAS2R41
FPR2,TAS2R43
FPR2,TAS2R31
FPR2,TAS2R46
FPR2,TAS2R30
FPR2,TAS2R19
FPR2,TAS2R20
FPR2,TAS2R50
FPR2,TAS2R60
FPR2,GNG2
FPR2,CXCR4
FPR2,GNB1
FPR2,GNAI1
FPR2,GRM1
FPR2,GPR17
FPR2,GPR18
FPR2,GRM2
FPR2,GRM7
FPR2,GRM3
FPR2,GRM4
FPR2,P2RY6
FPR2,P2RY14
FPR2,LTB4R
FPR2,GPR68
FPR2,NPY5R
FPR2,C3AR1
FPR2,GPRC6A
FPR2,NPSR1
FPR2,GPR65
FPR2,PROKR2
FPR2,PROKR1
FPR2,HCAR2
FPR2,OXER1
FPR2,RXFP4
FPR2,LPAR1
FPR2,GHSR
FPR2,KISS1R
FPR2,MCHR2
FPR2,P2RY11
FPR2,QRFPR
FPR2,OXGR1
FPR2,F2RL3
FPR2,S1PR3
FPR2,GPER1
FPR2,LPAR4
FPR2,MCHR1
FPR2,P2RY13
FPR2,SUCNR1
FPR2,HCAR1
FPR2,NMUR2
FPR2,NPFFR1
FPR2,LPAR5
FPR2,S1PR5
FPR2,P2RY12
FPR2,HRH4
FPR2,NMUR1
FPR2,LPAR2
FPR2,LTB4R2
FPR2,CYSLTR2
FPR2,RXFP3
FPR2,TAS2R16
FPR2,TAS2R14
FPR2,TAS2R13
FPR2,TAS2R10
FPR2,TAS2R9
FPR2,TAS2R8
FPR2,TAS2R7
FPR2,TAS2R5
FPR2,TAS2R4
FPR2,TAS2R3
FPR2,TAS2R1
FPR2,GABBR1
FPR2,LPAR3
FPR2,OPN4
FPR2,UTS2R
FPR2,GPR132
FPR2,CYSLTR1
FPR2,GPR55
FPR2,HRH3
FPR2,NPFFR2
FPR2,PTGDR2
ADRA1D,AGTR1
ADRA1D,GPR4
ADRA1D,NPFFR2
EDNRA,AGTR1
EDNRA,GPR4
EDNRA,MCL1
EDNRA,NPFFR2
TACR1,AGTR1
TACR1,GPR4
TACR1,NPFFR2
PTAFR,AGTR1
PTAFR,GPR4
PTAFR,NPFFR2
ACKR3,APLNR
ACKR3,AGTR2
ACKR3,GPER1
F2R,AGTR1
F2R,GPR4
F2R,CXCR4
F2R,CAV1
F2R,MAPK14
F2R,ARRDC3
F2R,NPFFR2
FAS,MSN
FAS,U2AF2
FAS,PML
FAS,CCND3
FAS,TIA1
FAS,SREBF1
FAS,HNF4A
FAS,BAG6
FAS,BMX
FAS,ARHGDIA
FAS,PRKAG1
FAS,ARF5
FAS,CAV1
FAS,TRAF2
FAS,TRAF1
FAS,TRAF3
FAS,SQSTM1
FAS,TUBB3
FAS,TUBB2A
FAS,CTU2
FAS,ALDH1L2
FAS,RIF1
FAS,FAM91A1
FAS,MAP1S
FAS,PDXDC1
FAS,CHD1L
FAS,ALDH16A1
FAS,GPD1L
FAS,EEF1AKNMT
FAS,SPATA5
FAS,ABHD11
FAS,SFXN5
FAS,INPP5D
FAS,BAD
FAS,KAT5
FAS,FAF2
FAS,PRAM1
FAS,RUFY1
FAS,ATP6V0B
FAS,FAM118B
FAS,ECSIT
FAS,TIMM29
FAS,TUBB2B
FAS,SPATA5L1
FAS,FAIM2
FAS,DPH1
FAS,WDR11
FAS,MAP1LC3B
FAS,INTS2
FAS,HIPK2
FAS,TMX1
FAS,EHD1
FAS,ACAD9
FAS,C17orf75
FAS,PIDD1
FAS,MDN1
FAS,UFSP2
FAS,BABAM2
FAS,COX16
FAS,ONECUT1
FAS,FEM1B
FAS,UBQLN1
FAS,RUVBL2
FAS,CDYL
FAS,NDUFAF1
NPY1R,APLNR
NPY1R,AGTR2
NPY1R,CXCR4
NPY1R,GPER1
CD40,IRAK1
CD40,KHDRBS1
CD40,ERP44
ITGA3,BSG
MSN,MAPK1
MSN,ARHGDIA
MSN,CASP8
MSN,TRAF6
KLRK1,KLRD1
IL3RA,CDC25A
IL3RA,PPP1CC
IL3RA,YWHAZ
IL3RA,IL5RA
IL3RA,PTPN11
IL3RA,GAB2
ACVR2A,BMPR2
ACVR2A,PEG10
CANX,EZH2
CANX,HLA-DRB1
CANX,PARK7
CANX,TLR9
CANX,HDAC5
IL1R2,ADAM17
HTR1D,APLNR
HTR1D,AGTR2
HTR1D,CXCR4
HTR1D,GPER1
HTR1B,APLNR
HTR1B,AGTR2
HTR1B,CXCR4
HTR1B,GPER1
HTR2A,AGTR1
HTR2A,GPR4
HTR2A,NPFFR2
HTR2C,AGTR1
HTR2C,GPR4
HTR2C,NPFFR2
NMBR,AGTR1
NMBR,GPR4
NMBR,NPFFR2
HTR1E,APLNR
HTR1E,AGTR2
HTR1E,CXCR4
HTR1E,GPER1
RXRB,PCSK6
TNFRSF8,BCL6
CD1B,ADAM9
CD1B,KCNJ8
CD1B,USP22
CD1B,ALG5
GJB2,CAV1
ADORA2A,ADORA2B
ADORA2A,CALCRL
ADORA2B,AVPR2
ADORA2B,CALCR
ADORA2B,VIPR1
ADORA2B,MC4R
ADORA2B,MC5R
ADORA2B,HTR7
ADORA2B,CRHR1
ADORA2B,PTGER4
ADORA2B,ADCYAP1R1
ADORA2B,VIPR2
ADORA2B,MC3R
ADORA2B,PTGER2
ADORA2B,PTGIR
ADORA2B,GLP1R
ADORA2B,GCGR
ADORA2B,SCTR
ADORA2B,GIPR
ADORA2B,PTH2R
ADORA2B,GPR15
ADORA2B,HTR6
ADORA2B,GNG2
ADORA2B,GNB1
ADORA2B,MC2R
ADORA2B,MC1R
ADORA2B,GHRHR
ADORA2B,PTH1R
ADORA2B,PTGDR
ADORA2B,CRHR2
ADORA2B,HTR4
ADORA2B,GPR176
ADORA2B,ZNF267
ADORA2B,CALCRL
ADORA2B,NPSR1
ADORA2B,GPR150
ADORA2B,GPBAR1
ADORA2B,RXFP2
ADORA2B,P2RY11
ADORA2B,TAAR1
ADORA2B,GPR20
ADORA2B,RXFP1
ADORA2B,GPR84
ADORA2B,GPR27
ADORA2B,GPR83
ADORA2B,GPR45
EPHA8,RHOA
PTPN6,AGTR2
PTPN6,CD274
TACR3,AGTR1
TACR3,GPR4
TACR3,NPFFR2
CRABP2,EP300
CRABP2,CREBBP
AQP1,KRTAP10-3
AQP1,KRTAP10-7
AQP1,KRT33B
AQP1,KRT31
AQP1,CCDC57
AQP1,KRT40
AQP1,ADAMTSL4
AQP1,NOTCH2NLA
AQP1,IHO1
AQP1,KIAA1958
AQP1,TFAP2C
AQP1,CCDC136
AQP1,CSRNP1
AQP1,KRTAP9-2
AQP1,CRTAC1
AQP1,RIMBP3
CD6,E2F1
BDKRB2,APLNR
BDKRB2,GPR4
BDKRB2,AGTR2
BDKRB2,CXCR4
BDKRB2,GPER1
BDKRB2,NPFFR2
HLA-F,KDM5C
HLA-F,HNF4A
HLA-F,SEC24C
HLA-F,ATXN3
HLA-F,SEC13
HLA-F,LILRA4
HLA-F,MAX
HLA-F,TAP2
HLA-F,SEC23A
HLA-F,TAFAZZIN
HLA-F,LILRA3
HLA-F,ATXN3L
HLA-F,KIAA1549
HLA-F,NPHS2
HLA-F,SAR1B
AVPR2,CALCRL
ADORA1,APLNR
ADORA1,AGTR2
ADORA1,CXCR4
ADORA1,GPER1
GRPR,AGTR1
GRPR,GPR4
GRPR,NPFFR2
AGTR1,OXTR
AGTR1,GNRHR
AGTR1,NTSR1
AGTR1,CCKAR
AGTR1,CCKBR
AGTR1,TRHR
AGTR1,PTGER1
AGTR1,ADRA1A
AGTR1,HRH1
AGTR1,ADRA1B
AGTR1,AVPR1A
AGTR1,CASR
AGTR1,P2RY2
AGTR1,GRM5
AGTR1,HTR2B
AGTR1,PTGFR
AGTR1,LPAR6
AGTR1,GPR4
AGTR1,XCR1
AGTR1,BDKRB1
AGTR1,GCGR
AGTR1,P2RY1
AGTR1,AVPR1B
AGTR1,AGTR2
AGTR1,ATP12A
AGTR1,F2RL1
AGTR1,GNG2
AGTR1,GNB1
AGTR1,CAV1
AGTR1,ZBTB16
AGTR1,PTPN11
AGTR1,TRAF3
AGTR1,GRM1
AGTR1,GPR17
AGTR1,PDE6H
AGTR1,P2RY6
AGTR1,ANKRD1
AGTR1,LTB4R
AGTR1,GPR68
AGTR1,ATP2B3
AGTR1,ALG10
AGTR1,GPRC6A
AGTR1,THOC7
AGTR1,NPSR1
AGTR1,GPR65
AGTR1,VKORC1L1
AGTR1,PROKR2
AGTR1,PROKR1
AGTR1,LPAR1
AGTR1,GHSR
AGTR1,KISS1R
AGTR1,MCHR2
AGTR1,P2RY11
AGTR1,ARAP1
AGTR1,QRFPR
AGTR1,F2RL3
AGTR1,CLCC1
AGTR1,LPAR4
AGTR1,MCHR1
AGTR1,NMUR2
AGTR1,NPFFR1
AGTR1,LPAR5
AGTR1,PIGU
AGTR1,NMUR1
AGTR1,LPAR2
AGTR1,LTB4R2
AGTR1,CYSLTR2
AGTR1,C1orf112
AGTR1,ONECUT1
AGTR1,LPAR3
AGTR1,OPN4
AGTR1,UTS2R
AGTR1,GPR132
AGTR1,CYSLTR1
AGTR1,NPFFR2
OXTR,GPR4
OXTR,NPFFR2
SSTR1,APLNR
SSTR1,AGTR2
SSTR1,CXCR4
SSTR1,GPER1
SSTR2,APLNR
SSTR2,AGTR2
SSTR2,CXCR4
SSTR2,GPER1
HTR1F,APLNR
HTR1F,AGTR2
HTR1F,CXCR4
HTR1F,GPER1
GNRHR,GPR4
GNRHR,NPFFR2
CALCR,HSF2
CALCR,CALCRL
NTSR1,GPR4
NTSR1,NPFFR2
SSTR4,APLNR
SSTR4,AGTR2
SSTR4,CXCR4
SSTR4,GPER1
GABRA5,USP14
L1CAM,BSG
L1CAM,ITGA9
CCKAR,GPR4
CCKAR,NPFFR2
CCKBR,GPR4
CCKBR,NPFFR2
VIPR1,CALCRL
MC4R,CALCRL
MC4R,IL1RAP
CCR1,APLNR
CCR1,AGTR2
CCR1,CXCR4
CCR1,GPER1
CCR7,APLNR
CCR7,AGTR2
CCR7,GPER1
CXCR5,APLNR
CXCR5,AGTR2
CXCR5,GPER1
SSTR3,APLNR
SSTR3,AGTR2
SSTR3,CXCR4
SSTR3,GPER1
MC5R,CALCRL
SDC2,BAG6
CD68,HNF4A
CD68,RARS1
CD68,RALGDS
CD68,EIF2B5
CD68,SAAL1
GABRA3,USP14
RYK,ADGRA2
RYK,MOV10
HTR7,CALCRL
CNR2,APLNR
CNR2,AGTR2
CNR2,CXCR4
CNR2,GPER1
TRHR,GPR4
TRHR,NPFFR2
PTGER1,GPR4
PTGER1,NPFFR2
CRHR1,CALCRL
GPC1,PTEN
SSTR5,APLNR
SSTR5,AGTR2
SSTR5,CXCR4
SSTR5,GPER1
ADRA1A,GPR4
ADRA1A,NPFFR2
HRH1,GPR4
HRH1,NPFFR2
ADRA1B,GPR4
ADRA1B,NPFFR2
OPRM1,APLNR
OPRM1,AGTR2
OPRM1,CXCR4
OPRM1,GPER1
RORA,NRIP1
RORA,EZH2
RORA,NSD1
RORA,NOVA2
PTGER4,CALCRL
APLNR,DRD3
APLNR,OPRD1
APLNR,OPRK1
APLNR,OPRL1
APLNR,CASR
APLNR,CCR2
APLNR,PTGER3
APLNR,CCR10
APLNR,BDKRB1
APLNR,GALR1
APLNR,HTR5A
APLNR,MTNR1A
APLNR,NPBWR1
APLNR,NPBWR2
APLNR,HCAR3
APLNR,NPY2R
APLNR,MTNR1B
APLNR,CXCR3
APLNR,AGTR2
APLNR,NPY4R
APLNR,NOVA1
APLNR,P2RY4
APLNR,CCR3
APLNR,CCR4
APLNR,CCR5
APLNR,CCR6
APLNR,CCR8
APLNR,CCR9
APLNR,TAS2R38
APLNR,TAS2R39
APLNR,TAS2R40
APLNR,TAS2R41
APLNR,TAS2R43
APLNR,TAS2R31
APLNR,TAS2R46
APLNR,TAS2R30
APLNR,TAS2R19
APLNR,TAS2R20
APLNR,TAS2R50
APLNR,TAS2R60
APLNR,GNG2
APLNR,CXCR4
APLNR,GNB1
APLNR,GPR17
APLNR,GPR18
APLNR,GRM2
APLNR,GRM7
APLNR,GRM3
APLNR,GRM4
APLNR,P2RY14
APLNR,NPY5R
APLNR,C3AR1
APLNR,HCAR2
APLNR,OXER1
APLNR,RXFP4
APLNR,LPAR1
APLNR,MCHR2
APLNR,OXGR1
APLNR,S1PR3
APLNR,GPER1
APLNR,MCHR1
APLNR,P2RY13
APLNR,SUCNR1
APLNR,HCAR1
APLNR,NMUR2
APLNR,LPAR5
APLNR,S1PR5
APLNR,P2RY12
APLNR,HRH4
APLNR,NMUR1
APLNR,LPAR2
APLNR,RXFP3
APLNR,TAS2R16
APLNR,TAS2R14
APLNR,TAS2R13
APLNR,TAS2R10
APLNR,TAS2R9
APLNR,TAS2R8
APLNR,TAS2R7
APLNR,TAS2R5
APLNR,TAS2R4
APLNR,TAS2R3
APLNR,TAS2R1
APLNR,GABBR1
APLNR,LPAR3
APLNR,NOVA2
APLNR,GPR55
APLNR,HRH3
APLNR,PTGDR2
DRD3,AGTR2
DRD3,CXCR4
DRD3,GPER1
BSG,ATP7B
BSG,VHL
BSG,MTOR
BSG,SYK
BSG,UBE2A
BSG,METAP2
BSG,KNTC1
BSG,ATP1B3
BSG,VCP
BSG,MAX
BSG,SUMO2
BSG,TUBB4B
BSG,SLC7A9
BSG,COG7
BSG,SLC7A5
BSG,EWSR1
BSG,ATP7A
BSG,VAC14
BSG,CDC16
BSG,MAD2L1
BSG,ATM
BSG,PPIL2
BSG,TARBP1
BSG,OS9
BSG,MTX1
BSG,ATR
BSG,CUL3
BSG,TUBB2A
BSG,COG2
BSG,FASTKD3
BSG,LARS2
BSG,IQCB1
BSG,NEDD8
BSG,PDS5A
BSG,FASTKD1
BSG,EARS2
BSG,SLC25A30
BSG,VPS53
BSG,STEAP3
BSG,HEATR6
BSG,DESI1
BSG,ACAD10
BSG,SLC25A24
BSG,RINT1
BSG,TTI2
BSG,C3orf33
BSG,EDC4
BSG,PRPF8
BSG,INTS5
BSG,SAMD1
BSG,USP50
BSG,VPS35L
BSG,SYVN1
BSG,NOP9
BSG,NLRX1
BSG,CAND1
BSG,DNAAF5
BSG,VPS52
BSG,GPD1L
BSG,DYNC2LI1
BSG,COG1
BSG,PTPMT1
BSG,ASB5
BSG,SLC7A6
BSG,NCSTN
BSG,GCN1
BSG,SYMPK
BSG,TBRG4
BSG,FAM162A
BSG,EXOC4
BSG,TTC28
BSG,INTS12
BSG,OTUB1
BSG,COG3
BSG,VPS50
BSG,EXOC2
BSG,HSPA12B
BSG,COG8
BSG,HAUS7
BSG,FAM118B
BSG,TUBA1C
BSG,APOL2
BSG,MYBBP1A
BSG,TBCD
BSG,DDX23
BSG,TUBB2B
BSG,XPO4
BSG,NDEL1
BSG,PARL
BSG,HAUS4
BSG,RANBP3
BSG,COG4
BSG,RSAD1
BSG,FBXO6
BSG,SLC7A10
BSG,PDS5B
BSG,MDN1
BSG,AGPAT5
BSG,EXOC1
BSG,GNL3L
BSG,ATXN10
BSG,COMMD3
BSG,SEL1L
BSG,C19orf25
BSG,SLC7A8
BSG,IPO11
BSG,XPO7
BSG,VPS51
BSG,CDC23
BSG,CORO1C
BSG,SLC7A7
BSG,COG5
BSG,SLC7A11
BSG,DNM3
BSG,TELO2
BSG,ASB1
KDR,CSNK1D
KDR,YWHAG
KDR,PRKCZ
KDR,RALGDS
KDR,PAK1
KDR,CUL1
KDR,NCOA4
KDR,DOCK1
KDR,EEA1
KDR,TUT7
KDR,NAXD
KDR,FBXO25
KDR,PALLD
KDR,ELMO1
KDR,ELMO2
KDR,TMEM204
KDR,MAP1LC3C
KDR,MAP1LC3B
KDR,TXNIP
KDR,MAP1LC3A
KDR,BTRC
KDR,AAR2
KDR,ZSCAN21
KDR,EPN1
BMPR1A,CAV1
BMPR1A,AHNAK
BMPR1A,PEG10
BMPR1A,NEDD4L
ACVR1B,HPCAL1
ACVR1B,BAG6
ACVR1B,NOVA1
ACVR1B,NCALD
ACVR1B,NCS1
ACVR1B,AP2B1
ACVR1B,HPCA
ACVR1B,AP1B1
ACVR1B,BAMBI
ACVR1B,OS9
ACVR1B,PTCH1
ACVR1B,TSC22D1
ACVR1B,ELAVL1
ACVR1B,PEG10
ACVR1B,WWC1
ACVR1B,NEDD1
ACVR1B,TSPAN17
ACVR1B,OTUB1
ACVR1B,NEDD4L
ACVR1B,TSNAX
ACVR1B,DOK1
ACVR1B,SMO
ACVR1B,VPS16
ACVR1B,ZNF644
ACVR1B,TMEM30A
ACVR1B,NOVA2
ACVR1B,PTCH2
TGFBR1,NOTCH1
TGFBR1,EP300
TGFBR1,KEAP1
TGFBR1,MAPK14
TGFBR1,PEG10
LTBR,HDAC5
ACVRL1,PEG10
TGFBR2,PEG10
TGFBR2,NEDD4L
PPARG,ANP32A
PPARG,BCL6
PPARG,STAT1
PPARG,STAT5A
PPARG,NR4A2
PPARG,NEDD4
PPARG,RFX5
PPARG,CDK8
PPARG,CDC34
PPARG,SERPINH1
PPARG,SCNN1G
PPARG,SMARCA4
PPARG,MECP2
PPARG,PRKAA2
PPARG,PRMT2
PPARG,SCAND1
PPARG,SUMO2
PPARG,WDR5
PPARG,LMO4
PPARG,YWHAG
PPARG,H3-3A
PPARG,MDM2
PPARG,KIF1A
PPARG,PRKAA1
PPARG,MED21
PPARG,SETDB1
PPARG,RBBP5
PPARG,MED22
PPARG,TGIF1
PPARG,ZNHIT3
PPARG,TRIP4
PPARG,JMJD1C
PPARG,NFKBIB
PPARG,EZH2
PPARG,TAFAZZIN
PPARG,CCDC88A
PPARG,LRIF1
PPARG,CEP350
PPARG,MED27
PPARG,MED13L
PPARG,MED25
PPARG,PPARGC1B
PPARG,ZSCAN1
PPARG,ESR2
PPARG,KAT2A
PPARG,KAT5
PPARG,MED12
PPARG,ZBTB9
PPARG,OPTN
PPARG,MED8
PPARG,MED30
PPARG,ZNF496
PPARG,NSD1
PPARG,MED15
PPARG,PSMD1
PPARG,PHB2
PPARG,MED10
PPARG,MED18
PPARG,HNRNPUL1
PPARG,CDK19
PPARG,FOXP3
PPARG,MED28
PPARG,KDM4C
PPARG,RANBP3
PPARG,MED20
PPARG,ZBTB20
PPARG,CHD8
PPARG,MED4
PPARG,MED17
PPARG,MED9
PPARG,MED29
PPARG,MED11
PPARG,ASH2L
PPARG,MED13
PPARG,NOCT
PPARG,MED23
PPARG,MAFF
PPARG,MED16
PPARG,MED31
PPARG,GRIP1
PPARG,NFE2L3
PPARG,RAD54L2
PPARG,NR2E3
AVPR1A,GPR4
AVPR1A,NPFFR2
CD96,KCMF1
OPRD1,AGTR2
OPRD1,CXCR4
OPRD1,GPER1
OPRK1,AGTR2
OPRK1,CXCR4
OPRK1,GPER1
OPRL1,AGTR2
OPRL1,CXCR4
OPRL1,GPER1
CASR,GPR4
CASR,AGTR2
CASR,GPER1
CASR,NPFFR2
P2RY2,GPR4
P2RY2,MOV10
P2RY2,NPFFR2
ADCYAP1R1,CALCRL
VIPR2,CALCRL
GRM5,GPR4
GRM5,NPFFR2
HTR2B,GPR4
HTR2B,NPFFR2
CCR2,AGTR2
CCR2,GPER1
MC3R,CALCRL
GRIA1,CTSC
GRIA2,CSPG4
PIK3CB,TFCP2
PIK3CB,KLRD1
IL12RB1,EP300
IL12RB1,CREBBP
IL12RB1,LOXL2
LIFR,NOVA2
PTGFR,GPR4
PTGFR,NPFFR2
PTGER3,AGTR2
PTGER3,CXCR4
PTGER3,GPER1
PTGER2,CALCRL
PTGIR,CALCRL
DCC,E2F1
DCC,PTPN11
DCC,GANAB
GLP1R,CALCRL
KIR2DS2,ERAP1
LPAR6,GPR4
LPAR6,ATM
LPAR6,NPFFR2
CHRNA4,NOVA2
CCR10,AGTR2
CCR10,CXCR4
CCR10,GPER1
GPR4,XCR1
GPR4,BDKRB1
GPR4,GCGR
GPR4,P2RY1
GPR4,AVPR1B
GPR4,GNAQ
GPR4,F2RL1
GPR4,GNG2
GPR4,GNB1
GPR4,GRM1
GPR4,GPR17
GPR4,P2RY6
GPR4,LTB4R
GPR4,GPR68
GPR4,GPRC6A
GPR4,NPSR1
GPR4,GPR65
GPR4,PROKR2
GPR4,PROKR1
GPR4,LPAR1
GPR4,GHSR
GPR4,KISS1R
GPR4,MCHR2
GPR4,P2RY11
GPR4,QRFPR
GPR4,F2RL3
GPR4,LPAR4
GPR4,MCHR1
GPR4,NMUR2
GPR4,NPFFR1
GPR4,LPAR5
GPR4,NMUR1
GPR4,LPAR2
GPR4,LTB4R2
GPR4,CYSLTR2
GPR4,LPAR3
GPR4,OPN4
GPR4,UTS2R
GPR4,GPR132
GPR4,CYSLTR1
GPR4,NPFFR2
XCR1,NPFFR2
NOTCH1,MAP2K3
NOTCH1,NEDD4
NOTCH1,CAPZB
NOTCH1,TRAPPC10
NOTCH1,CCT5
NOTCH1,CCT3
NOTCH1,ARRB1
NOTCH1,ACADVL
NOTCH1,KNTC1
NOTCH1,LRBA
NOTCH1,CCT8
NOTCH1,CCT4
NOTCH1,RAB7A
NOTCH1,SMARCA4
NOTCH1,HCFC1
NOTCH1,MAP2K6
NOTCH1,PPP5C
NOTCH1,ACLY
NOTCH1,LIMK2
NOTCH1,ATXN1
NOTCH1,NCKAP1L
NOTCH1,MARS1
NOTCH1,LOXL3
NOTCH1,RND3
NOTCH1,RPS16
NOTCH1,RPS14
NOTCH1,PPP2CB
NOTCH1,RBX1
NOTCH1,RPS27A
NOTCH1,PPP2R2A
NOTCH1,PPP2CA
NOTCH1,EEF1A1
NOTCH1,TUBA1B
NOTCH1,CCT2
NOTCH1,PRKDC
NOTCH1,CRB1
NOTCH1,ERH
NOTCH1,CCZ1
NOTCH1,RBM10
NOTCH1,RUNX1
NOTCH1,CACNA1D
NOTCH1,OCRL
NOTCH1,FKBP4
NOTCH1,TOP2B
NOTCH1,CREM
NOTCH1,NOTCH2
NOTCH1,REL
NOTCH1,EEF1A2
NOTCH1,PRKCD
NOTCH1,EN1
NOTCH1,RING1
NOTCH1,POLE
NOTCH1,SRSF4
NOTCH1,SLFN5
NOTCH1,RBBP4
NOTCH1,MAP3K12
NOTCH1,FLII
NOTCH1,TRIM32
NOTCH1,GPS1
NOTCH1,PRKAA1
NOTCH1,SRSF6
NOTCH1,TRIM28
NOTCH1,PABPC4
NOTCH1,ILK
NOTCH1,IKZF1
NOTCH1,FKBP5
NOTCH1,ROCK1
NOTCH1,HDAC1
NOTCH1,TUBA3C
NOTCH1,HLTF
NOTCH1,DHX8
NOTCH1,SMC1A
NOTCH1,CHD4
NOTCH1,KPNB1
NOTCH1,NCAPH
NOTCH1,STK38
NOTCH1,LLGL1
NOTCH1,TAB1
NOTCH1,CAMK4
NOTCH1,IFI16
NOTCH1,PDS5A
NOTCH1,BCL7A
NOTCH1,RILPL1
NOTCH1,PPP6R3
NOTCH1,CRB2
NOTCH1,EOGT
NOTCH1,NOL9
NOTCH1,CFAP58
NOTCH1,UTP14C
NOTCH1,RIF1
NOTCH1,SPTY2D1
NOTCH1,CARMIL2
NOTCH1,LLGL2
NOTCH1,PRPF8
NOTCH1,TUBA3E
NOTCH1,SMARCD3
NOTCH1,RANBP10
NOTCH1,MPRIP
NOTCH1,GADL1
NOTCH1,MED25
NOTCH1,TUBA1A
NOTCH1,EIF3M
NOTCH1,MEPCE
NOTCH1,BRAP
NOTCH1,SLFN11
NOTCH1,DDX53
NOTCH1,PBRM1
NOTCH1,CAND1
NOTCH1,HOOK3
NOTCH1,TMEM17
NOTCH1,ARMC8
NOTCH1,NAXD
NOTCH1,FTSJ3
NOTCH1,ASCC3
NOTCH1,STAG2
NOTCH1,ZBTB2
NOTCH1,ANKRD44
NOTCH1,BMPER
NOTCH1,SUMF1
NOTCH1,ATP6V1C2
NOTCH1,NUP43
NOTCH1,PSMA8
NOTCH1,SMARCC2
NOTCH1,ENKUR
NOTCH1,DNAH5
NOTCH1,HDAC7
NOTCH1,BCL7C
NOTCH1,STAG1
NOTCH1,GATAD2B
NOTCH1,KAT6B
NOTCH1,HDAC2
NOTCH1,DDX17
NOTCH1,SMARCC1
NOTCH1,TNPO1
NOTCH1,ARHGEF2
NOTCH1,USP7
NOTCH1,HDAC10
NOTCH1,VPS33A
NOTCH1,LENG1
NOTCH1,DDIT4L
NOTCH1,RMC1
NOTCH1,HOOK2
NOTCH1,SMARCD1
NOTCH1,NGLY1
NOTCH1,LOXL4
NOTCH1,VPS39
NOTCH1,NEDD4L
NOTCH1,TRAPPC9
NOTCH1,TRNT1
NOTCH1,RANBP9
NOTCH1,MMS19
NOTCH1,TCF12
NOTCH1,RNF2
NOTCH1,MAP3K14
NOTCH1,TBCD
NOTCH1,UTP14A
NOTCH1,TRAIP
NOTCH1,SRRT
NOTCH1,WDR11
NOTCH1,TBL1XR1
NOTCH1,BCL11B
NOTCH1,WWTR1
NOTCH1,WWP1
NOTCH1,ANAPC1
NOTCH1,VPS11
NOTCH1,TRIOBP
NOTCH1,SNX25
NOTCH1,BICC1
NOTCH1,NOL6
NOTCH1,RPAP3
NOTCH1,MOB1A
NOTCH1,XPO5
NOTCH1,CWC22
NOTCH1,WDR6
NOTCH1,ANLN
NOTCH1,LATS2
NOTCH1,MDN1
NOTCH1,MED17
NOTCH1,HPF1
NOTCH1,DDX43
NOTCH1,ANKFY1
NOTCH1,ABCF2
NOTCH1,SUSD2
NOTCH1,EGFL7
NOTCH1,ATP6V1H
NOTCH1,HOOK1
NOTCH1,CDC23
NOTCH1,ANAPC7
NOTCH1,ANAPC5
NOTCH1,IKZF2
NOTCH1,IKZF3
NOTCH1,HDAC9
NOTCH1,MED23
NOTCH1,NOTCH3
NOTCH1,PRPF19
NOTCH1,PPP6R1
NOTCH1,PHF8
NOTCH1,EXO1
NOTCH1,SMC3
NOTCH1,HDAC5
NOTCH1,RTRAF
NOTCH1,LRCH1
NOTCH1,KIF3A
NOTCH1,RBM19
NOTCH1,USP15
NOTCH1,LOXL2
NOTCH1,AFG3L2
NOTCH1,ARIH1
NOTCH1,ATP6V1D
NOTCH1,CSAD
NOTCH1,LRRFIP2
NOTCH1,EPN1
NOTCH1,MAU2
BDKRB1,AGTR2
BDKRB1,CXCR4
BDKRB1,GPER1
BDKRB1,NPFFR2
GALR1,AGTR2
GALR1,CXCR4
GALR1,GPER1
GABRA2,USP14
GCGR,BMPR2
GCGR,CALCRL
GCGR,TP63
GCGR,NPFFR2
SCTR,CALCRL
HTR5A,AGTR2
HTR5A,CXCR4
HTR5A,GPER1
P2RY1,NPFFR2
AVPR1B,NPFFR2
MTNR1A,AGTR2
MTNR1A,CXCR4
MTNR1A,GPER1
MTNR1A,DNAJB11
NPBWR1,AGTR2
NPBWR1,CXCR4
NPBWR1,GPER1
NPBWR2,AGTR2
NPBWR2,CXCR4
NPBWR2,GPER1
GABRA4,USP14
LEPR,LRP1
LEPR,PDE3A
LEPR,BBS1
CD151,DST
CD151,PLEC
CD151,BCL7A
CD151,DYNC2LI1
CD151,RNF128
GIPR,CALCRL
IFNAR2,EP300
ADGRE5,MAX
ADGRE5,CUL1
ADGRE5,HNRNPD
ADGRE5,TMEM63B
ADGRE5,XRN1
ADGRE5,KNL1
ADGRE5,TMEM171
ADGRE5,LPAR1
ADGRE5,TFAP2C
ADGRE5,GOLT1B
ADGRE5,SAMHD1
HCAR3,AGTR2
HCAR3,CXCR4
HCAR3,GPER1
NPY2R,AGTR2
NPY2R,CXCR4
NPY2R,GPER1
PTH2R,CALCRL
MTNR1B,AGTR2
MTNR1B,CXCR4
MTNR1B,RNF123
MTNR1B,GPER1
CXCR3,AGTR2
CXCR3,GPER1
GPR15,CALCRL
AGTR2,NPY4R
AGTR2,P2RY4
AGTR2,CCR3
AGTR2,CCR4
AGTR2,CCR5
AGTR2,CCR6
AGTR2,CCR8
AGTR2,CCR9
AGTR2,TAS2R38
AGTR2,TAS2R39
AGTR2,TAS2R40
AGTR2,TAS2R41
AGTR2,TAS2R43
AGTR2,TAS2R31
AGTR2,TAS2R46
AGTR2,TAS2R30
AGTR2,TAS2R19
AGTR2,TAS2R20
AGTR2,TAS2R50
AGTR2,TAS2R60
AGTR2,GNG2
AGTR2,CXCR4
AGTR2,GNB1
AGTR2,GNAS
AGTR2,GPR17
AGTR2,SNTA1
AGTR2,GPR18
AGTR2,GRM2
AGTR2,GRM7
AGTR2,GRM3
AGTR2,GRM4
AGTR2,P2RY14
AGTR2,NPY5R
AGTR2,C3AR1
AGTR2,HCAR2
AGTR2,OXER1
AGTR2,RXFP4
AGTR2,LPAR1
AGTR2,MCHR2
AGTR2,OXGR1
AGTR2,ERBIN
AGTR2,S1PR3
AGTR2,GPER1
AGTR2,MCHR1
AGTR2,P2RY13
AGTR2,SUCNR1
AGTR2,HCAR1
AGTR2,NMUR2
AGTR2,LPAR5
AGTR2,S1PR5
AGTR2,P2RY12
AGTR2,HRH4
AGTR2,NMUR1
AGTR2,LPAR2
AGTR2,RXFP3
AGTR2,TAS2R16
AGTR2,TAS2R14
AGTR2,TAS2R13
AGTR2,TAS2R10
AGTR2,TAS2R9
AGTR2,TAS2R8
AGTR2,TAS2R7
AGTR2,TAS2R5
AGTR2,TAS2R4
AGTR2,TAS2R3
AGTR2,TAS2R1
AGTR2,GABBR1
AGTR2,LPAR3
AGTR2,GPR55
AGTR2,HRH3
AGTR2,PTGDR2
NPY4R,CXCR4
NPY4R,GPER1
HTR6,ATM
HTR6,CALCRL
RORC,EP300
RORC,FOXO1
RORC,CREBBP
P2RY4,CXCR4
P2RY4,GPER1
GPC3,PAX9
GPC3,RAB38
GPC3,PSMA6
GPC3,RPS14
GPC3,CENPE
GPC3,PMPCA
GPC3,GTF3C1
GPC3,LMAN2
GPC3,TARBP1
GPC3,TDG
GPC3,RAB32
GPC3,ITPR1
GPC3,RNPS1
GPC3,DLGAP5
GPC3,TAF5
GPC3,TAF11
GPC3,TAFAZZIN
GPC3,ESCO2
GPC3,ESCO1
GPC3,HABP4
GPC3,SPOUT1
GPC3,DDI2
GPC3,VPS13D
GPC3,SDHAF4
GPC3,SPTY2D1
GPC3,NAA16
GPC3,NOTUM
GPC3,MPRIP
GPC3,VPS13B
GPC3,UBR1
GPC3,UBR2
GPC3,FANCM
GPC3,RPTOR
GPC3,ZGPAT
GPC3,DDX51
GPC3,SERBP1
GPC3,HMGCLL1
GPC3,DDI1
GPC3,RAD50
GPC3,BRF1
GPC3,FOXRED1
GPC3,DDX11
GPC3,VPS39
GPC3,NEDD4L
GPC3,VPS35
GPC3,PIP5K1A
GPC3,EBNA1BP2
GPC3,MKNK1
GPC3,POLR3C
GPC3,NAA15
GPC3,NXF2
GPC3,NXF5
GPC3,CDT1
GPC3,TRIOBP
GPC3,SNX25
GPC3,RWDD1
GPC3,NXF3
GPC3,HEATR1
GPC3,UPF2
GPC3,MRPS30
GPC3,ANLN
GPC3,BAZ1A
GPC3,DDX18
GPC3,HPF1
GPC3,SDHAF2
GPC3,RCC2
GPC3,ABCD2
GPC3,NXF1
GPC3,APPL1
GPC3,NOVA2
GPC3,TRAK1
GPC3,PIKFYVE
GPC3,WBP11
GPC3,MRPS16
GPC3,HYOU1
GPC3,CTDP1
CCR3,CXCR4
CCR3,GPER1
CCR4,CXCR4
CCR4,GPER1
CCR5,GPER1
CCR6,CXCR4
CCR6,GPER1
CCR8,CXCR4
CCR8,GPER1
CCR9,CXCR4
CCR9,GPER1
KCNQ1,NEDD4L
PLXNA3,HSF2
EFNA3,RHOA
EFNA4,RHOA
EFNA4,MOV10
EFNB2,RHOA
EFNB2,PTK2
SLC16A1,TRAF6
EPHB3,RHOA
EPHB3,PTK2
EPHB4,RHOA
EPHB1,RHOA
F2RL1,MOV10
F2RL1,NPFFR2
CDH13,CASP8
CDH13,NOVA2
GFRA1,PTPN11
JAM2,YBX1
NRXN2,NOVA2
TAS2R38,CXCR4
TAS2R38,GPER1
TAS2R39,CXCR4
TAS2R39,GPER1
TAS2R40,CXCR4
TAS2R40,GPER1
TAS2R41,CXCR4
TAS2R41,LASP1
TAS2R41,GPER1
TAS2R43,CXCR4
TAS2R43,GPER1
TAS2R31,CXCR4
TAS2R31,GPER1
TAS2R46,CXCR4
TAS2R46,GPER1
TAS2R30,CXCR4
TAS2R30,GPER1
TAS2R19,CXCR4
TAS2R19,GPER1
TAS2R20,CXCR4
TAS2R20,GPER1
TAS2R50,CXCR4
TAS2R50,GPER1
TAS2R60,CXCR4
TAS2R60,GPER1
LILRA4,PTPN11
CD81,HNRNPK
CD81,KHDRBS1
CD81,LASP1
CXCR4,RELA
CXCR4,CD164
CXCR4,GPR17
CXCR4,GPR18
CXCR4,GRM2
CXCR4,GRM7
CXCR4,GRM3
CXCR4,GRM4
CXCR4,P2RY14
CXCR4,NPY5R
CXCR4,C3AR1
CXCR4,DBN1
CXCR4,H2AC20
CXCR4,TMEM63B
CXCR4,SUMO4
CXCR4,H2AC18
CXCR4,H2AW
CXCR4,H2AC21
CXCR4,HCAR2
CXCR4,OXER1
CXCR4,RXFP4
CXCR4,LPAR1
CXCR4,KAT5
CXCR4,H2AC6
CXCR4,MCHR2
CXCR4,H2AC12
CXCR4,OXGR1
CXCR4,H2AC1
CXCR4,GPER1
CXCR4,MCHR1
CXCR4,H2AC14
CXCR4,P2RY13
CXCR4,H2AJ
CXCR4,SUCNR1
CXCR4,HCAR1
CXCR4,NMUR2
CXCR4,LPAR5
CXCR4,S1PR5
CXCR4,P2RY12
CXCR4,HRH4
CXCR4,NMUR1
CXCR4,LPAR2
CXCR4,ATP13A2
CXCR4,RXFP3
CXCR4,TAS2R16
CXCR4,TAS2R14
CXCR4,TAS2R13
CXCR4,TAS2R10
CXCR4,TAS2R9
CXCR4,TAS2R8
CXCR4,TAS2R7
CXCR4,TAS2R5
CXCR4,TAS2R4
CXCR4,TAS2R3
CXCR4,TAS2R1
CXCR4,LPAR3
CXCR4,GNG8
CXCR4,FOXA2
CXCR4,GPR55
CXCR4,HRH3
CXCR4,PTGDR2
ACTR2,PTK2
ACTR2,BAK1
ACTR2,METTL3
ACTR2,XRN1
ACTR2,NEDD4L
ACTR2,TRAF6
STX1B,BECN1
STX1B,NEDD4L
TSPAN5,NOVA2
RACK1,PTPN11
RACK1,PRDX4
RACK1,SMAD4
RACK1,HDAC2
RACK1,PARK7
RACK1,DCAF13
RACK1,TRAF6
KCNJ2,KCNJ16
FKBP1B,HMGCS1
FKBP1B,PTPN11
FKBP1B,PRDX4
FKBP1B,NEDD4L
SIRPA,TFCP2
SIRPA,NR0B2
GPC5,NEDD4L
GABRE,KCNJ8
GABRE,ALG9
DLG4,PRDX1
DLG4,KHDRBS1
DLG4,CYP24A1
DLG4,MBTPS1
DLG4,EZH2
DLG4,NET1
DLG4,SIRT2
DLG4,RYBP
DLG4,PHYHIP
DLG4,HDAC2
DLG4,KCNJ16
KCNJ10,KCNJ16
SMAD3,FLI1
SMAD3,ID3
SMAD3,CAV1
SMAD3,KEAP1
SMAD3,CCNG2
SMAD3,TP63
PKD1,ID2
PKD1,DDR1
PKD1,CNGB1
PKD1,SF1
PKD1,MAPK11
PKD1,CNGA2
PKD1,MAPK14
PKD1,CNGA4
PKD1,EXOC8
PKD1,EXOC6
PKD1,EXOC4
PKD1,EXOC2
PKD1,RAB3IP
PKD1,GAN
PKD1,EXOC1
PKD1,PKD2L1
PKD1,HDAC9
PKD1,ASAP1
PKD1,EXOC7
IL5RA,PTPN11
IL1RL1,IL1RAP
IL1RL1,TRAF6
MC2R,CALCRL
MC1R,CALCRL
ROR2,MOV10
TNFRSF17,TRAF6
CNTN2,EP300
CNTN2,CREBBP
CNTN2,TRAF6
DSG1,EZH2
DSG1,RNF123
GHRHR,CALCRL
TEK,SOS1
TEK,CBFB
CAV1,MCL1
CAV1,KCNMA1
CAV1,FAP
CAV1,SQSTM1
CAV1,PTCH1
CAV1,BMPR2
CAV1,SCARB2
CAV1,MLC1
CAV1,PTPA
CAV1,TMED2
CAV1,NEDD8
CAV1,STX1A
CAV1,DBN1
CAV1,PTGIS
CAV1,TXNRD1
CAV1,TMEM63B
CAV1,TAPT1
CAV1,MBOAT1
CAV1,TMEM17
CAV1,NOSTRIN
CAV1,ANKRD13A
CAV1,SH2D3C
CAV1,MYRIP
CAV1,STOML3
CAV1,AQP3
CAV1,UFD1
CAV1,CAVIN3
CAV1,ITCH
CAV1,RADIL
CAV1,DLC1
CAV1,TSG101
CAV1,SELENOS
CAV1,UBXN6
CAV1,MAP1LC3B
CAV1,SLC22A4
CAV1,TOLLIP
CAV1,PCED1A
CAV1,ATG5
CAV1,PTPN23
CAV1,CHMP4B
CAV1,GLIPR2
CAV1,FNDC4
CAV1,MOV10
CAV1,FGFR1OP2
CAV1,VAPA
CAV1,TMEM216
CAV1,EPS15L1
CAV1,TRPC4
CAV1,SPAST
CAV1,NXF1
CAV1,KDM5B
CAV1,DMBT1
CAV1,CORO1C
CAV1,PROCR
CAV1,PLAA
CAV1,CD2AP
PLAUR,MBTPS1
PLAUR,LOXL2
PTH1R,CALCRL
NOTCH2,EP300
NOTCH2,HDAC2
NOTCH2,CREBBP
NOTCH2,NEDD4L
NOTCH2,LOXL2
GRIN1,PTPN11
GRIN1,RPS6KA1
SLC18A2,PARK7
APLP2,HDAC5
C1QBP,SIRT1
C1QBP,HDAC5
C1QBP,CHCHD2
CKAP4,MOV10
ENPEP,OXLD1
ENPEP,UGT2A3
ENPEP,UGT2B28
ENPEP,UGT1A7
ENPEP,UGT1A10
ENPEP,UGT1A8
ENPEP,UGT2A1
PPARA,CREBBP
DDR1,MOV10
MERTK,NEDD4L
KLRB1,NR0B2
DLG1,ADGRA2
TRAF3,CREBBP
TRAF3,IL1RAP
GRIN2B,RPS6KA1
GRIN2B,NOVA2
KLRD1,TREM2
GRM1,NPFFR2
PTGDR,CALCRL
STX3,BECN1
STX3,NEDD4L
SLAMF1,BECN1
SLAMF1,ERAP1
GPR17,GPER1
GPR17,NPFFR2
CRHR2,CALCRL
RIPK1,SIRT2
PKD2,CUL1
PKD2,HERPUD1
PKD2,TAFAZZIN
PKD2,CEP170
PKD2,KRT40
PKD2,RYR2
PKD2,WWTR1
PKD2,NPHS2
PKD2,NRIP3
PKD2,TMEM248
PKD2,KCTD5
PKD2,FBXW11
PKD2,BTRC
PTCH1,ENDOG
PTCH1,CHPF
PTCH1,NEDD4L
HTR4,CALCRL
ACVR2B,BMPR2
ACVR2B,PEG10
BMPR2,PRKG1
BMPR2,TSR1
BMPR2,TWF2
BMPR2,CES3
BMPR2,PDZRN4
BMPR2,ZFYVE16
BMPR2,VN1R4
BMPR2,SH3GLB2
BMPR2,PYCARD
BMPR2,SH3GLB1
CACNA1C,SIRT1
CACNA1C,NOVA2
LRP8,MYLIP
LRP8,MOV10
GPR18,GPER1
GRM2,GPER1
GPR176,CALCRL
ITPR3,PCGF1
IL13RA2,CASP8
DIP2A,JMJD6
GRM7,GPER1
GRM3,GPER1
GRM4,GPER1
P2RY6,NPFFR2
PDCD1,AGO1
EBP,MOV10
P2RY14,GPER1
TLR1,TRAF6
LTB4R,NPFFR2
GPR68,NPFFR2
MYLK,GOPC
MYLK,ANLN
NPY5R,GPER1
CD226,TIGIT
SMAD2,CCNG2
SMAD2,RNF123
SMAD2,TP63
SMAD2,IL1RAP
SMAD1,CREBBP
NTRK3,NOVA2
C3AR1,GPER1
CALCRL,GNAS
CALCRL,NPSR1
CALCRL,GPR150
CALCRL,GPBAR1
CALCRL,RXFP2
CALCRL,P2RY11
CALCRL,TAAR1
CALCRL,GPR20
CALCRL,RXFP1
CALCRL,GPR84
CALCRL,GPR27
CALCRL,GPR83
CALCRL,GPR45
STX1A,NEDD4L
OCLN,NEDD4L
SFRP5,SIRT1
SFRP5,DNMT3B
GPRC6A,NPFFR2
IL23R,CREBBP
SCARA3,SETD2
SCARA3,MOV10
SFRP4,SIRT1
JMJD6,AEBP2
JMJD6,RBM23
JMJD6,SLFN12
JMJD6,DOCK3
JMJD6,FAM9A
JMJD6,KCTD17
JMJD6,PRPF38A
JMJD6,KAT5
JMJD6,STAC3
JMJD6,FRMD6
JMJD6,NSRP1
JMJD6,CLK4
JMJD6,MOV10
JMJD6,ZCCHC17
JMJD6,DMAP1
JMJD6,ANKEF1
JMJD6,NHP2
JMJD6,KCTD5
JMJD6,PHRF1
JMJD6,NXF1
JMJD6,HMGXB4
JMJD6,LUC7L2
JMJD6,ZNF451
CSPG4,GSPT2
CSPG4,SORT1
CSPG4,ZNF644
CSPG4,TBC1D7
NPSR1,NPFFR2
GPR65,NPFFR2
CD177,PROCR
PROKR2,NPFFR2
MCFD2,HDAC2
VANGL1,SMYD3
PROKR1,NPFFR2
HAVCR2,SH2D2A
HAVCR2,SH2B3
HCAR2,GPER1
OXER1,GPER1
RXFP4,GPER1
IGDCC4,NOVA2
HTR3C,ALG9
NCSTN,SFXN1
LPAR1,GPER1
LPAR1,NPFFR2
ESR2,CREBBP
RYR2,NOVA2
DLG3,NEDD4L
GHSR,NPFFR2
NEO1,NOVA2
KISS1R,NPFFR2
MCHR2,GPER1
MCHR2,NPFFR2
ADIPOR1,MOV10
HAVCR1,UBQLN4
IL17RA,FOXP3
IL17RA,TRAF6
TSPAN17,MOV10
P2RY11,NPFFR2
ROBO3,NEDD4L
QRFPR,NPFFR2
OXGR1,GPER1
DCBLD2,TRAF6
F2RL3,NPFFR2
TNFRSF13C,TRAF6
S1PR3,GPER1
GPER1,MCHR1
GPER1,P2RY13
GPER1,SUCNR1
GPER1,HCAR1
GPER1,NMUR2
GPER1,LPAR5
GPER1,S1PR5
GPER1,P2RY12
GPER1,HRH4
GPER1,NMUR1
GPER1,LPAR2
GPER1,RXFP3
GPER1,TAS2R16
GPER1,TAS2R14
GPER1,TAS2R13
GPER1,TAS2R10
GPER1,TAS2R9
GPER1,TAS2R8
GPER1,TAS2R7
GPER1,TAS2R5
GPER1,TAS2R4
GPER1,TAS2R3
GPER1,TAS2R1
GPER1,GABBR1
GPER1,LPAR3
GPER1,GPR55
GPER1,HRH3
GPER1,PTGDR2
LPAR4,NPFFR2
MCHR1,NPFFR2
KIR2DL4,TRAF6
KCNJ15,KCNJ16
INPP5K,MOV10
NMUR2,NPFFR2
NPFFR1,NPFFR2
MAGT1,MOV10
LPAR5,NPFFR2
S1PR5,TP63
EPB41L1,NOVA2
IL1RL2,IL1RAP
NMUR1,NPFFR2
LPAR2,NPFFR2
CELSR2,NOVA2
LTB4R2,NPFFR2
CD93,UBQLN2
TLR9,TLR8
TLR9,UGGT1
TLR9,DNAJB11
TLR9,TBK1
TLR9,PALD1
TLR9,STUB1
TLR8,TRAF6
CYSLTR2,NPFFR2
ERAP1,NXF1
CD274,XPO7
CD274,MINPP1
CD274,COG5
CD274,DOLK
CD274,EXOC7
CD274,USP22
CD274,TNPO3
SLC17A7,NOVA2
XPR1,NOVA2
CACNG4,ALG5
LPAR3,NPFFR2
OPN4,NPFFR2
UTS2R,NPFFR2
NOTCH3,LOXL2
GPR132,NPFFR2
CYSLTR1,NPFFR2
CLDN11,KLRC1
CD74,POMGNT1
CD74,BET1
CD74,TMEM97
CD74,TEX11
CD74,SERP1
CD74,SLC35B1
CD74,SEC22A
CD74,PLP1
CD74,TMEM254
CD74,ERG28
CD74,TMEM243
CD74,TMEM60
CD74,FXYD6
CD74,CMTM7
CD74,CLDN19
CD74,CLEC7A
CD74,EDDM3B
CD74,PTCH1
CD74,TMEM120B
CD74,RTP2
CD74,PLPP4
CD74,PGA4
CD74,SMIM1
ADGRA2,CCNDBP1
NPFFR2,FKBP7
NPFFR2,TMEM218
CLEC2D,CD68
CLEC2D,KLRC1
PVR,MFSD11
PVR,SCD
PVR,TSPO
PVR,PLP2
PVR,ZDHHC15
PVR,OLFM4
PVR,TMEM147
PVR,HOXA1
PVR,GPRC5D
PVR,TMEM54
PVR,INSIG2
PVR,NINJ1
PVR,SLC41A2
PVR,TMBIM6
PVR,RUSF1
PVR,AQP10
PVR,SNAP47
PVR,EBP
PVR,CYB561A3
PVR,ZFPL1
PVR,TMEM79
PVR,CLDN19
PVR,TMEM65
PVR,SFTPC
PVR,VAMP5
PVR,NINJ2
PVR,ZDHHC22
PVR,EDDM3B
PVR,BRICD5
PVR,ANKRD46
PVR,CYHR1
PVR,CD47
PVR,CYSRT1
PVR,TMEM229B
PVR,SYS1
PVR,SLC35B4
PVR,CTXN3
PVR,PLPP6
PVR,KRTAP6-3
PVR,TM6SF2
PVR,PGA4
PVR,SMIM1
PVR,NBPF19
GPC4,PICK1
CD82,KLRC1
AQP6,HMOX1
AQP6,CD68
AQP6,PIGF
AQP6,ABCG1
AQP6,SFXN1
AQP6,ITGAM
AQP6,BSG
AQP6,THBD
AQP6,AQP1
MMP2,REL
ICAM1,KRTAP10-8
ICAM1,UBQLN2
ICAM1,CYSRT1
IL21R,AQP1
CD79A,CLDN1
CD79A,AQP3
CD79A,ITGAM
CD79A,THBD
CD79A,AQP1
SIGLEC6,MALL
SIGLEC6,ZNF655
AGR2,CD68
AGR2,NSD1
PMP22,ATP6AP2
CD81,MCEE
CD69,CLDN1
VDR,RPS6KC1
VDR,NTAQ1
VDR,OTUD4
VDR,ANKRD11
SLC16A7,SFXN1
PKD2,HSF2BP
PKD2,KRTAP6-2
PKD2,CYSRT1
PCDHB14,HNRNPK
RECK,ADAM12
GPR42,ITGAM
GPR42,BNIP3
FFAR2,BNIP3
CD68,MAL2
CD68,TMEM179B
CD68,MUC1
CD68,SGTB
CD68,TOMM6
LGALS3,INCA1
INPP5K,PBX3
LYVE1,PIGF
KLRC1,KLRG1
KLRC1,MALL
KLRC1,GPR61
KLRC1,CYB561A3
KLRC1,ZFPL1
KLRC1,GJB2
KLRC1,SFTPC
KLRC1,VAMP5
KLRC1,TMEM182
KLRC1,CLEC7A
KLRC1,CD151
KLRC1,LSMEM2
KLRC1,BRICD5
KLRC1,ATP6V0C
KLRC1,TMEM262
KLRC1,TMPPE
KLRC1,GJB4
KLRC1,MS4A13
KLRC1,CTXN3
KLRC1,CLRN2
APLNR,GJB2
HAVCR2,TMEM86A
SMPD2,PBX3
CD72,ATP6AP2
FXYD6,FPR2
EBP,BNIP3
EBP,THBD
FCGR1A,CD163
GJA1,NINJ2
GJA1,TMEM86B
GJA1,PLPP4
ITGB2,TM4SF18
ITGB2,MS4A7
ITGB2,KRTAP10-8
ITGB2,CYSRT1
ITGB2,LHFPL5
ITGB2,NBPF19
CTLA4,CTXN3
CX3CR1,CCDC167
ITGAM,HSD17B13
ITGAM,TMEM31
ITGAM,MUC1
ITGAM,PIGP
ITGAM,TMEM229B
ITGAM,TMX2
GPR37L1,AQP1
FPR2,LRRC25
CLEC7A,BNIP3
CLEC7A,TMPRSS2
BSG,SLC16A13
GPR152,BNIP3
CD151,TMEM139
THBD,CYBC1
THBD,TMEM86B
THBD,MUC1
THBD,TMX2
ATP6AP2,PTTG1IP
ATP6AP2,TMEM203
CLDN5,AQP1
IL3RA,SYS1
IL3RA,GIMAP1
MUC1,AQP1
PPARA,AQP1
AQP1,NBPF19
PKD2,MAGEA8
PKD2,KRTAP10-8
PKD2,PLSCR1
TRAF2,AQP1
LGALS3,SS18L1
NCL,HMGA1
PPARG,PRKCA
GLP1R,ATP6AP2
LEPR,LEPROT
CDH1,LMNA
ANXA2,CCR10
CAV1,KCNA3
CAV1,SCP2
CAV1,ID1
TRAM1,ESR1
ADGRA2,DLG1
PPARD,STAT3
CEACAM1,ADRB2
SELE,EGFR
EPB41L1,HSPB1
MET,SOCS1
VCAM1,PPIH
VCAM1,NUDT21
NCL,VCAM1
FN1,ESYT2
VCAM1,H4C13
VCAM1,H4C1
VCAM1,H4C5
VCAM1,H4C4
VCAM1,H4C12
VCAM1,H4C15
VCAM1,H4C14
VCAM1,RPL17
VCAM1,H1-5
VCAM1,KRT10
VCAM1,H4C3
VCAM1,H4C2
VCAM1,H4-16
VCAM1,H4C11
VCAM1,H4C6
FN1,RBM42
ACTR2,VCAM1
FN1,COX2
FN1,GLUD1
VCAM1,CDK1
VCAM1,TYMS
FN1,PRPF4
VCAM1,KRT1
FN1,POLR1C
FN1,HNRNPDL
FN1,IGF2BP3
FN1,EIF3F
FN1,STXBP3
FN1,NDUFA2
FN1,DAP
FN1,ERLIN2
FN1,VPS26A
FN1,SEC22B
FN1,EIF5B
FN1,SYNCRIP
FN1,NARS1
VCAM1,RPSA
VCAM1,KRT19
VCAM1,NPM1
VCAM1,APRT
JMJD6,U2AF1L5
TNFRSF1A,EGFR
VCAM1,IRX3
FN1,ANXA11
FN1,MAP3K7CL
VCAM1,HBA2
LGALS1,TPX2
NT5E,SPRR2G
NT5E,IGHV4-31
LGALS1,PTGS1
GP1BA,LOXL2
CEACAM1,PARP2
ITGB1,ITGB2
EFNA2,MIR411
LGALS1,RN7SL151P
TNFRSF1B,R3HDM1
EFNA1,MIR411
PVR,SKAP1
TREM1,LOC116158483
TREM2,MMADHC
GPR25,GPER1
PVR,CNPY3
TNFRSF1B,H3P26
ENPEP,CACNA1C
CAV1,H3C8
CEACAM1,PARP3
TNFRSF1B,SNRPN
LGALS1,PAXIP1
CD58,CD68
THBD,TBCD
EFNA4,EGFR
PVR,EDAR
FFAR1,CAV1
TEK,RBMX
NOTCH3,NOVA2
ADGRB1,HDAC4
NT5E,SPTAN1
GPER1,RAD54L2
CD151,OR10H2
GJA1,H2BC7
GPR68,NEDD4L
GPER1,RASA3
NR3C1,TFCP2
CD151,MTCL1
IL31RA,MIR27B
TLR4,AIFM1
CEACAM1,DHDH
CAV1,SEPTIN6
CD151,SEPTIN6
CD74,ZC3H7B
TNFRSF1B,TNNI2
RXRA,EIF3G
TLR4,ZNF165
LRP6,BSCL2
AGTR1,TRBV7-1
PVR,TBX5
PVR,SDCCAG8
PVR,RNU1-54P
GPER1,LOC110121067
TNFRSF1B,ZBTB43
TREM1,RNU1-94P
IL1R1,RASAL2
TREM1,LOC110120751
NT5E,SPTA1
LGALS1,ART4
CEACAM1,CCNF
LRP6,DUX5
PVR,TNFRSF25
PVR,RN7SL417P
NT5E,GPR82
CTLA4,MC2R
CAV1,SH3BGR
GPR84,KCNJ8
PVR,IGHV3-16
LGALS1,ZFP37
LGALS1,NRXN3
PVR,LOC111828525
CD163,DEGS1
ASGR1,CHGA
PVR,GGA1
IL1RAP,TRP-GGG1-1
CEACAM1,IGHD2-21
PVR,KAOGS
TREM1,IGHV3-52
CD274,GLI2
GPR39,CAV1
PVR,LOC110120939
THBD,ST8SIA2
CAV1,PARP2
IL3RA,LY6H
IL3RA,WHRN
GP5,LOXL2
GRM5,TFCP2
TREM1,CHRM4
PVR,CHMP1B-AS1
BRS3,BSG
CEACAM1,RECK
PVR,ARHGEF6
PVR,CACNA2D1
PVR,BCL2L10
CD74,IGHV3-73
S1PR3,KDM6B
CEACAM1,LOC110120645
PVR,AABT
EFNA3,EGFR
PVR,DNAH11
TRPV1,LAMP3
LGALS1,LOC113174970
CTLA4,MC1R
TREM1,TBC1D9
PVR,IGHV3OR15-7
PVR,CFDP1
IL3RA,SH2D1A
IL1R1,ZAN
OLR1,SIRT3
TREM1,H3C3
SLC40A1,CYP27B1
IGF1R,CNPY2-AS1
CTLA4,TREX2
CCKAR,LAMP3
GPER1,ZP2
PVR,LOC121053183
NT5E,PSPHP1
GP1BA,LMX1B
C1QBP,TEK
CTLA4,CNTNAP2
PVR,TOX3
CEACAM1,CATR1
TREM1,CLCN5
CAV1,TRBV7-1
LGALS1,SH2D1A
KCNH1,KCNJ8
PVR,MKRN3
PPARG,SNORA91
KLRC1,LRRC41
TNFRSF1A,TNNI2
PVR,LOC112268485
LILRB5,APOL1
TREM1,PRS
CTLA4,OR2L2
PVR,LOC110120799
PVR,KDM2A
PVR,STAG3
HLA-F,HLA-K
PVR,DCTN6
CEACAM1,TRBV14
GPER1,LOC112529902
CD160,GANAB
LGALS1,PRKX
PVR,SPTBN2
CEACAM1,H2BC15
NT5E,RNA28SN4
PVR,ANKRD26
IL1RAP,GARRE1
IL1RAP,SDHD
CD74,EXOSC8
TREM1,MIR562
ATP6AP2,ADGRE5
TNFRSF1B,LOC110121329
PVR,RPL3P1
TEK,OTOF
TEK,TERC
NT5E,LOC107987353
CTLA4,ZNF282
GRIK5,TFCP2
GPR27,GPER1
PVR,SRM
TLR4,NAPG
NT5E,NOP14
HLA-F,LAMP1
PVR,LOC112268141
TREM1,CDKN1A
CEACAM1,LOC110121217
TREM1,LOC112469016
TNFRSF1A,LOC107986310
NT5E,SPTB
FPR2,HDLBP
IGF1R,LOC112268033
M6PR,CHGA
CAV1,UXT
HLA-A,LOC110120754
PVR,AKAP8
IL1RAP,PRKAR2B
PVR,TM9SF4
PVR,TFAP2C
TNFRSF1A,TNNI1
CD151,TAPBP
TNFRSF1B,YWHAZ
PVR,FAM189B
SCARA3,ADAM9
SCARB2,SIRT3
GLRB,FAS
PVR,NIPSNAP1
EGFR,LOC107305686
HLA-F,PPP1R1A
TNFRSF1B,ALYREF
PVR,NCSTN
CD244,SOD2
CTLA4,CIZ1
VLDLR,LAMP3
CD151,LTN1
GABRG2,GBP1
CEACAM1,RNU6-620P
L1CAM,CTSC
TLR8,NDUFV2
IL1RAP,MC2R
TEK,ANKRD28
CEACAM1,PLCB1
ADGRE5,OR7E66P
TREM1,TRF-GAA8-1
TNFRSF1B,TNNI1
ITGB1,MTCYBP5
PVR,CDC6
LGALS1,LOC107987479
SFRP5,LOC111822948
ANXA2,SLC35A2
CD151,BAZ2A
TEK,GRM3-AS1
ADCY8,DCAF13
CD68,CD72
GPC3,LOC107985965
TNFRSF1A,H3P26
IL12RB2,SPIB
PVR,IGHV1OR16-4
EFNA2,CDKN1A
RXRA,CAMLG
TREM1,DAZ1
TNFRSF4,SIRT3
MARCO,SOD2
PDCD1,TFR2
CTLA4,OR7E26P
PVR,RABGAP1
GPC4,NF1P8
CD74,CHD1
THBD,SIRT3
INPP5K,TNFRSF1B
IL1RAP,MMP14
GPC3,RO60
HCRTR1,IL1R1
CD151,CLCC1
LAMA4,CTSC
CD68,CD79A
TNFRSF1A,POLR1A
TNFRSF1A,TARBP1
TNFRSF1A,ZNF184
CTLA4,RAB9A
TNFRSF1A,PDCD11
CTLA4,LOC112267931
CD68,CD69
CD63,CD68
IL3RA,LOC107986886
ITGB1,LOC110121187
IL1R1,ATP2A2
CTLA4,LOC112272573
GPC4,SEC63
PTPRF,TP63
PVR,SNORD50A
PVR,ZMYM4
PVR,EIPR1
TNFSF8,SIGLEC6
ITGB1,SH3BGRL
PVR,LOC112268290
PVR,CHIA
ENPEP,SLC29A1
CSPG4,MYL4
CEACAM6,ATP2B1
HLA-A,LOC110120705
ATP6AP2,CBX4
PVR,LOC110120740
SFRP5,LOC109611593
CD274,LOC110120778
TNFRSF1A,MTMR11
PTGDR,TP63
RXRA,TRO
HLA-F,EIF3C
CCR2,ADAM17
CTLA4,MGCT
IL1RAP,MC1R
CEACAM1,MST1P2
PVR,LOC110121302
CR1,SHC1P2
PLG,TXN
SFRP5,DUX4L35
HLA-F,LOC440059
ITGB2,LANCL1
PVR,LOC121132710
TNFRSF1B,TARBP1
TNFRSF1B,ZNF184
ENPEP,LOC107987374
ENG,RN7SL480P
CD274,SNRPF
ITGB1,ERDA1
PGR,SPAG8
MELTF,COMT
CSPG4,IGHVIII-44
EGFR,OTSC1
ENG,GEMIN5
PGR,AP3M2
IL1R1,UCP2
CLEC2D,CD274
PVR,MRC2
GUCY2D,STRN
GPC4,CAMK2B
AGTR1,SIRT2
ABCA1,TMDD1
INPP5K,LAMP3
GRPR,HLA-DRB1
AGTR1,OIP5
GPER1,EIF3D
GPC3,MASCRNA
SFRP5,LOC112272608
ENPEP,LOC107275226
PVR,CEP152
PVR,ST3GAL1
PVR,CCT7
AQP5,PANX1
EPHB6,EPHX1
ADGRA2,PHF8
ENPEP,ENSA
EPHA2,FTL
GPR171,SOD2
ITGB1,ELOCP32
PVR,AURKA
HLA-A,PLK1
ENG,TNFRSF10C
NCAM1,LOC107986795
LGALS1,LOC106736470
THBD,AP3B2
PVR,LOC110121123
MSR1,FAS
FAS,DDR1
IL3RA,SUPT5H
LGALS1,ECEL1
GPC4,LOC729900
PTGER3,TERC
LAMP1,MFN2
PTPRG,TP63
F11R,BIRC5
CTLA4,USP6NL
LGALS1,CNOT8
AGTR1,FARP2
CTLA4,UTF1
MS4A4A,BAK1
IL12RB2,ZEB2
CSPG4,PTPRZ2
HLA-A,CA7
CSPG4,FLJ42351
NT5E,SOX12
TLR4,ZNF154
CSPG4,LINC02246
IL3RA,PANX1
GPC4,FES
P2RY13,LAMP3
CD68,COL13A1
GPC3,NUP50
TNFRSF1A,SNORA118
ANXA2,PIK3C3
MC1R,YAP1
TYRO3,LAMP3
IL1R1,BAG6
PGR,EXOC6B
CX3CR1,SNORA41B
ITGB2,LOC110121187
ADAM11,TFCP2
TNFRSF1B,MTMR11
LPAR4,STAT1
IL3RA,LOC110120680
TLR8,LOC107987473
SFRP5,BHLHE40
CAV1,MSLN
PDCD2,CDKN1A
PDCD1,UBP1
PVR,ST2
DLG1,KLRD1
IL3RA,ZFX
IL3RA,TPBG
GPC3,GPX7
HLA-F,TAPVR1
CANX,TP63
CBLN1,ZEB2
GUCY2C,IDO1
GPC3,TENM1
GPC3,AP2B1P1
LGALS1,LOC110121302
ADORA2B,MTCO1P42
CEACAM1,TNRC6A
PVR,NOX1
IGF1R,BRD4
TLR4,ZBTB17
IL1R1,PSMB2
ABCA1,CFAP45
CTLA4,LOC106783501
TNFRSF1B,YWHAG
PVR,LOC110121107
GJA1,STX16
TEK,MROS
PDCD1,RND2
GPC4,FAM183EP
TLR4,ZNF157
ITGB2,SH3BGRL
HLA-DPA1,WTAP
EGFR,SNORD84
ADGRE5,CFAP61
GPC3,LOC106728414
CD274,TMX2
ITGB2,LOC111365151
GPER1,COTL1
PTPRJ,TP63
TLR8,SLC5A4
GPC3,PIMREGP2
EGFR,LRRC29
IL1RAP,CEMIP2
GPC4,ATF4
EGFR,GPR182
CTLA4,CEBPE
KCNJ15,MCL1
F11R,SIRT2
CEACAM1,CEP350
DDR1,CAV1
EGFR,LOC110121045
PPARG,GNL3
IGF1R,ASS1P8
ITGA2B,MCL1
ENG,IGHV3OR16-10
ENG,MAN2B1
CD151,SUPT7L
GPC3,RPSAP46
EPHB1,EPHX1
IGF1R,STRAP
GJA1,OFD1
IL1RAP,COBL
ENG,LOC112267994
PVR,IGHD5OR15-5A
PVR,TAF4
HLA-A,SNORA104
AVPR1A,SOD2
CD274,MTMR11
ABCA1,MLC1
PDCD1,SLAMF1
AGTR1,LOC112267953
ADORA2B,LOC109280163
ENG,SEC11A
GRIK4,MIR187
ADORA2B,FRA2A
SIGLEC6,OR7E41P
ITGB2,CDC27
TNFRSF1A,DAZAP1
IFNAR1,SPIB
GPC4,PTP4A2P1
FZD8,STAT1
DDR1,CASP8
ANXA2,ACOT9
NT5E,MTCO1P48
CR1,EPHX1
ENG,TNFRSF13B
CD274,EDF1
GJA1,NFS1
SIGLEC6,TGFBR1
IL3RA,PRKCD
TEK,OR4G1P
CTLA4,UNC13A
PVR,B3GALNT1
PVR,SHC1P2
IGF1R,RAD51
GPC3,CTRB2
NCAM1,ARHGEF9
CSPG4,MSH6
SFRP5,TSC2
IL1R1,PVR
CD81,SPIB
LGALS1,NKX2-5
IGF1R,CCDC9
GRPR,CDKN1A
GPER1,FEA
TLR8,EDDM3A
CR1,EPHB1
CTLA4,NOL3
SIGLEC6,UQCRQ
CD151,SNX13
ENG,RPL35AP13
ADORA2B,CSF1R
S1PR5,SLC2A1
GPC4,TACSTD2
ENG,PALLD
ENG,MAPT
ENG,PIMREGP2
TREM1,LOC112529904
CTLA4,LOC107986290
FCGR1A,FUT4
TREM1,NFS1
PVR,PLCB1
PVR,CACNA1F
PVR,SNORD63B
GPC4,KAT2B
CAV1,CNNM1
FPR2,AKAP6
NCAM1,ERLIN1
ABCA1,MMP3
CAV1,PTGR1
ANXA2,ANXA2P1
EXTL3,TWIST1
PVR,LOC110120973
ENG,PCDHGA12
TAS2R14,NFE2L2
ABCA1,N4BP2L2
PVR,WDR46
GPER1,LOC110121252
GPC4,FOSL2
EXTL3,CAV1
PPARG,MST1P2
PPARG,RN7SL393P
TEK,LOC107986822
SFRP5,PITPNM1
CD274,PTGS1
CAV1,RALGPS1
PPARG,H2BC16P
PROCR,SNX5
NCAM1,TXNRD1
TEK,UGT2B15
SFRP5,SKIV2L
PDCD1,GTF2IRD1
TLR8,MIR101-2
GPC3,LOC110121067
SIGLEC1,SNAI1
TYRO3,BECN1
DAG1,TEK
GPC3,RNA28S3
IL4R,PPARG
THBD,VAMP2
GPC4,IL1R2
NCAM1,SBNO1-AS1
PVR,LOC113175001
ABCA1,NACAP2
GUCY2C,PEG10
ADORA2B,PLCG1
ANXA2,CNN3-DT
KCNQ3,CACNB2
PVR,IGHV3-57
GHR,CEACAM1
CAV1,ADAMTS5
GPC3,CDKN2A
HFE,HTRA1
GRM4,TFCP2
ENG,CBR1
ENG,LOC112268068
IGF1R,RNA18S1
SFRP5,ZMYM4
PROCR,TECTA
FPR2,CSTA
TREM1,MIR548L
ATP5F1B,BAX
IGF1R,CDO1
THBD,CNOT10
TLR8,ST13P20
CD151,TBC1D9
IL3RA,RGS4
NOTCH2,SIRT3
CD274,RIMS3
CD274,CALY
ENG,RNA5SP529
GUCY2D,ADGRA2
THBD,OIP5
TNFRSF1A,ST13
CD274,H3P26
IL3RA,MLLT1
CAV1,CDO1
ITGB2,TRC-GCA9-4
CD68,SCML2
ANXA2,TSPO
THBD,IL1RAPL1
CD244,MIR16-1
EGFR,HLA-DQB3
LTBR,ACTN4
GJB2,SIGLEC6
PROCR,RNU4-6P
DSG3,DUSP5
GPC3,ZNF75CP
CD151,WWC1
CLDN4,EPHX1
TEK,ESYT1
CD74,OFD1
ENG,LOC110120629
ENG,FRG1
RHAG,CACNB2
ANXA2,KAT7
ACKR4,HAVCR1
IL9R,HDAC4
TREM1,ADAMTS5
HAVCR1,TRBV7-5
THBD,UQCRB
THBD,ST3GAL1
SFRP4,HDAC5
MPZ,TERC
GNAT2,SLC7A5
GPC4,CEBPZ
GPC3,PKDREJ
GPER1,CCND3P1
ABCA1,CRIP1
ANXA2,C4B
UTS2R,LRP6
CHRNB1,PEG10
CD74,TNFRSF14
GRM6,SIGLEC6
P2RY13,MIR153-2
PVR,ABHD12
PVR,LOC110120769
CAV1,RPS24P1
CTLA4,GARRE1
ENG,PDHA1P1
CALCRL,CHD1
F11R,HAVCR1
TREM1,LOC108353815
TAS2R3,CYP27B1
GPC4,CDKN2A
LRP1B,PNPLA6
GPC3,GRIA4
ENG,STAT2
SLC16A1,STRN
IL3RA,LOC110120598
ABCA1,BAHD1
TREM1,SPANXB1
LPAR4,IL1RAP
GJA1,SKI
IGF1R,ASS1P5
NT5E,LOC106627982
ATP6AP2,IGHV2-10
FPR2,SEC62
FPR2,ONECUT1
IGF1R,SNORA20B
THBD,MTATP6P16
ABCA1,SOX3
MC1R,USP14
TEK,NCSTN
LRP1B,EFTUD2
PVR,SSB
ANXA2,TNXA
FPR2,PTCH1
PTCH1,SOD2
CAV1,ARHGEF2
ENG,CASP2
GJA1,RABGGTB
PGR,LOC121132707
HTR1D,PAPPA
ENPEP,TSIX
GNAT2,MIR203A
ANXA2,DDR1
SIGLEC6,SOD2
LPAR4,GCM1
SFRP5,SRSF4
PROCR,DDX42
ENG,LOC110120940
ADORA2B,TOR1B
SFRP4,SFRP5
GPER1,PEX11B
ENPEP,FRA4D
IL1RAP,IGHV3-20
ADORA1,NFE2L2
LRP6,KNTC1
PGR,LOC111365188
TREM1,SIM1
CTLA4,LINC00113
NT5E,MTATP6P29
LRP6,SOD3
TNFRSF1A,TUB
THBD,LOC110121306
ENG,PEX16
ENG,LOC112214174
SLC1A5,ADAM17
EFNB2,ENDOU
LPAR1,CTSC
LGALS1,CD5
GUCY2C,MIR134
BSG,CACNA1D
CTLA4,TMEM186
ADORA2B,TSHRL3
SIGLEC6,OR7E11P
MMP14,STAT1
GABRG2,ADAM17
IL1RAP,TAGLN2
GPC3,GTF2E2
PVR,IL18RAP
ASTN1,NR0B2
CDH2,ZEB2
S1PR5,ZEB2
IL1RAP,KCNK6
GJA1,MTCO3P15
CSPG4,ARPC1B
LGALS1,MYBPC1
IL1R1,MDH2
TREM1,SNORA24B
IGF1R,CYP46A1
ATP6AP2,ANKS1A
PGR,WDFY3
SFRP5,SRSF3
TMED5,TERC
LAMA4,SOD2
ENG,SSBP3P2
CAV1,POFUT2
IL1R1,WIPF1
NT5E,FAS
CAV1,TRBV5-1
THBD,FBXO7
FPR2,STK16
GPER1,LOC113146414
GPER1,TOMM5
ST14,SIRT3
IGF1R,RAB28
TEK,XPO6
ENG,KIF3B
SLC1A5,HMGN3
TLR8,BAG5
IL1R1,RTKN
IL1RAP,MDH2
CEACAM1,LOC110121002
IL6R,TXN
ANXA2,NDUFA1
TREM1,OR2T32P
FFAR2,ATP6AP2
ABCA1,GHITM
SFRP5,ANKRD26
THBD,WAPL
THBD,C4B
ANXA2,LOC651644
CD151,YAP1
GPR39,IL1RAP
ITGB2,LOC107986822
IGF1R,PKD2L2
ANXA2,MEF2C
TEK,CEP152
GABRE,ZEB2
ITGA5,MCL1
ANXA2,DNAJB6
ENG,IRF6
IGF1R,CORO1C
IGF1R,TRIM24
CTLA4,OCM2
EFNA1,USP14
CELSR2,MIR183
PVR,RRP1B
PVR,LILRB5
ADORA2B,SPRY2
GPC4,RN7SL731P
AGTR1,KANK2
GJA1,LOC111828515
ENG,SNORA120
ATP6AP2,MMD
CAV1,SH3BP5
BSG,LOC107987285
CD74,CDKN1C
ANXA2,LOC110120642
FPR2,UGT2B15
FPR2,LOC112268090
AGTR1,SPRR1A
CD74,MED13L
ATP6AP2,TSHZ1
THBD,SHMT1
FPR2,TALDO1
CAV1,SURF1
P2RY13,KCNJ16
SFRP5,H2BC13
THBD,CEACAM3
THBD,LOC112267916
THBD,LOC110121171
TLR4,ZNF143
PIK3CB,TP63
IL1R1,MTCO3P43
MMP14,FAS
CX3CR1,SNORD115-17
TRAM1,HAVCR1
CTLA4,LOC112268484
TNFRSF1B,VIS1
SIGLEC6,LRP10
THBD,FBXL4
PVR,CLCN5
CD274,IGHVIII-16-1
IL1RAP,ENTPD5
IL1RAP,ULK1
IL1RAP,TRV-TAC1-2
FPR2,EXPH5
SFRP5,MAGEC1
TLR4,ZNF148
GRM3,TP63
SFRP5,FIM1
CEACAM1,EIF3H
CD151,SAMHD1
ANXA2,SART1
CAV1,AP3S2
PVR,MYL12A
IGF1R,TECTA
ADGRA2,TRAPPC2P6
CD3E,SOD2
GPR39,ADGRE5
GPER1,COMMD3
ITGB2,LOC109580097
IL1RAP,RASAL2
CAV1,SGCG
ENG,SNORD115-8
FPR2,TIPARP
FPR2,LOC110121093
S1PR4,LITAF
CD151,WDR43
CTLA4,CPNE3
GJA1,OR13Z2P
CD274,AZF1
ADGRE5,MMD
TLR8,FRA5F
IGF1R,LOC111501791
OXTR,TERC
CEACAM1,LOC112268049
TEK,LOC110120619
NT5E,NNO1
CD74,MAST1
TLR4,TRN-GTT2-7
ENG,RAMP2
TEK,THOC5
ADAM11,GANAB
CD151,SH3BP1
CELSR2,ATP6AP2
GJA1,LECT2
MLNR,TPP1
NGFR,SIRT3
BSG,MTCO3P41
THBD,ACTG1P1
ITGB2,TYRL
NT5E,CFL1P5
CX3CR1,HAT1
TRADD,YAP1
GPER1,ZBTB33
CD74,ZBED4
IL1R1,H4C12
IL1R1,NUP153
FPR2,IGHVIII-67-3
CLEC4A,GJA1
ABCA1,NOTCH2
CEACAM1,PNPLA4
ATP1A3,TERC
KCNQ1,CAV1
ITGB2,CDK17
CD74,H3C12
ENG,LINC01433
P2RY13,TPP1
TEK,TYRO3
GJA1,SGCD
NT5E,ATP5MC2
ABCA1,SKP2
LGALS1,MRX73
PVR,TNFRSF6B
CALCRL,CFAP61
ITGB2,TSNAX
FPR2,MTND4LP28
TREM1,TRV-AAC1-3
IL1R1,LINC01530
ACKR4,PLAT
CTLA4,ZNF234
IGF1R,SNN
TLR4,WDR3
LRP6,TRN-ATT1-1
NT5E,LOC112268130
IGF1R,TAP1
CTLA4,MTCYBP24
NCAM1,SUPT5H
CAV1,B4GALT7
ANXA2,MIR646
MCC,USP14
GRM6,TERC
CEACAM1,OR10G3
IGF1R,PHF14
PPARG,SLC12A3
THBD,LOC110121417
GRM6,CDKN1A
FPR2,FBXL6
CEACAM1,KLF7
NCAM1,SCG5
TEK,NFASC
PVR,SORL1
PVR,CPLX2
IL1R1,PLA2G6
TLR8,CATSPERD
TREM1,LOC110121303
GPC3,CDH1
IL7R,TERC
BSG,ZBTB20
PVR,LOC107987359
GPC3,IGHD6-25
ENG,SUPT6H
FPR2,MYO5B
TREM1,LOC112268412
ITGA4,HAVCR1
GUCY2C,ADAM17
TNFRSF1A,LOC110121093
CEACAM1,MTATP6P29
EGFR,MTCO2P6
ADGRE5,SF3B3
ITGB2,LOC110121314
CEACAM1,SIRT3
SELPLG,CDKN1A
CTLA4,SNORA71C
CX3CR1,BLMH
LRP6,ADNP2
CD274,CD2
CD274,PCBP1
CAV1,CDC42
CDH2,CDKN1A
CTLA4,TADA3
MC1R,SOX9
GPC3,ZNF234
CAV1,CLTA
PVR,ZSCAN12
NGFR,MMADHC
PPARG,TCF19
CD74,POLM
CD74,U2AF2
ABCA1,LOC440489
TNFRSF1A,IGHD1OR15-1A
THBD,MTCO3P36
CHRM1,PNPLA6
CD59,TERC
PGR,NFS1
CELSR2,ENDOU
CTLA4,LOC108491836
IL1RAP,LOC110120581
ENPEP,PLA2G2D
CAV1,CCR7
LRP6,SLC25A44
SFRP5,LPIN1
PVR,POLR3F
MARCO,LITAF
CAV1,ST13
GRIK5,SIGLEC6
TNFRSF1A,IGHVIII-67-3
SFRP5,COBLL1
ABCA1,MROS
CD151,BICD2
SFRP5,DUX4L39
TNFRSF1B,SNORA24B
PDCD1,GABBR2
CDH6,SOD2
EFNA4,PVT1
ABCA1,SMAD5-AS1
ATP6AP2,TRDJ4
THBD,MAST1
PGR,DM1-AS
TREM1,RIPPLY2
TNFRSF1A,PPIAP44
SLC9A1,STRN
RECK,TPP1
IGF1R,PSAT1P3
TLR4,LOC112268139
GRM6,NEDD4L
LRP6,KRT38
LRP6,SNHG3
PROKR2,MIR214
FPR2,SM1
GUCY2C,CD74
IL1R1,GARRE1
LRP6,LOC110121257
CAV1,SPP2
NT5E,TALAM1
DSG3,BSG
EPB41L1,CDKN1A
IL1RAP,TOMM70
TREM1,SOX2-SRR2
PPARG,LOC112267849
GPC3,LOC108348028
ENPEP,ASPA
HAVCR1,VPS4A
CD274,SIK3
CD274,CDH11
CD274,CAPRIN1
CAV1,CCR5
SELL,APOL1
TNFRSF1A,KPTN
TLR8,VN2R14P
SFRP5,OR1E2
FPR2,SCN2A
FPR2,LOC402641
ENG,STAB1
GPER1,KCNE3
CAV1,PSMG1
TEK,DEGS1
ITGB2,GPR78
FPR2,PART1
FPR2,OR4C45
CAV1,RIMS3
TLR8,ZBTB11
CEACAM1,MTCO1P8
SFRP5,TRAV8-3
NCAM1,LOC112268056
TNFRSF1A,TNFRSF14
TNFRSF1A,SEC24D
GJA1,GOT2
GPER1,UBE2B
TREM1,OR10J6P
ENG,SNAI1
EFNA3,TXN
CD274,GPR50
CD274,TAS2R4
NTM,MIR302A
ATP6AP2,H4C1
TNFRSF1A,TRIM13
LGALS1,APOL1
GUCY2D,PVT1
CTLA4,RPL15P12
CD74,OBSL1
TLR8,CTSC
IL1RAP,CNTNAP3P3
NCAM1,LOC106627981
EFNA3,MIR222
CAV1,FARP2
THBD,MRST
PIK3CB,CDKN1A
ADGRE5,TRDJ4
GPER1,TRT-TGT2-1
DDR1,SOD2
CEACAM1,CAPN5
ENG,TXN
TNFRSF1A,GPR65
IL1R1,PAFAH1B2
CXCR2,GANAB
KCNA3,HIPK3
SFRP5,SH3BP2
CTLA4,RBM7
GPC3,SSBP2
TLR8,FANCB
THBD,CEP104
PPARG,CGF1
CAV1,ARPC5
FPR2,MIR183
PPARG,SNORD13J
BSG,PITPNC1
CAV1,STAB1
IL3RA,OR2M4
ADRA2C,PBX3
NCAM1,LOC112267916
THBD,TRIM3
PVR,NEBL
PVR,TRGV5P
BSG,SIX1
BSG,CACNA1F
CDH4,CTSC
TNFRSF1A,ACTG1P9
TLR4,RRH
IGF1R,LOC110120606
CD274,RIPK2
FPR2,C4B
IL6R,YAP1
FPR2,AGPS
FPR2,STMN2
ITGB2,FADD
TNFRSF12A,NR0B2
CX3CR1,LOC108254686
LGALS1,CCT8
LRP6,CRADD
IL1RAP,RN7SL354P
PPARG,STARP1
CD274,LOC110121064
CAV1,NCDN
TLR4,LOC107987483
HAVCR1,TRBJ2-1
ITGB2,ATP5F1AP2
LILRB5,SOD2
ADORA2B,PPAN-P2RY11
HTR1D,PBX3
TREM1,LOC112529907
ITGB2,LOC112486223
FPR2,CCT6A
CAV1,GNPAT
CEACAM1,DDX46
ENPEP,TRC-GCA9-2
SLC1A5,SIRT3
CD274,SPAG1
CD274,SNRNP70
CD274,LOC112268066
TNFRSF1B,ZFPL1
FPR2,RNU6-1244P
EPHB1,USP8
GPC3,TAF13
NT5E,CAMSAP2
CD151,PCDHGA12
TNFRSF1A,LOC112533656
CTLA4,POLG
ABCA1,CRHR1
PVR,MMP23A
SIGLEC1,CALCRL
TNFRSF1B,LOC107987484
CAV1,STAU2
LGALS1,ACTBP7
ANXA2,CBR3
TNFRSF1B,PPIAP44
LRP6,TCP10L3
GHSR,MMADHC
TREM1,TP63
ABCA1,H2BC21
TNFRSF1A,ELOVL4
CAV1,PHF14
ENG,IGHD4-17
ENG,LINC01136
IFNAR1,MEN1
IGF1R,ZBTB16
CD151,NDST3
CX3CR1,IGHD1OR15-1A
THBD,UMOD
TREM1,ENTHD1
ABCA1,CEACAM1
CAV1,PPP1R13L
CDH2,EFTUD2
TNFRSF1B,ANKLE2
ANXA2,CD24P1
FPR2,SNORA63C
P2RX7,TERC
CD274,DCAF1
CD274,BRSK2
TNFRSF12A,CD151
GPER1,SERGEF
LRP6,LOC107987334
THBD,COL1AR
EPHB1,ANXA2
NT5E,CEMIP2
CX3CR1,RPL34P27
CAV1,TRBJ2-1
IGF1R,AATK
BSG,TTN
THBD,CCR7
TNFRSF12A,PNPLA6
SLC16A1,BECN1
ABCA1,ART4
ATP6AP2,IGHV3-54
TREM1,TNFRSF4
IL6R,ACTN4
TGFBR3,DGCR5
P2RY13,MIR124-1
EPHB1,MIR29A
TREM1,MIR23A
IL1R1,FCHSD2
TNFRSF1A,LOC110121043
CTLA4,LOC112268468
CTLA4,CA15P2
ENPEP,MIR197
FPR2,GCY
LRP6,CHI3L2
LRP1B,SNAI1
ENG,RHEX
CX3CR1,LOC110121412
CX3CR1,HLA-DRB9
ATP6AP2,HPGDS
IL1RAP,RAB27B
PVR,OFD1P17
LGALS1,ZNF29P
ABCA1,MAB21L1
CEACAM1,H3C3
CEACAM1,LOC110120644
TNFRSF1A,TUFM
DRD5,DUSP5
NCAM1,PBX1
ABCA1,MTCYBP28
THBD,CCR6
EPB41L1,ENDOU
LGALS1,MKRN4P
TLR8,ADAT2
PVR,C4BPAP2
TNFRSF1B,TRIM13
BSG,SSTR5
CD274,ABCC9
LRP6,CDC14B
LAMP2,KMT2A
CAV1,PRORP
EFNB3,TEK
IGF1R,LPIN2
CD151,RUVBL2
ATP6AP2,TRBV9
CD74,TRBJ2-1
CAV1,KYAT1
SFRP5,HYOU1
FPR2,NEDD4L
THBD,CCR5
CD74,TNRC6B
EFNA4,BAG6
CTLA4,PPFIBP1
CX3CR1,TCAP
GJA1,LOC106780800
ATP6AP2,CEP250
SIGLEC6,BLZF1
FAS,HAND1
FPR2,CDAN3
NT5E,SNCB
NT5E,SMN2
EDNRA,NT5E
ENPEP,MNT
FPR2,LOC110120756
THBD,EFTUD2
C5AR1,ADGRA2
SLC1A5,ABCC9
CD274,LOC113146426
PDCD1,SNRPA
CR2,CRIM1
SLC2A2,BSG
ANPEP,CAV1
SFRP5,LOC110120571
ENG,TUBA1A
TNFRSF1A,IGHD5OR15-5A
TNFRSF1A,LOC112267895
OPRM1,TFPI2
GUCY2C,LMX1B
PGR,AFF4
CDH17,SPIB
CX3CR1,LOC110121171
GPC3,ADGRL3
CD274,ST3GAL2
CD274,TRE-CTC15-1
ENG,ZBTB16
LRP6,CACNA1D
ATP1A3,USP8
ADGRE5,OTP
CD151,SNRPN
LGALS1,ISCU
ADGRE5,IGHV3-54
CD74,POFUT2
HTR2C,PBX3
ADRA2B,PBX3
GPER1,RAB9BP1
KIT,TP63
SCARB2,COMT
PVR,SYCP1
AMFR,CTSC
CTLA4,KIF1B
FPR2,TMSB4XP4
TREM1,ARSL
TLR8,RPL7P1
GPC3,ZNF41
CD274,GNL3
TNFRSF1A,KCNE5
CX3CR1,SOX4
CTLA4,HCG9
NT5E,UQCRQ
NT5E,CLIC2
ENG,XRCC6
TLR8,YWHAE
ADGRE5,HPGDS
TREM1,PAFAH1B2
BSG,CHRNA2
FPR2,TP63
FPR2,CYMP-AS1
GABBR2,MMADHC
CAV1,SEC14L5
TNFRSF1B,SNORD154
CEACAM1,H4C12
KCND2,KCNJ8
PVR,JOSD1
PVR,LOC112268047
PVR,LOC110120654
GPC3,IGHD3OR15-3A
NCAM1,LOC112163646
CR1,EPHB6
IGF1R,SKIL
LGALS1,SURF4
LGALS1,WASF3
GHSR,RYBP
ADGRE5,TRBV9
ENG,HTR5A
CTLA4,MTCO1P16
THBD,TTN
FPR2,TRBV12-1
FPR2,DENND4B
ADGRE5,PALD1
GPER1,TAF4
GPR55,PNPLA6
IL1RAP,SIN3A
CALCRL,NUTF2
TNFRSF1A,LOC110121270
TNFSF8,ADAM17
CD151,ACVRL1
FPR2,LIMS1
KEL,PPARG
LRP6,PLCB1
TLR4,LOC112268100
CEACAM1,CCNH
CD274,CSTF3
CD274,HCG13P
CAV1,AKAP13
MMP14,SOD2
CAV1,RCBTB2
TLR8,SGCD
TLR8,MYO5B
GPER1,RAC1P5
ITGB6,CDKN1A
PTK7,USP5
TNFRSF1A,DDR1
PVR,H3C4
LRP6,LOC110121142
CD151,FRMD4B
TREM1,IQCJ
FPR2,KRIT1
FPR2,SCGB1B1P
KLRD1,PCF11-AS1
GPER1,PSME3
TNFRSF1A,AP3B1
NT5E,RPS9P1
NT5E,LOC109245078
TEK,SRM
ANXA2,SMAD5-AS1
TNFRSF1B,LOC110121043
NCAM1,CCNB1
IGF1R,RPL12P47
CD274,MIR652
CD274,SCLY
IL1RAP,LOC112272573
AMHR2,TRAF6
GRIK3,NR0B2
TEK,ACSBG1
LGALS1,MTCO1P31
CAV1,NR2F1
IL1RAP,LOC729867
FPR2,HERC2
FPR2,MIR92A1
NT5E,RPL12P49
GPR183,PLAT
GPC3,H2BC9
CX3CR1,CES1
GJA1,RBM19
TNFRSF1A,BZW1
PPARG,LINC01513
GRIK4,NEDD4L
ADGRE5,COPB1
TREM1,IGHV3-54
TREM1,PRSS3P1
TLR8,CPLX2
ADGRE5,ATF5
PVR,LOC110121118
CX3CR1,CANX
LRP6,CLPP
LRP6,CNTNAP3P9
ABCA1,AKAP12
THBD,SNRPG
NCAM1,TMEM50A
CD274,TRBV7-6
GNRHR,CTSC
SFRP5,ZNF500
FPR2,LINC02249
PPARG,TUBGCP2
LRP6,IGHV7-40
S1PR3,CEACAM1
VIPR2,PUM1
MOG,NFKB1
IL6R,SNAI1
ADGRA2,IGHVIII-26-1
TREM1,DUX4L42
CD200,MPO
LGALS1,PIK3R1
TGFBR3,TXN
ENG,LMX1A
BSG,LOC110120794
TNFRSF1A,PPM1E
FPR2,ZNF90
MELTF,TP63
CD274,IGHVIII-67-4
CD274,GSDME
TNFRSF1A,LOC112296182
ADORA1,LGALS13
CX3CR1,IGHV1-67
CX3CR1,CDKN1C
CX3CR1,MARK2P10
TRPV2,FTL
PVR,SNORD149
ENG,MTCO1P16
TLR8,TMSB4XP8
BSG,CACYBP
BSG,BTF3P1
ENPEP,ETV3
NECTIN1,SOD2
NT5E,CHRNB3
FPR2,ZBTB48
IL1RAP,SCML2
SSTR1,ADAM17
IL1R1,LOC110121188
TYRO3,HIPK3
CX3CR1,LOC110121417
GJA1,GPR68
FPR2,H2BC15
CAV1,PDXK
TNFRSF1B,LOC112268421
TLR1,MMADHC
PVR,LOC112272603
LRP6,LRP10
LRP6,SEC31A
EPHB2,HDAC4
CX3CR1,LOC108491823
GPER1,CGF1
PVR,ACOT11
PVR,SOX9
TEK,TBX19
PVR,LOC110121330
HCRTR1,MIR141
CSF1R,TP63
RXRA,LOC112486218
ENPEP,TMEM251
ENPEP,LOC110120964
TLR4,LOC107987438
CTLA4,ANKRD62P1
THBD,JTB
CD274,SPRR1B
GPC3,MTCL1
LGALS1,PLPP1
ADRA2C,ZEB1
HLA-DQA2,KLRD1
LRP6,CCKAR
MPZ,HMGN3
GP1BA,PUM1
CDH8,ZEB2
KIR3DL1,VPS51
TEK,HPSE
TRPV1,PUM1
TNFRSF1A,LOC110120587
SFRP5,ACKR2
LY9,CAV1
BSG,SNAPC5
CEACAM1,PPP1R26
TACR1,PNPLA6
CD74,TUBGCP4
CEACAM1,MTCO2P20
BSG,LOC107987478
ATP6AP2,SH3GL3
PVR,SKAP2
EFNB1,HLA-DRB1
FPR2,RPL18AP5
LRP6,RNU6-1227P
MELTF,THBD
BDKRB2,CTSC
CD200,TERC
NCAM1,SULT2A1
ITGB2,IGHV3-33
OPRD1,TLR4
LAG3,SIGLEC6
PROKR2,CASP9
NT5E,LTBP4
TNFRSF1B,KCNE5
CX3CR1,RPL22P3
TLR8,RPSAP65
IGF1R,NCOR2
PILRA,TERC
ITGB2,ZNF142
CTLA4,HPC9
BSG,TCIRG1
SLC18A3,CD74
TEK,DMAC2L
HTR1D,ZEB1
TLR4,OR4E1
TLR4,CA14
ITGB2,CMAHP
CD274,DFNA24
TFRC,LAMP3
FPR2,SUPT4H1
FPR2,MTHFD2L
TNFRSF1B,MPC2
NCAM1,TBCB
ATP6AP2,OR7E66P
CAV1,CARHSP1
TLR4,HERPUD1
NT5E,SNRPF
TREM1,RPL23AP27
FPR2,TCF25
ITGB2,LOC106736470
ADRB1,CHGA
CTLA4,SEPTIN14P6
GPER1,GFPT2
CD74,FAM230C
VLDLR,PUM1
CD70,TERC
ENPEP,BRD2
PDCD1,TBX4
GPER1,PPP1R11
TNFRSF1B,IQGAP1
BAMBI,COMT
CTLA4,AP2B1
TEK,NRXN1
TEK,RNA5-8S3
FPR2,SIAH2
TNFRSF1A,NBEAL2
PPARG,SH3BP1
M6PR,NT5E
NT5E,HIRIP3
NT5E,LOC112486227
CAV1,NAAA
ENPEP,GRHPR
VIPR1,PUM1
SFRP5,DDAH2
BSG,OR2G1P
FPR2,ZNF85
CEACAM1,HACD1
GPR183,MMP9
CRHR1,USP8
CTLA4,SLC18A3
CEACAM1,H2BC21
NT5E,TTPA
NT5E,SRSF3
LGALS1,TMEM121B
LGALS1,SORD
LGALS1,LY6D
LGALS1,LOC110120791
CD274,MTCO1P46
TEK,MYRF-AS1
NCAM1,CXCR5
IL18RAP,COMT
CAV1,KCNMB3
ENPEP,CSTA
CD151,TREX2
TEK,DUX5
CTLA4,ENSA
TLR4,INMT
TLR4,SNORA48B
TNFRSF1B,AP3B1
TNFRSF1B,LOC110121142
ITGB2,PTPN11
ERBB2,COMT
TLR8,MIR1302-3
FPR2,RRP8
MLNR,NR0B2
ATP6AP2,RAE1
GPC3,SV2B
NCAM1,AP3S1
NCAM1,RDPA
KIR3DL1,NCAM1
FPR2,LOC110120991
PVR,PROCR
TNFRSF1B,CDAN3
SMAD3,EFTUD2
GALR1,VPS51
GJA1,BRCD1
KLRD1,ATP5F1B
CRHR1,ANXA2
CLEC2D,PPARG
NCAM1,SLC43A1
NCAM1,CACNA2D1
ITGB1,ASAH1
GRIN2D,VPS51
TEK,TRI-AAT7-2
LGALS1,KCNE2
CD274,PRMT3
LRP6,CCNT1
TLR8,LOC110120585
ADGRA2,CNOT1
TLR4,TRBV6-6
CEACAM1,SLC16A2
CEACAM1,RNU6-618P
LGALS1,SRSF5
KEL,ZEB2
CTLA4,SPAM1
CX3CR1,RNF11
PVR,OR7E12P
PVR,LOC110120691
INPP5K,LRP6
FPR2,FAM230A
TLR8,TACR1
BSG,CASR
NCAM1,GREB1
ADGRE5,SH3GL3
TNFRSF1A,IGHV3-54
CD151,IGHD4-17
LRP6,LOC110121157
CD274,LOC113174986
CD274,GUCY1A1
IL1R1,OGA
NCAM1,POC1A
TNFRSF1A,RAB9BP1
FPR2,LOC110120820
GJA1,SYNGR2
TREM1,LINC01124
TREM1,ZNF847P
NT5E,TEAD1
S1PR3,AMBP
TLR4,AKR7A2
NCAM1,STOML1
THBD,CMKLR1
PTPRJ,MBTPS1
TREM1,AGAP6
BSG,OR5D2P
CD151,SKP1
CX3CR1,RBMX
CX3CR1,SNTB2
EPHA7,PNPLA6
ATP6AP2,CALCRL
CAV1,ENTPD3
CD151,TACR2
TREM1,ZSCAN12
FPR2,BCL2L15
TFRC,TXN
NT5E,SNAPC2
NT5E,PTOS1
NTM,MIR27A
PVR,TRDV3
PVR,SNORD132
ATP6AP2,POLI
CD274,NPAP1P7
CD274,GAPDHP68
EFNA1,PVR
FGFR3,TWIST1
ENPEP,TRGV10
TLR4,HSPBP1
CX3CR1,KIAA1143P2
PIK3CB,WTAP
ADGRE5,CARHSP1
CAV1,ISCU
SFRP5,SGSH
LGALS1,AP1B1P2
IL1R1,HDAC4
LRP6,CBX7
FPR2,TARS1
TLR8,TMEM97
MC4R,KMT2A
ENG,HGD
TNFRSF1A,RNU1-28P
TLR4,CNGA3
PDE1C,ACTN4
CD274,ERDA1
CD274,HDAC1
ENPEP,TXK
FPR2,IGHD2OR15-2A
FPR2,TRT-TGT3-1
TEK,FBXO28
TREM1,HNRNPA1P26
ITGB1,CDC42BPB
NT5E,GYG2
TLR8,SLC25A20P1
LRP6,RNU6-534P
TLR4,LOC112163651
CTLA4,LOC112268119
CSF1R,SNAI1
CTLA4,ZCCHC14
NTM,MIR20B
GPR27,TRAF6
TLR8,NEMF
TNFRSF1B,POLM
KIR2DS4,VPS51
ABCA1,GNS
NCAM1,NCOA4
CD274,LOC109611589
TREM1,NCAPD3
SLC40A1,MIR155
TEK,OIP5
EFNA4,TXN
CX3CR1,RPL32P2
LRP6,MAP7
CEACAM1,SPI1
TLR8,KLK3
GALR1,NCAM1
TNFRSF1B,LOC110120587
PVR,SVIL
TNFRSF6B,LITAF
FPR2,TARBP2P1
KLRD1,MAGEB2
GJA1,CLCN7
TLR4,UAP1
TLR8,LINC02913
CD274,IGHV5-51
CD274,SKP1P3
NCAM1,PUM2
NCAM1,TCEA2
GRIN2D,NCAM1
KLRB1,VPS51
MCHR1,CD74
GPER1,CAPS
NCAM1,HYAL2
HTR2C,ZEB1
ADRA2B,ZEB1
ENG,UQCRB
CEACAM1,C3CER1
CEACAM1,LOC108663993
ADGRE5,RAE1
AGTR1,PSMB1
CAV1,RCAN2
ADRA2A,MIR216A
BSG,APBB3
CD151,CCND2
LGALS1,DISC1
LGALS1,ACTBP9
FRZB,CHGA
ADGRE5,KRT38
GPER1,SUPT4H1
CX3CR1,TMSB4XP4
BSG,ZNF267
SFRP5,ACY1
CALCRL,POLR1G
TREM1,MIR574
ENG,BCAS1
NCAM1,PACS2
PVR,SLC35E2A
PPARG,TMPRSS11D
ENPEP,RUNX3
ABCA1,COX7C
TLR4,HYD2
TLR4,LOC109029536
NCAM1,EIF3A
IL7R,CAV1
GALR1,ZEB1
ADGRA2,IGHV3-47
TLR8,SNORD13I
TLR8,BMS1P3
SIGLEC5,KHDRBS1
ENG,STX16
THBD,CBR3
CD274,ANO7
CTLA4,RTN3
TEK,IFT172
CD274,TIE1
PVR,FETUB
CX3CR1,LOC106699570
EFNA4,PTK2
IL1R1,LOC107987423
TLR8,ITIH1
TLR8,ZBTB48
SIGLEC6,LILRB5
SLC9A1,BSG
GPC3,MKRN4P
PVR,CLRN1
PVR,SLC25A20P1
NCAM1,TCEA1P1
S1PR4,MBTPS1
CELSR2,WTAP
TLR8,IGHV3-79
P2RY13,LRP6
KCNA3,TWIST1
NT5E,DEGS1
CD274,GSC-DT
CD274,PMIS2
CD274,CYP2C9
CD274,SDHDP3
TLR8,LOC106804613
CEACAM1,SYCP1
IL1RL1,TERC
AGTR1,C1QC
TEK,SLC22A14
TEK,LILRB3
GRIN2B,VPS51
CAV1,CACNG3
TEK,CHN1
GABRE,MIR21
TNFRSF1A,CDC6
NT5E,RUVBL1
NT5E,VAMP3
TRADD,MBTPS1
NCAM1,PKNOX1
CALCRL,PITPNB
TLR8,C1QBP
PVR,LBX1
PVR,LOC110120624
FZD9,RYBP
CEACAM1,RAE1
CEACAM1,SUSD6
ADGRE5,POLI
CD274,MTCYBP33
IL1RAP,ZFYVE16
TLR4,SALL3
ITGB5,TLR4
TLR8,CFL1P5
CTLA4,HMG20A
TREM1,DPPA3P3
CX3CR1,LOC111946242
TLR8,RPL22P5
NCAM1,AURKA
ITGB1,MPO
CAV1,GEMIN2
CXADR,LGALS4
CD151,SH3BGR
NCAM1,PDCD10
KIR2DS4,NCAM1
CX3CR1,RBM5
CX3CR1,LOC109623491
CX3CR1,CAPN14
TLR8,ENPP7P6
CDH2,CTSC
CD274,H2BC7
CD274,KIAA0408
TNFRSF1A,CEP170
KLRD1,TRO
ENPEP,RAG2
NCAM1,UBXN4
TLR8,LOC110120596
TLR8,RPL18AP5
TLR8,FAM197Y2
BSG,LOC112268033
TNFRSF1A,IGHVIII-67-2
GJA1,ZRANB2
TREM1,RAD51D
NT5E,IGHD2OR15-2B
NT5E,IGAD1
TLR4,LOC112486216
NCAM1,CLINT1
NCAM1,DZIP3
CEACAM1,SYN2
GRIN2C,CAV1
CX3CR1,TNRC6A
CX3CR1,AP3S1
CX3CR1,RDPA
CX3CR1,KIR3DL1
SFRP5,TRBV7-4
PPARG,TRBV27
IL1RAP,LOC107986290
NCAM1,NUP93
NCAM1,SPAG1
CD274,CASP2
LGALS1,SUGP2
EFNA4,HTRA1
GCGR,KHDRBS1
CX3CR1,SLC43A1
CX3CR1,CACNA2D1
KLRB1,NCAM1
NCAM1,LOC112268055
LRP6,ABCC2
CAV1,FAM107A
THBD,LOC110120798
LRP6,SIN3A
CX3CR1,MB
MPZ,CDKN1A
MPZ,TMPRSS2
ENPEP,MTCO1P38
ENPEP,PCP4L1
KIR2DS4,ZEB1
CD274,GCNT1
PKD2L1,TXN
LRP6,LOC112163667
NCAM1,RENBP
FPR2,PLA2G15
ENG,SMAD5-AS1
CX3CR1,UBA52P1
TLR8,UQCRB
NCAM1,UPF2
NCAM1,CERT1
NTM,MIR211
BDKRB2,CEACAM1
IL1R1,IL9R
GP9,KMT2A
TRPV2,PNPLA6
INPP5K,COMT
TLR8,RPSAP67
GJA1,IGHV3-6
CX3CR1,LOC110121212
ITGB2,LOC110121049
CD274,SEC31A
CD274,MIR133A1
HLA-DQA2,WTAP
PVR,SET
TLR8,OASL
THBD,EMILIN1
NCAM1,UBE2M
ANXA2,PSMB2
CX3CR1,GREB1
TNFRSF1B,LPIN1
CD151,OR7D1P
CEACAM1,ATP5PD
ENPEP,LOC112543441
CXADR,CAV1
FGFR2,MPO
KLRB1,ZEB1
NCAM1,VPS51
THBD,ACKR2
TNFRSF1B,LOC110121157
CX3CR1,POC1A
KLRF1,CDKN1A
FPR2,KHNYN
ITGB6,ATM
CD274,DOCK4
CD274,SNORD147
CD274,ATP8A2
PROKR2,TLR4
CEACAM1,SH3GL3
CD274,EEF1A1P17
MELTF,CDKN1A
GJA1,MED26
CAV1,CYP4F8
ENPEP,SYT14P1
CD274,CLTA
CX3CR1,LOC110121144
BSG,CCNO
TNFRSF1A,TLE4
ENPEP,NMT2
GRM2,MOV10
CTLA4,TRBV26
CTLA4,SKI
GRIN2B,NCAM1
NCAM1,FOXO3B
AOC3,GANAB
ADGRE5,TFRC
GABRA1,MPO
CD151,GPR78
CEACAM1,CCND2P1
ADGRA2,SULT1B1
NCAM1,LALL
TNFRSF1B,DNAJC8
TNFRSF1B,SRMS
MPZ,STAT1
CD55,ADAM9
TLR8,CNOT1
CX3CR1,DFFB
NCAM1,LOC111429606
CEACAM6,VPS51
AGTR1,OR51A4
IL1RAP,PRKCA
PVR,EIF1
PVR,RNA5SP334
CD274,AK3P2
CD274,LYG2
GPC3,SNORD144
TLR8,CDA
GRIK4,GCM1
ADGRE5,MICU1
CX3CR1,IGHD2-21
CX3CR1,BECN1
TEK,OR3A3
LRP6,CA7
IGF1R,MKRN4P
BSG,BTG1
PVR,SNORD28B
GJA1,AP1B1P1
GJA1,HAGLR
CAV1,CD1E
TLR8,GET1-SH3BGR
TNFRSF12A,SNAI1
CD274,GRM3
ENPEP,H2AC18
ADRA2C,AFM
NT5E,SLC47A1P1
AGTR1,ETS2
BSG,LOC110121415
FPR2,TRBV20-1
IL1RAP,EIF4G3
CX3CR1,NCOA4
TLR8,LINC02233
CSF1R,CDKN1A
GABRG2,SNAI1
AMHR2,PTPN11
GPER1,SKP2
NT5E,TUBG1
MS4A4A,MPO
TLR8,HAL
TLR8,MYL6P1
NCAM1,KCNK7
CX3CR1,TUBBP4
CAV1,ARPC3
CD274,PKP3
FPR2,TARBP2
TLR8,LOC110120606
NT5E,CSTA
CX3CR1,GALR1
TLR4,DNAAF11
TLR4,TAF13
CALM1,SOD2
HCRTR1,NEDD4L
LGALS1,SEM1
TLR8,TP53TG3D
TLR8,MIR516B2
CX3CR1,PUM2
CX3CR1,TCEA2
CX3CR1,LINC02902
CX3CR1,GRIN2D
CAV1,TAPBP
KCND1,PBX3
CEACAM1,CHST2
SPHK1,CTSC
KLRD1,LOC107963947
BSG,LOC112267952
TLR8,CATSPERE
FPR1,ACTN4
TEK,EDDM3A
TEK,RSPH14
CD274,NPHS2
CD274,LOC110121037
CALCRL,COBLL1
CX3CR1,MAZ
CD274,CFAP61
GJA1,COQ7
LGALS1,ADAM9
LGALS1,LOC110120610
LGALS1,LOC107987483
ENG,TGFBRAP1
GPC3,DNAH11
AGTR1,GABRR1
IL1R1,CLCN3
TNFRSF1A,MGCT
FPR2,ANKRD62P1
PVR,TNFRSF11A
PVR,MTND2P36
CD274,GPR65
CD274,KRTAP22-1
ENPEP,LCN1P2
CLCA2,CTSC
GPER1,MIR194-2
AGTR1,COX6A1
TLR8,SEPTIN14P2
IL10RB,MPO
CEACAM1,RNU6-630P
TNFRSF1B,AVL9
CX3CR1,EIF3A
NCAM1,MRPL49
NCAM1,AURKAP1
GPER1,RNU2-1
MARCO,MBTPS1
NCAM1,CLCA1
TLR4,CMD1H
CD274,RBM6
TLR8,METTL24
NT5E,CIZ1
GJA1,ACKR2
NCAM1,PRORP
LGALS1,KIF13B
LGALS1,SH3BGRL
FPR2,IGHV3-74
NCAM1,AP2S1
NCAM1,MTCO2P14
ADGRA2,PNKP
TLR4,TSHR
PPARG,GABBR2
FPR2,TLK1
FPR2,GALNS
CX3CR1,TCEA1P1
FKBP1B,SNAI1
TLR8,PRKRA
TREM1,SIRPAP1
NCAM1,SP100
CD274,CDIPT
CD274,LOC107987296
CD274,PPARG
TNFRSF1A,RNU4-4P
TLR8,SNAP25
GJA1,CILD4
TLR4,RND2
TEK,TMED3
TNFRSF1A,TNKS
KLRF1,MIR145
TNFRSF1B,CDC6
MELTF,ATP2B1
CD274,CLEC16A
CD274,MTMR2
KLRD1,STAT2
FPR2,SRD5A2
CX3CR1,PKNOX1
ADRA1D,PBX3
LGALS1,TNP2
LGALS1,PROC
NCAM1,TYS
NCAM1,ZEB1
CEACAM6,NCAM1
SLC18A3,SOD2
ENPEP,LNPEP
KLRD1,FOXH1
IL1R1,SRPX
PTPRG,KDM5C
GRIK5,VPS51
TLR8,CFL2
TLR8,SNORD160
TLR8,IQSEC3P1
CEACAM1,LDLRAP1
CEACAM1,SNORA70H
NCAM1,RAPGEF2
CD274,MIR154
DRD5,BSG
TLR4,UBE3C
KIR3DL1,LASP1
CX3CR1,AURKA
INPP5K,GANAB
CEACAM1,LOC107522039
LRP6,SGSH
TNFRSF1A,LOC107987418
TLR8,RNU6-468P
CX3CR1,PDCD10
CX3CR1,TRL-AAG1-1
CX3CR1,KIR2DS4
CD274,HBS1L
CD274,MIR30E
CR2,WTAP
ENPEP,LOC110121188
ADORA3,PBX3
TNFRSF1B,IGHVIII-67-2
TNFRSF1B,CTR9
GJA1,PDLIM3
CX3CR1,UBXN4
CX3CR1,TSNAX
PVR,LOC121132698
PVR,LOC109648317
GPC4,SNORD114-31
CALCRL,TACR2
BSG,LOC107987015
CEACAM1,ZNF24
ADORA2B,WASH7P
TLR8,MADD
NCAM1,CHMP2A
CEACAM6,ZEB1
CX3CR1,CLINT1
CX3CR1,DZIP3
CX3CR1,GALK2
TEK,PRSS16
ADGRA2,C5AR2
NT5E,DNAJC8
GJA1,MMP14
CX3CR1,NUP93
CX3CR1,SPAG1
CX3CR1,KCNJ13
CEACAM1,MTATP6P25
GPR132,DGCR5
DRD5,PNPLA6
LRP6,PSTPIP1
GPER1,VSNL1
NCAM1,HNF1A
CX3CR1,LOC112268055
CX3CR1,LDHA
CX3CR1,KLRB1
TLR8,THOC5
EPHB6,SNAI1
CD274,KCNV1
CD274,GCGR
TEK,CCNH
NT5E,SNORD24
CEACAM1,DZIP1
TLR8,B3GALT1
IL1RAP,SRPX
GPER1,PI4KA
CTLA4,ACOT9
CTLA4,D1S111
ADRA1B,PBX3
SLC40A1,CD151
NT5E,LOC109648318
FPR2,UMOD
CX3CR1,RENBP
FRZB,CTSC
ERBB2,PCSK6
BSG,STX16
TNFRSF1B,SNORD13J
LRP6,LOC110121131
TLR8,CEP112
CD274,UBR2
CD274,CDKN2D
CD274,OR11K2P
CX3CR1,UPF2
CX3CR1,CERT1
NT5E,FCHSD2
PVR,SREBF1
PPARG,LOC110121049
TEK,LOC107986816
CX3CR1,KCNJ14
CX3CR1,GALNT2
CD274,ARPC5
CEACAM1,CBFA2T3
TEK,RYBP
CD274,RNASET2
CD274,ACTG1P22
CD274,TREM2
IL6ST,PVT1
BSG,C3AR1
CX3CR1,UBE2M
CX3CR1,FAS-AS1
CX3CR1,RTL3
CEACAM1,MMP23B
LGALS1,ARVD4
TLR8,CEACAM3
TLR8,YUHAL
IL1R1,HNRNPA3P14
TEK,DCUN1D4
MPZ,FAS
ENPEP,RNA5SP387
TLR8,CHI3L1
TEK,COMMD3
CX3CR1,VPS51
CX3CR1,KCNJ12
FPR1,MMADHC
IL1R1,SLC22A13
CEACAM1,SOX14
CD274,TACSTD2
TNFRSF1A,CRCP
CAV1,ACOT8
TLR8,LOC112268080
MC1R,TNFRSF1A
CDH2,HAND1
CTLA4,HMGB1P9
CLEC4A,ACTN4
CTLA4,SNAP29
KLRD1,PHOX2B
LRP6,CCV
CX3CR1,INSM1
TNFRSF1B,TLE4
CD274,MIR568
SLC1A5,MMADHC
ACVRL1,HDAC5
TLR8,CAPN5
TLR8,LOC107986949
LGALS1,IRS2
LGALS1,LOC110120615
ENPEP,MTCO3P11
IL7R,PBX3
EPHA2,HAVCR1
CX3CR1,FOXO3B
CX3CR1,GRIN2B
TLR8,ANIB4
TLR4,COIL
NT5E,BSCL2
CEACAM1,ABCD1P1
CX3CR1,LALL
ITGB8,HAND1
GPC3,LOC402229
HCST,PNPLA6
CD274,KAT7
TNFRSF1A,LOC110121234
NCAM1,ARHGAP32
CEACAM1,TRIM26
CTLA4,DYT7
CX3CR1,LOC111429606
CX3CR1,GALNT1
PPARG,GOSR2
GRIK5,NCAM1
GJA1,CLNS1AP1
CEACAM1,FCHO1
CAV1,RASGRP2
CX3CR1,KRT7
CD151,IGHD4OR15-4B
IL1R1,RAPGEF3
CD274,LOC112486216
LGALS1,IGHJ3P
LGALS1,PCMTD1P4
TEK,FRMPD4
CX3CR1,TRNR
FFAR2,HAND1
ENPEP,SMN1
TREM1,CD80
TNFRSF1A,LOC110121375
TNFRSF1A,LOC110121288
TLR8,OR1E1
PPARG,COX7A2
CEACAM1,KCNAB2
ENPEP,LOC107986747
LRP4,COMT
GALR1,LASP1
MLNR,CAV1
PVR,AMLCR2
CTLA4,MIR98
ITGB2,SNORD154
CD274,AKT1
TEK,TRBV7-4
CX3CR1,LBR
TLR4,GAN
GRIN2D,LASP1
CEACAM1,IGHD1OR15-1B
KLRC3,CAV1
ENPEP,CAPN15
NT5E,SETDB1
KCNA3,VPS51
KLRD1,CBLC
CD274,RASGRP3
BSG,BST1
ENPEP,VPREB1
RAMP3,GANAB
TLR4,AOC3
TLR4,LOC107986899
LGALS1,TNFRSF10D
CX3CR1,KCNK7
VIPR2,NR0B2
PVR,MED13
CEACAM1,LOC110120630
KLRD1,FAF2
TLR8,RPS14P4
ADRA2A,PBX3
GRIK5,ZEB1
CTLA4,IGHV3-20
CTLA4,RNA28S3
CTLA4,VIM2P
TREM1,LRRC37A16P
TEK,DTX4
ENPEP,IGHV5-10-1
ENPEP,RASSF8
TNFRSF1A,POLI
CLCA2,RYBP
NT5E,LOC108491836
ADRA2B,AFM
PVR,NPM3
TLR8,LOC110121237
KLRD1,SSR3
LRP6,VRK1
KCNJ10,MPO
CX3CR1,NR0B1
CEACAM1,MTCO3P14
PVR,TRBV22-1
PVR,EIF3F
GPR183,MEN1
TLR8,LOC100132078
CX3CR1,BTF3P5
PPARG,SLC12A2
CAV1,CD151
LGALS1,SLCO2B1
KLRD1,C1GALT1P3
KLRD1,C1DP5
KLRD1,DUX4L28
KLRD1,SETD6P1
KLRD1,BSNDP4
CLEC2D,USP5
TLR8,DPPA3P3
TNFRSF1B,H4C8
ADAM23,KHDRBS1
CAV1,TYR
FPR2,PTPRF
BST1,PNPLA6
TLR8,COX6CP16
TLR4,ENDOU
GJA1,LOC112533646
KLRD1,NR4A3
KLRD1,SEPTIN14P13
IL1R1,LAG3
CEACAM1,IQGAP1
PVR,SSTR3
TLR8,MTCO1P21
TREM1,LOC111818964
CD274,TMCC2
CLEC4A,SMAD4
ADORA1,NT5E
DPP4,ATP2B1
CTLA4,CSDC2
CTLA4,ST13P19
MC2R,YAP1
CX3CR1,MRPL49
CX3CR1,AURKAP1
KLRD1,RPL23AP92
LRP6,LOC110121136
CEACAM1,CDK5R2
CAV1,IPO13
LGALS1,COG5
LGALS1,SMAD4
IL1RAP,PPIC
CTLA4,MAF
ENPEP,SNORD57
ENPEP,VRK1
TLR6,CTSC
TEK,CHRNA3
CX3CR1,CLCA1
CX3CR1,NCAM1
KLRD1,GTF2IP14
KLRD1,GTF2IP9
TLR4,STK25
CX3CR1,PRORP
CX3CR1,ATP2B1
KLRD1,LOC107987323
KLRD1,LOC107986315
CEACAM1,SSX4
TNFRSF25,CTSC
FZD1,KHDRBS1
TLR4,COL1AR
CD80,SOD2
CD274,SH3GL3
CD274,ASCC3
CD274,SCARB1
CD274,OTOL1
CX3CR1,AP2S1
CX3CR1,MTCO2P14
TNFRSF1A,LOC110120611
LGALS1,ZNF143
CTLA4,SSR3
CTLA4,MDRV
TLR8,DYRK3
BSG,PUF60
NT5E,ABCC2
CX3CR1,SP100
CEACAM1,LOC112268472
TLR4,CCR7
TNFRSF1A,ACTG1P8
CTLA4,ARF6
FPR2,PPFIBP2
LGALS1,LOC112268131
LRP6,TRBV3-2
CD274,OXTR
TNFRSF1B,TNKS
SFRP5,MTCO3P14
TLR4,IGHD5-18
SSTR4,USP8
PPARG,DAPP1
PTPRG,PVR
CD274,CAB39
PVR,PAGE1
TNFRSF1A,SIRPAP1
CEACAM1,PADI2
CX3CR1,TYS
CX3CR1,ZEB1
CX3CR1,CEACAM6
CX3CR1,KIF25
CX3CR1,IDDM8
KIR2DS4,LASP1
TLR8,SNORA70I
TLR8,RRN3P3
TAS2R3,LRP6
LRP6,LOC108511947
CD200,NFKB1
LGALS1,TRBV10-1
LGALS1,HNRNPDLP5
PTPRB,KHDRBS1
CD274,RPL7AP29
KLRD1,CAB39P1
CX3CR1,RAPGEF2
TNFRSF1B,SRPK3
LGALS1,PSMA6
TLR8,ADAM15
FPR2,PTPRH
CTLA4,RPS6KA6
CTLA4,IFI44
PVR,CECR
TNFRSF1B,APBB3
CX3CR1,DTX2P1
CX3CR1,CXB3S
ADRA2B,WTAP
TLR8,LOC121132706
MRC1,SOD2
GP6,AHR
GJA1,TMPRSS11D
TNFRSF1B,CLCN7
TEK,RBX1
KLRB1,LASP1
LGALS1,LOC121056746
LGALS1,PLAAT4
KLRD1,NASP
TNFRSF1A,LHFPL6
TLR8,PNKP
NT5E,NOS1AP
GPER1,SOX15
CEACAM1,ZNF19
CEACAM1,LOC109461484
PVR,H4C12
FPR2,LOC111818964
CD274,STEAP1
CD274,CPSF4
ANXA2,SSTR4
KCNA3,NCAM1
LRP6,RBM34
LRP6,RAB21
TLR8,LOC106501713
ATP6AP2,OR7E24
TLR4,CCR6
CX3CR1,CHMP2A
EFNA4,HABP2
MCHR1,STAT1
ENPEP,MYOF
CEACAM1,IFITM3
TNFRSF1A,SNORD62A
NTM,DKC1
NT5E,SMC4
CLEC4A,MIR27A
GPER1,PTPN11
DLG1,AHR
CX3CR1,TRY-GTA8-1
CX3CR1,AHCY
CALCRL,NAAA
KLRD1,HEYL
GRIN2C,VPS51
FRZB,SNAI1
LGALS1,ZNF135
KLRF1,MMP9
TNFRSF10B,KHDRBS1
NR3C2,ADAM9
LGALS1,TRAPPC2P6
LGALS1,RNF6
IL20RA,PCSK6
CSF1R,CASP9
TNFRSF6B,SOD2
TLR4,CDH4
CX3CR1,HNF1A
LRP6,SNORA104
KLRD1,STX12
KLRD1,LOC115995531
KLRD1,NAP1L3
CAV1,IGHV3-47
CD274,MBL3P
KLRD1,LOC107986552
TLR4,CCR5
LCN1,VPS51
CEACAM1,H4C7
ENG,RASGRP3
FZD4,RYBP
KLRD1,RAB3D
KLRD1,TCF7
KIR3DS1,KLRD1
GPC3,MIR200A
NT5E,SMARCE1
CD274,GSTA7P
CTLA4,CCNA1
CX3CR1,KCNA5
KLRD1,TRBV17
KLRD1,NARS1
ENPEP,SNORD62A
GJA1,MIR21
KCNA3,ZEB1
CTLA4,LOC110121099
LGALS1,FKBP15
LGALS1,EDAR
LGALS1,PTMS
NCAM1,HNF1B
GJA1,ZNF165
KLRD1,APBA3
KLRD1,KPNA4
GFRA3,COMT
CD274,ELP1
CD274,NUB1
TNFRSF1A,TDRD7
ENPEP,ABCA6
KLRD1,LOC111875821
KLRD1,MZF1
ATP6AP2,RBM6
NCAM1,GANAB
GPC4,SCAMP2
TNFRSF1A,UBXN8
NT5E,LINC02574
NCAM1,OSGIN2
CD274,LILRB5
IL1R1,RWDD2B
TEK,HIRIP3
CD274,CDK5R2
CD274,CBX4
CD274,PPP2R2B
CX3CR1,RPSAP13
TLR8,LOC107987436
ATP1A3,PNPLA6
TNFRSF1A,SAP30
KLRD1,TP53I3
KLRD1,EI24
KLRD1,LOC112268416
KLRD1,CP20
KLRD1,SPRR3
KLRD1,LCT
GRIN2B,LASP1
ENPEP,LORICRIN
CX3CR1,LOC112268290
LGALS1,ZP1
LGALS1,DDO
LGALS1,CEACAMP9
LGALS1,SLC16A2
LGALS1,MTCYBP18
IL1RAP,GABBR2
ADGRA2,OR4F4
NCAM1,LOC112268071
GPR132,PNPLA6
CRHR1,SOD2
FPR2,TEAD3
FPR2,SNORD28B
SMAD3,CTSC
TLR4,IQCE
TLR8,C5AR2
CD274,KLK2
TEK,SRMS
TEK,LOC115945158
KLRD1,TM7SF2
KLRD1,RN7SKP241
CTLA4,NFAT5
ENPEP,VIPR2
TLR4,DNAJC8
TLR4,TAF5
KLRD1,RN7SL656P
PVR,MORF4L1
CEACAM1,SNRPF
CEACAM1,LOC111365190
CD74,CLCN4
KLRD1,OFD1P17
KLRD1,CLIC3
KLRD1,NAP1L1
TEK,SNORD3B-1
TEK,SLC26A1
TEK,LOC110121207
TEK,RNU1-70P
IFNLR1,MPO
CX3CR1,LDHBP2
TLR4,RNU1-28P
NT5E,H4C8
LGALS1,LOC110121093
LGALS1,UCHL1
TLR8,LOC109648314
KLRD1,PKD2L1
KLRD1,TAF9
GPER1,CEACAM1
ENPEP,CILD4
CTLA4,MED12
CTLA4,FEB1
CD274,SNORA60
CLEC10A,LAMP3
ENPEP,TRA-AGC16-1
CEACAM1,TBC1D7-LOC100130357
DPP4,COMT
KLRD1,CETN2
KLRD1,IGDCC3
KLRD1,TSPAN7
KIR2DL4,KLRD1
NT5E,GPR78
NTM,MIR155
CEACAM1,LOC112469016
CX3CR1,ARHGAP32
LRP6,PTPRF
BSG,SNORD65B
FCGR3B,HLA-DRB1
CD274,PKIB
TLR8,MTCYBP16
TLR8,WBP1LP11
CX3CR1,GRIK5
ENPEP,SRM
ENPEP,SNX18P23
C5AR1,BAG6
KLRD1,CAV2
KLRD1,UPK1B
LILRB5,DCAF13
LGALS1,EPC2
TLR4,NOMO1
TLR4,LOC107963949
ENPEP,COX6CP1
PVR,SCARF1
PVR,SDHB
KLRD1,HIP1R
FPR2,PPIAP22
CX3CR1,KRT5
CX3CR1,AGXT
THBD,LOC112272592
NT5E,SOS1
GJA1,SLC1A7
ENPEP,MPP3
ENG,TRS-AGA6-1
GP6,KLRD1
ADGRA2,FOXD3
PVR,CCNDBP1
PVR,ITSN1
LRP6,PSMA6
FGFR4,SOD2
KLRD1,RNF8
GJA1,NNO1
SFRP5,GFI1B
LGALS1,UBE4B
NT5E,RNU6-322P
TLR4,MAP7
KLRD1,INVS
KLRD1,PARN
NT5E,CHRNB1
CSF1R,GANAB
ENPEP,CCNF
ENPEP,KLHDC10
EPHA7,TLR4
KLRD1,LOC111519897
TNFRSF1B,TUBGCP4
FPR2,GSPT1
CTLA4,INA
CTLA4,SNORD115-6
GPER1,SPRY2
IL1R1,LOC110120726
GRIN2C,NCAM1
LGALS1,HUWE1
KLRD1,TAF7
TEK,OR7A8P
TLR8,ADAM19
LGALS1,MTND3P18
NT5E,HDAC9
ENPEP,GP9
TLR8,LOC401324
IL1R1,CEMIP2
BSG,TYR
ENPEP,OTOF
ENPEP,VWA5A
CD274,RAE1
CD274,LOC110121405
TLR8,SLC6A21P
KLRD1,UBA3
KIT,KLRD1
NCAM1,SSNA1
CX3CR1,AK2
IL1RAP,IGHVII-67-1
CTLA4,ST3GAL5
CTLA4,BCYRN1P2
CALCRL,SERPINB7
LCN1,NCAM1
NCAM1,ARPC3
KLRD1,TAAR5
ENPEP,TERC
IL1RAP,BAG6
MC5R,WTAP
CEACAM1,ARSDP1
TLR8,RNMT
IL1RAP,CHST2
EPHA2,IL1RAP
LRP6,LAMP3
CD151,IL1RL1
KLRD1,RNU6-982P
PECAM1,ADAM9
CD274,LOC110120787
CD274,PPIAL4E
CD274,UBE2SP2
CD274,DNM1DN11-7
NT5E,KIF1B
CX3CR1,ATP5F1AP2
KCND1,ZEB1
ENPEP,TRPV1
LGALS1,CDKN1C
CALCRL,ADCY1
TLR8,LOC121132707
TEK,SLC6A14
CEACAM1,COL1AR
CEACAM1,LOC112268114
KLRD1,SSR4
CTLA4,ACTR1A
CTLA4,LOC112163651
CTLA4,PLRG1
CD274,CEP104
NTM,ADGRE5
MPZ,GCM1
FGFR2,USP5
TAS2R10,SNAI1
PVR,SNHG1
PVR,CAT
NCAM1,NCBP1
LRP6,BEST1
MCHR1,ADAM17
SFRP5,C1QC
FPR2,FYN
KLRD1,ORC4
ADRB1,NFE2L2
CAV1,KLF6
IL7R,VPS51
IL1R1,CBFA2T3
CAV1,KIF1B
PVR,MLF2
MC4R,TRAF6
GJA1,SLC12A4
NT5E,SLC17A4
LRP6,VLDLR
CLEC4A,USP14
ENPEP,COG1
ENPEP,PRKCA
CEACAM1,GNPAT
CEACAM1,CHAF1A
GPER1,OFD1
LCN1,ZEB1
IL1RAP,LOC110120726
ANXA2,TBX4
CD274,TNNI1
TNFRSF1A,MYRF-AS1
CLEC2D,TNFRSF1A
CTLA4,PLS1
CEACAM1,NOL11
CEACAM1,YBX3
LGALS1,PXDN
LGALS1,RNA5-8SN4
TLR4,MTMR1
KLRD1,LOC112267936
CAV1,OR7E66P
LGALS1,USP14
ERBB2,NFE2L2
ADGRA2,FBXO8
ENPEP,EID3
GP9,LOXL2
CX3CR1,GALNS
LAMP2,KHDRBS1
KLRD1,PRC1
KLRD1,TNNC2
TEK,IGHV7-34-1
ENPEP,MTMR7
NCAM1,BAZ1B
ENPEP,BEST1
CEACAM1,TASOR
CAV1,FKBP8
TLR8,LOC106736481
CD274,MBNL2
CD274,MCOPCT1
LGALS1,HFE-AS1
LGALS1,NECTIN2
CX3CR1,FBXO28
TEK,RNU6-719P
HTR5A,TERC
ENPEP,VLDLR
CD274,UGT2B4
CD274,HMSNO
CRHR1,BECN1
ENPEP,MYRF-AS1
CTLA4,LINC01850
GRIK4,MIR29C
SFRP5,ACTG1P9
CTLA4,FGFR2
ADRA1D,ZEB1
GJA1,LPAR4
ENPEP,MROS
CD274,KIF23
CD274,NACAP2
LGALS1,SNAI1
LGALS1,UPF1
MPZ,ADAM9
KLRD1,RHBDL1
ENPEP,VMD1
PROKR2,PVR
EPHA2,TWIST1
IL1RAP,CBFA2T3
ENPEP,HS6ST1
SLC18A3,CASP9
CTLA4,PNKD
ANPEP,KHDRBS1
CD274,ARHGEF18
PTH1R,WTAP
LRP4,LAMP3
ADGRE5,ANXA10
ENPEP,LOC112543477
ENPEP,VIPR1
TAS2R10,PTPN11
CX3CR1,TSG101
CX3CR1,BLK
CTLA4,TMX3
NCAM1,UCHL3
TLR8,C8B
TLR4,ST3GAL3
GJA1,FOXD4L6
TNFRSF1B,LHFPL6
LRP6,TEAD3
CD274,TRIM35
CAV1,ABCD1P3
LRP6,PSMD10
CTLA4,HEATR5A
CX3CR1,KCNA3
TLR8,KLHDC10
FPR2,PTPRG
TLR8,PHF8
TLR8,SNORD17
ENPEP,VRK2
CD274,LOC731631
EFNA4,CHGA
TNFRSF1B,SNORD62A
TLR4,SCZD6
CEACAM1,LOC107987016
NR1H3,KHDRBS1
TEK,VIL1
TEK,LOC107986656
ADORA3,ZEB1
CALCRL,SRY
NTM,MIRLET7D
NT5E,LARP4B
CAV1,RASGRP3
BSG,CFAP61
CXADR,AHR
KLRD1,LOC112268071
TLR8,STBD1
TLR8,STX16
CTLA4,LOC112352679
GJA1,SNORD3B-1
KLRD1,NAP1L2
PVR,LOC112268113
MC1R,TNFRSF1B
ADRA1D,AHR
MCHR1,TERC
CD274,SUMO3
CD274,VEZF1
JAG1,KMT2A
CX3CR1,SNORD116-25
LGALS1,CLIC1
ADORA2A,YAP1
GIPR,RYBP
CTLA4,PPID
CAV1,ABCB6
CALCRL,SSTR1
CD274,MEFV
EPHA2,MFN2
KLRD1,SLC17A5
FPR2,KCNQ1
KCNQ1,SOD2
AGTR1,CCNF
TEK,ATP6V0D1
TEK,TYR
FKBP1B,TRAF6
CD274,COL1AR
CD274,LOC110121139
CD274,PDZRN4
CX3CR1,HNF1B
BSG,BAG5
CASR,MMADHC
TLR8,SNORD175
TLR8,SNORA113
CEACAM1,EIF3G
ADRA1B,ZEB1
CTLA4,PSMB9
CTLA4,PDIA3
TLR4,PSTPIP2
TLR4,ZBTB16
MC4R,LITAF
CX3CR1,KRT9
CEACAM1,IGSF6
PPARG,NPM3
LGALS1,LOC110121037
TLR8,IMMT
ENPEP,OIP5
TNFRSF1B,OR5G1P
GPER1,CHST2
NTM,TXN
CX3CR1,OSGIN2
ADORA3,AHR
CALCRL,ADCY9
IL7R,NCAM1
PVR,KCNE3
TLR4,AVSD1
PTH2R,PTPN11
CTLA4,SDF2
KIR3DS1,LASP1
CD274,SULT1E1
TLR8,OR11J5P
CEACAM1,LOC113175010
MC4R,YAP1
TEK,IFITM3
GJA1,ZNF112
CX3CR1,LOC112268071
LGALS1,ANKRD62P1-PARP4P3
LGALS1,LOC113175003
CEACAM1,ZNF26
TLR8,LOC106799846
MCHR1,MIR296
ENPEP,LIPG
CTLA4,NR1H2
LGALS1,PBCA
TEK,DZIP1
CD151,TRBV7-4
OPRK1,TLR4
LGALS1,PCSK6
NCAM1,CHIT1
GRIK5,LASP1
TNFRSF1B,ZNF124
PVR,C5AR1
LGALS1,LOC108491832
LGALS1,LOC107436008
HLA-DPA1,MIR21
P2RY13,GBP1
CTLA4,CLCN2
CTLA4,TAS2R38
CTLA4,FXYD4
LPAR4,MIR219A1
NTM,MIR320A
NCAM1,CAPN6
NCAM1,LOC112163674
TLR4,C1orf43
TLR4,PLA2G6
ADRA1B,AHR
JAG1,TXN
KLRD1,RCVRN
PVR,LOC110121145
ENPEP,SLC22A14
TNFRSF1B,TRBVB
IL7R,ZEB1
PPARG,SKP1
ENPEP,CHN1
ENPEP,VIM
TLR4,AKAP1
LGALS1,GPR162
LGALS1,LOC110121419
LRP6,CMAHP
KLRD1,LCAT
TEK,SLC1A2
MPZ,STAT3
TLR4,HBHR
NCAM1,CAPZA1
KLRD1,SSNA1
TNFRSF1B,PDLIM3
EPHB1,HDAC4
CTLA4,SLC26A1
CTLA4,ELL2
TEK,FADD
NCAM1,MCM3AP
CAV1,LILRB5
CEACAM1,IFI30
BSG,TIMM17B
LGALS1,NUTF2
PVR,CAMLG
IL1R1,ZNF177
KLRD1,LASP1
CD274,ACTC1
GJA1,B3GALT4
CEACAM1,TMSB4XP2
KIR2DL4,LASP1
KLRD1,STAM
CTLA4,LOC107987486
TNFRSF11A,BECN1
PVR,SMG6
PVR,LOC110121270
PVR,NKX2-1
KLRD1,STMN1
CX3CR1,KCND1
TLR4,OR7D1P
MELTF,TLR4
ENPEP,TGFBRAP1
STX1A,MBTPS1
CTLA4,CACNA1C
MARCO,BECN1
CD200,CAV1
CD274,CCR5
CTLA4,KHSRP
CTLA4,LOC112267914
CTLA4,SNORD129
GP9,CTSC
TAS2R13,MIR21
FPR2,MTCYBP28
CD274,SMIM4
CAV1,IGHD4OR15-4B
GP6,LASP1
KLRD1,SLC22A18
CXADR,KLRD1
CX3CR1,GRIN2C
TYRO3,VPS51
LPAR4,MIR296
KCNJ2,PVR
CTLA4,ABCC8
CTLA4,RNU2-55P
ADRA1D,KLRD1
TEK,ACSL6
TEK,NPIPB14P
ADCY1,CTSC
CX3CR1,UNC119
CX3CR1,LCAT
NT5E,IGHD3OR15-3A
ADRA2A,ZEB1
CTLA4,SPRY2
CD200,TEK
TLR8,EIF2S3
CX3CR1,SSNA1
CD160,MMADHC
KLRD1,F2RL3
CD274,EFTUD2
LRP6,TRBV7-4
FPR2,CFAP61
CX3CR1,ARPC3
IL1RAP,ZNF282
NT5E,ZCCHC14
TEK,CFAP298-TCP10L
CTLA4,SNORD116-26
KCNQ1,CDKN1A
KLRD1,ENTPD3
KLRD1,TAF10
DLG1,LASP1
CX3CR1,LASP1
ENPEP,MTA1
KLRD1,BAZ1B
IL1R1,ATP1B2
CEACAM1,ENC1
TEK,FSTL4
CDH3,HAND1
NT5E,SNX13
ACVRL1,TXN
CD274,KLK10
CD274,ABCC6
CTLA4,SORD
LGALS1,FBXO25
LGALS1,LOC112533656
CX3CR1,STMN1
KLRD1,ISCU
TLR8,FOXD3
LRP6,TNFRSF25
KIT,LASP1
CX3CR1,NCBP1
CX3CR1,LCK
PVR,UBA1
PVR,LOC110120756
PVR,TUBA4A
TLR8,LOC110120648
GPC3,CDC42BPB
CEACAM1,CLEC10A
GFRA2,RYBP
TLR8,PUF60
TREM1,DM1-AS
ADORA3,KLRD1
FPR2,PTPRJ
TLR4,MADCAM1
TLR8,SAI1
TEK,LOC112268170
TEK,LOC110120771
CD274,CBX7
CD274,ADAM23
GPC4,GK3P
ITGB2,SCAMP2
FPR2,MMD
NCAM1,IRF2BP1
LGALS1,SNORA120
KLRD1,OR3A2
GPC4,STAU1
GP6,AFM
ENPEP,TRBV7-4
CAV1,OR10H2
HLA-DPA1,CEACAM1
ADRA2A,AHR
CD274,PDE1A
CD274,NPM1P36
CD74,COX5BP1
TEK,DAGLA
TREM1,ASD1
NCAM1,PLCB2
EFNA1,CALCRL
CTLA4,MIR222
CX3CR1,AP1M2
PVR,ATP1B4
CEACAM1,ZNF37A
CLEC2D,TNFRSF1B
CX3CR1,KCNC3
CEACAM6,RYBP
ENPEP,SNORD116-6
NT5E,SNORA104
KLRD1,UCHL3
KLRD1,RPSAP14
TLR4,LPAR3
TLR8,PDSS1
CTLA4,ABCA7
CTLA4,RNF216
PVR,CLNS1A
KLRD1,VSNL1
ENPEP,SLC22A13
ADRA1B,KLRD1
DLG1,AFM
CX3CR1,BAZ1B
GPER1,CHTOP
LGALS1,HYAL6P
CX3CR1,KRT12
GJA1,DCHS1
GJA1,PPP2R3A
NT5E,LOC112268009
ADGRA2,SNORD3B-1
IL1RAP,ATP1B2
CD274,TYRL
S1PR3,ATP2B1
TLR4,APBB3
TLR4,LOC112533686
TNFRSF1A,EDF1
PVR,SNRPD1
TLR4,ZNF267
CTLA4,GYG2
TLR8,LOC110120640
ENPEP,RPL5P11
TLR4,CHGA
KCNA3,LASP1
TNFRSF1B,CNBP
ITGB6,BECN1
TLR8,IKZF3
ADCY1,MMADHC
ENPEP,CIAO1
ENPEP,EIG3
SLC18A3,CTSC
CD274,ITGB6
CAV1,AFG3L2
PVR,CLCA2
CD274,CDK17
GPER1,RAB9A
GJA1,SPDYE2
CTLA4,LOC110120581
CX3CR1,CD1E
CX3CR1,UCHL3
CX3CR1,RPSAP14
CX3CR1,ALOX12B
ENPEP,ATP5F1EP2
CAV1,FRMD4B
CEACAM1,IGHV3-64
PVR,ERV3-1-ZNF117
ST14,CTSC
LGALS1,PEA15
LGALS1,SNRPF
LGALS1,LOC112486216
KLRD1,SCD
TLR8,SOX3
TLR4,PSTPIP1
CTLA4,PPP2R2B
CD274,PHLPP1
CD274,SNRPEP2
SFRP5,TBX4
CX3CR1,RPL21P128
TLR8,FBXO8
PVR,PDZK1IP1
TLR8,TLL1
TEK,CNTNAP3P4
KLRD1,GPSM1
CD274,NR1H3
CD274,ACTBP7
LGALS1,CDH2
NCAM1,TYRO3
CTLA4,TTLL3
CTLA4,RNA5SP530
CSF1R,KHDRBS1
NT5E,PIP4K2B
TLR4,H2AP
TLR4,LOC112268303
CD274,ZNF254
CD274,PPP1CA
ENPEP,MPG
LGALS1,CUL5
CTLA4,SUCLG2
CTLA4,HNRNPA3P6
TLR8,CDC6
CD274,COPB1
LGALS1,WSCD1
LGALS1,ST3GAL5
CEACAM1,LOC112272573
CTLA4,ATP5F1B
KLRD1,CHIT1
TEK,MTCO1P42
TLR4,CMKLR1
TNFRSF1A,ALYREF
CEACAM1,NR2F1
TLR4,CHRNG
TLR8,MTA1
CTLA4,NECTIN3
KLRD1,CAPN6
KLRD1,LOC112163674
PVR,C2CD5
GIPR,MBTPS1
CTLA4,HTRA1
CSF1R,MIR21
KLRD1,TAF11
LGALS1,SRY
LGALS1,MTATP6P25
DPP4,WTAP
ENPEP,SEC22C
TNFRSF9,KHDRBS1
PVR,KRT38
CD274,ARL3
TLR4,HS3ST3B1
TNFRSF1A,CLTA
CTLA4,CHI3L1
CEACAM1,ZNHIT3
LGALS1,KDM5C
LGALS1,ZNF33B
LGALS1,SEMG2
TREM1,GNPAT
KLRD1,CAPZA1
NCAM1,TSHRL1
LGALS1,PUJO
ITGB2,OR7E47P
GJA1,RAB9A
CX3CR1,IL7R
CEACAM1,ECB2
NT5E,SNORD34
IL1R1,COX5BP1
CTLA4,TPM3P6
LPAR1,NT5E
GIPR,BECN1
KLRD1,MCM3AP
ADRA2A,KLRD1
PVR,CASK
KLRD1,ENTPD6
GJA1,GOLGA8M
CEACAM1,NPM3
CD274,UBE2M
ENPEP,ST3GAL3
CTLA4,UPK3A
CTLA4,OR2T35
LPAR4,NR0B2
GJA1,ACVRL1
CD274,MDFI
PVR,TGM4
CX3CR1,MICOS10-NBL1
TLR4,TSC1
ENPEP,MOCS2
IL9R,NT5E
CX3CR1,CHIT1
CAV1,CNTNAP2
C3AR1,CAV1
LGALS1,LONP1
TLR4,PCGF2
CTLA4,THOC5
CTLA4,ST13
CTLA4,VAMP3
TLR8,TNFRSF25
PVR,SLC38A3
ENPEP,TRBV12-5
IL1RL1,CALCRL
TNFRSF1A,LOC110121101
CEACAM1,LINC02574
CD274,RPL32P1
CX3CR1,CAPN6
CX3CR1,LOC112163674
LRP6,LOC112272592
KLRD1,SERPINB4
GPR39,MPO
LRP6,VIS1
LGALS1,LOC112163645
LGALS1,MTHFD1
CD274,CELF2-AS2
IL9R,GANAB
GJA1,SAMHD1
LRP6,MBTPS1
TNFRSF1B,TMPRSS11D
GJA1,FRMD4B
CALCRL,CARD8
NCAM1,TYRO3P
CTLA4,LOC107436002
CX3CR1,KAT6B
GFRA3,RYBP
TLR4,SUGP2
LGALS1,TXN
LGALS1,SLC1A2
CX3CR1,CAPZA1
ITGB2,TBC1D9
CD274,OR9S24P
TEK,MCF2L
TEK,LOC110120596
GPER1,RABGGTB
IL1RAP,MEA1
TNFRSF1A,RBM6
CTLA4,SDHD
CTLA4,PLXNB1
GFRA3,SNAI1
CX3CR1,MCM3AP
LRP6,PTPRJ
TLR4,UVRAG
LGALS1,ACHE
TNFRSF1A,RIMS3
CD274,LOC110121314
CD274,FRA8E
GRIN2C,LASP1
GJA1,WDR43
CTLA4,ITGA8
CTLA4,LOC440568
CXADR,ACTN4
CAV1,LRRC17
ENPEP,VIS1
LRP6,IDDM17
LGALS1,XK
TLR4,RIDA
CHRM3,HAND1
TEK,SNORD14A
TEK,TNFRSF10A
CEACAM1,SLC30A9
CD274,TNFRSF1A
CTLA4,CDH3
CTLA4,LOC112533652
CUL5,CHGA
ADCY9,MMADHC
NT5E,CLCN5
ENPEP,FHIT
TLR4,IGHV3-6
TLR8,FAM27E3
KLRC3,VPS51
PCDHB1,CASP9
CTLA4,RECQL
MRC1,CTSC
CD274,RNF103
CD274,HLA-DRB2
CD274,CTBP2
KLRD1,IRF2BP1
TEK,TBPL1
LGALS1,SNORA63C
CAV1,H4C8
KEL,TLR4
CD274,PPA2
TEK,NR0B2
CEACAM1,PPFIA2
CTLA4,PLEK
CAV1,IGHV1-17
IL18BP,GANAB
KLRD1,PLCB2
CD274,SATB2
CTLA4,IGLJ
CTLA4,LOC110121033
TEK,RPSAP67
LGALS1,CPSF4
LGALS1,PCOS1
LGALS1,TRA-CGC5-1
MCHR1,PTEN
CD274,DGKD
CD274,MYOD1
IL1RL2,LITAF
TLR8,CENPF
CALCRL,TRBJ2-2P
TREM1,ACVRL1
TNFRSF10C,LITAF
CTLA4,PPIAL4A
CALCRL,H2AC11
CX3CR1,KRT6B
CD274,LOC107987359
IL1R1,SKP1
TLR4,TSG101
TLR8,ABCC3
CEACAM1,OR2K2
CD274,TLE4
TLR8,PVT1
CXADR,LASP1
CTLA4,OSBP2
CTLA4,LOC112529900
CTLA4,PRRG1
TRPV2,KHDRBS1
NT5E,SDCBP2
TEK,TACR2
TNFRSF1A,ARPC5
ADRA1D,LASP1
LGALS1,TRIM29
LGALS1,LINC02675
GABRG2,MEN1
PVR,TTK
CTLA4,ACSL6
CTLA4,IKBKG
CTLA4,LOC106736477
ENPEP,LATS1
AGTR1,WASH7P
CD274,ZNHIT3
CD274,HAS3
LRP4,MBTPS1
LGALS1,TRMT2A
LGALS1,MID2
SIGLEC5,USP14
TAS2R3,USP14
CTLA4,PLXNB3
CTLA4,TRH-GTG3-1
PPARG,PKDREJ
CX3CR1,IRF2BP1
CEACAM1,XAGE2
TEK,SLC12A7
TNFRSF1B,TRBV27
CD274,MAGI2
CTLA4,RPS6KB2-AS1
CX3CR1,PLCB2
CEACAM1,KIF1B
LGALS1,IQGAP1
PVR,SHC1
CEACAM1,LOC107987418
S1PR3,EPHX1
CD274,SNORD153
ADORA3,LASP1
PVR,LOC112268484
CEACAM1,CARHSP1
CEACAM1,FOSL1
CD274,PLAG1
LRP6,RASGRP3
ENPEP,MTMR4
MCHR1,LRP6
PVR,TADA2A
TNFRSF1A,IGHVII-67-1
EPHB1,PCSK6
CD274,HNRNPA1P26
CXADR,AFM
LGALS1,LOC111828514
TEK,CBL
ENPEP,TTK
CEACAM1,RNU6-1285P
CD274,PPIAP7
CD274,CHKB-DT
SELL,CDKN1A
EFNA1,LAMP3
KLRD1,TYRO3
ADRA1D,AFM
TNFRSF1B,EDF1
LGALS1,ST3GAL3
EFNA2,ADAM9
CD274,MTND2P39
GPER1,TRGV8
LGALS1,RAB5B
LGALS1,ATP5F1B
LGALS1,TRT-TGT2-1
CX3CR1,TTLL13P
PVR,TRAPPC2P3
LPAR4,PTEN
NCAM1,TCF7L2
CD274,NCAPD3
CD274,IGF2-AS
TNFRSF10D,LITAF
TLR8,LOC112163529
ENPEP,PSMD13
ADORA3,CTSC
TLR8,TXNDC9
ADRA1B,LASP1
PVR,H4C11
PVR,LOC110121102
CX3CR1,CHRNA1
CD274,KIF25
CTLA4,ARSDP1
CTLA4,GLUD1P6
MMP14,LAMP3
IL9R,TERC
NCAM1,TSC2
CTLA4,HYAL2
ADAM21,LITAF
TEK,RASAL1
GHSR,COMT
CTLA4,FRZB
CEACAM1,H2AP
CEACAM1,ZNHIT2
GP1BA,LAMP3
LGALS1,THY1
LGALS1,PRKXP2
LRP6,LOC110120726
SELL,ADAM9
ADORA3,AFM
CTLA4,PLSCR1
CTLA4,HBA2
CTLA4,CBLIF
KCNA3,KCNJ8
GPER1,MEA1
KLRC3,NCAM1
EPHA2,MMP9
KLRD1,TSHRL1
EFNA2,PTPN11
TEK,LOC112806040
TEK,MTCO1P38
CTLA4,MIRLET7D
TAS2R14,CTLA4
CD151,GLYAT
LRP6,ADAM1A
PDGFRA,PVR
ADRA1B,CTSC
LRP6,EIF3I
FGFR3,CEACAM1
CX3CR1,TYRO3
CTLA4,IGHD6-13
CTLA4,OLFML2B
GJA1,MIR4422HG
CX3CR1,SLC29A2
PLG,GANAB
CD274,COPS2
CD274,PRKAG3
CEACAM1,TOR2A
TLR4,ACKR2
TLR8,BECN1
LGALS1,IGHV1-46
CTLA4,NOL11
CX3CR1,ELF2
TLR8,IMMTP1
CLEC4A,MIR155
TLR4,LOC112268009
AMHR2,MPO
TLR8,SNORD144
CALCRL,TRBV27
NCAM1,LOC107987164
ADRA1B,AFM
TEK,LOC112543441
IL7R,LASP1
CTLA4,LOC110121159
CEACAM1,DKFZP434A062
GJA1,TRGV8
ENPEP,MTMR6
NCAM1,IGHV7-34-1
CD274,ARHGAP25
PTPRF,WTAP
IL1R1,RAD17P1
CAV1,COX7B
TLR8,TNFRSF18
TEK,PCSK1N
TEK,LOC112163667
CD274,SPIN2A
LGALS1,SPRR2G
TLR4,CA6
ENPEP,ATP6V0D1
TNFRSF1B,CLTA
TLR4,GPAA1
SSTR4,ADGRE5
TEK,LOC111365191
GJA1,TNFRSF6B
KLRD1,TYRO3P
PVR,SIAH2
LGALS1,MYRF
TRPV2,PVT1
GJA1,GPX7
CX3CR1,TSHRL1
CX3CR1,MIR136
TNFRSF25,LITAF
CEACAM1,COX6A2
TAS2R13,MOV10
GPC4,SELL
PVR,ZNF85
IL1R1,TRBV5-1
ENPEP,DZIP1
GP9,USP14
CTLA4,LPSA
TEK,SACS
CD274,MAP2K6
CD274,PDCL
LRP6,AKAP12
TREM1,RCAN2
LGALS1,UBE3AP2
KLRF1,MIR21
ENPEP,CBFA2T3
CD274,HDGFL3
ENPEP,TEK
CTLA4,MADD
LGALS1,RNPEP
TLR8,MTMR4
CD274,FOSL1
GABRG2,PTPN11
TLR4,G3BP1
CTLA4,MBS1
ADRA2A,LASP1
CTLA4,PLS3
KLRD1,SUGT1
TLR8,DNAH11
LGALS1,ASCL1
LGALS1,LOC112272567
LGALS1,ATP2A1
ENPEP,MOV10
GJA1,IGHV3-48
PVR,TRBV7-1
TLR8,HERC2P9
TEK,FAM32A
TEK,H2AC18
CEACAM1,SSR4
CD274,SLC25A13
CX3CR1,TYRO3P
LRP6,VPS41
LGALS1,RHBDD3
ENPEP,CTXN1
SSTR4,ENDOU
GRIK4,MFN2
CD274,LOC108281154
CTLA4,HDAC6
CTLA4,MTND6P30
CTLA4,KLK9
GJA1,COX7C
TNFRSF1B,RBM6
GPR25,MPO
GFRA3,MBTPS1
NT5E,KIAA0930
ENPEP,CD200
LGALS1,OSBP2
LGALS1,ADGRE5
LGALS1,PRRG1
CTLA4,MTHFD1L
CTLA4,SHC1
CTLA4,DHRS9
TLR4,CNTNAP2
CD274,SNAP23
CD274,MIR575
TNFRSF1B,RIMS3
CX3CR1,GALC
LGALS1,BECN1
MC1R,SFRP5
CD274,ZMYM2
CD274,LOC110120570
CD274,BPIFA1
TLR8,RASGRP3
ENPEP,FAM166A
CTLA4,ABCC6P2
TLR4,STK24
TEK,HEPH
TNFRSF14,LITAF
TLR8,B3GALT4
MOG,PVT1
GJA1,NPM3
LAG3,CALCRL
ADGRE5,COX6A1
KCND1,KCNJ8
LRP6,PSMA7
CTLA4,ERN1
CTLA4,ATP5MGP1
CD274,TNFRSF1B
LGALS1,LOC107986899
LGALS1,PTGFRN
GFRA3,BECN1
PCDHB1,CTSC
LGALS1,CALB2
LRP6,SELL
CTLA4,MCF2L
FPR2,C1QC
ADRA2A,AFM
TEK,TRBV5-1
IGF1R,MYH6
TNFRSF1B,PCDHGA12
NTM,EPHX1
KCNA3,CEACAM1
PVR,BUB1B
KLRD1,ARHGAP4
CD274,SNORD114-9
TEK,RAB38
TEK,SLC43A1
TRADD,LITAF
CD274,YBX1P1
LGALS1,LOC110120995
GPER1,AP3S2
HTR5A,TEK
CEACAM1,IGHD4OR15-4B
TLR8,HYAL2
CTLA4,KRT17
TAS2R10,CTLA4
GRIN2C,KHDRBS1
PVR,IGHVIII-67-2
PVR,LOC108348028
LRP6,RAB9A
CD274,FADD
CD274,RAP1GAP
CTLA4,TNFRSF10A
CD274,KRT38
CD274,GADD45B
KCNQ1,GANAB
GP9,RYBP
TNFSF8,ADGRA2
TNFRSF1A,LOC107987484
MRC1,TEK
LGALS1,TMEM186
LGALS1,CEACAMP1
LGALS1,ARSL
CUL5,SIRT3
TNFRSF1B,ARPC5
CTLA4,ST3GAL4
GABRG2,PVT1
GJA1,SKP1
LGALS1,VEZF1
LGALS1,LOC107080555
LGALS1,SNRPE
TREM1,IGHV3-48
TNFRSF1B,COX5A
CX3CR1,RBM6
LRP6,JRKL
TLR4,LOC110120811
LRP6,EIF4G3
LGALS1,MEFV
PVR,SUPT16H
CTLA4,PMS1
CTLA4,IGLON5
CD274,RNU5F-1
CD274,CDC26P1
CD274,EPHX1
CD74,TIMM44
TNFRSF1B,TTK
CEACAM1,SNAP25
GPR132,CTSC
CX3CR1,ARHGAP4
LGALS1,FRA12A
CD274,DIP2A
CD274,ANKRD62P1
CEACAM1,COX7A1
CEACAM1,ZCCHC14
CTLA4,CCDC28A
CTLA4,LOC113174993
CTLA4,SIAH2
CTLA4,FLCN
CD274,NDUFB8
TEK,COPS2
TEK,PPFIA2
TMED5,PCSK6
CTLA4,CDC14A
CEACAM1,CAV1
CD274,CX3CR1
CTLA4,HAND1
CTLA4,LOC402229
TLR4,NXF1
ENPEP,ACVRL1
LGALS1,GALNT8
CD274,MYH3
TREM1,TAFA1
CTLA4,MIR122
ADORA2A,BECN1
ENPEP,MPV17
CD274,RBM8A
CTLA4,LOC110120622
TLR8,MYP3
PVR,TJP1
GPC3,STAU1
CD274,GALNS
ADGRA2,AFF4
CTLA4,SQSTM1
TEK,LOC110121188
CD274,CENPI
LGALS1,LOC110121416
CTLA4,CASR
CX3CR1,TCF7L2
CALCRL,PCDHGA12
CD151,ZNF443
FGFR3,BAG6
FPR2,MTMR11
ENPEP,FAM133DP
KEL,BECN1
LRP6,EIF3H
KLRD1,LOC107987164
GJA1,TRC-GCA24-1
CTLA4,CSTF2T
CTLA4,ASS1P9
CTLA4,TRL-AAG8-1
TEK,SRPK3
CD274,SRD5A2
CD274,ATOH1
CX3CR1,TSC2
IL1R1,SCAMP2
PVR,TUBG1
CD274,CBR3
MPZ,NFKB1
LGALS1,LOC113146418
LGALS1,LOC110120723
LGALS1,SAA3P
CD274,TRBV25OR9-2
PLG,MMADHC
TEK,LOC107987418
CTLA4,CDS2
CTLA4,COG4
CTLA4,CCDC88C
ENPEP,SLC1A2
LGALS1,TS546
CEACAM1,MED16
CD274,PLPP6
TREM1,SKP1
EPHB6,HAND1
TNFRSF11A,LITAF
CX3CR1,KLRC3
GP1BA,PTPN11
CEACAM1,HUWE1
CD274,LOC107987365
CD274,SMARCE1P3
CTLA4,DNAJC7
IL18BP,SNAI1
UTS2R,HDAC4
CTLA4,MTCO1P53
LGALS1,ASD1
TNFRSF18,LITAF
CD274,ZNF41
GJA1,SRP14
LGALS1,LOC110013311
MARCO,YAP1
TEK,LOC108281154
DRD5,PVT1
CTLA4,LOC110120774
CEACAM1,BRD3
CX3CR1,LOC107987164
TNFRSF18,YAP1
TEK,RNA5SP387
TREM1,SNORD114-31
MPZ,CAV1
CD274,LOC112267915
CTLA4,SNRPA
CTLA4,CTR9
CTLA4,RPL32P1
CTLA4,PLP1
CTLA4,LOC728417
ADORA1,CTLA4
PCDHB1,TLR4
DPP4,NFE2L2
TREM1,AP3S2
CX3CR1,CREB5
CD274,LOC112543462
CD274,SNORD116-25
TNFRSF1A,KRT38
LGALS1,UBE3AP1
EPHA2,CASP9
TLR4,ACY1
EFNA2,HLA-DRB1
CD274,USP18
TEK,CRTAP
TEK,LOC110121131
CD274,SIRPAP1
CD274,RAB5A
TEK,LOC106794091
FPR2,COX7B
LGALS1,TXK
LGALS1,SLC7A9
LGALS1,ZNF202
TAS2R3,BECN1
TEK,LOC110120656
TEK,MTCO3P11
TNFRSF1B,HAUS5
IL1R1,SNX13
CTLA4,MTCO1P49
CD274,GANAB
LGALS1,CHKA
CTLA4,JRKL
LRP6,EIF3G
FGFR3,TEK
PVR,RANBP6
IL1RL2,RYBP
CTLA4,PPP6R2
CTLA4,SGPL1
CTLA4,FRA2A
CTLA4,SNORD115-15
CTLA4,QRSL1P1
CDH8,HAND1
TNFRSF10C,RYBP
CD274,GTF2A2
TLR4,ZNF142
TLR8,LDHC
LGALS1,RPL3P1
CTLA4,OLIG2
CTLA4,ZMYM5
CTLA4,MIR7-2
CD274,LHFPL6
FPR2,SKP1
LGALS1,SNORD168
LGALS1,RPS27
TLR8,JRKL
TLR4,CMAHP
GPR132,ASCL2
LRP6,NUP214
TREM1,ASAH1
CD274,ATF4P1
IL18RAP,LITAF
TEK,LOC107986747
CTLA4,PNN
CTLA4,H2BC18
CEACAM1,ABCF2
TNFRSF25,MMADHC
LGALS1,VPS4A
LGALS1,ZNF26
LPAR1,CEACAM1
CTLA4,GPM6A
CD274,SLC17A5
IL1RAP,PRKRA
GPC5,WTAP
LGALS1,BEVI
GJA1,PTPRCAP
PVR,BRS3
TEK,RTL8A
IL18RAP,YAP1
TEK,NLGN1
TEK,VPREB1
CTLA4,SEPTIN14P20
TNFRSF1B,TYRO3
CTLA4,SNORA14A
NCAM1,KRT38
TEK,IGHV5-10-1
TEK,RASSF8
CD274,TNNI2
CTLA4,LOC108167315
CTLA4,MMP9
CTLA4,ZNF847P
TLR4,TSHRL3
NT5E,KNTC1
GRIK4,NR0B2
TEK,SOS2
TEK,SPTLC2
CTLA4,FAM32A
CTLA4,RAB3GAP1
CTLA4,PLP2
LGALS1,MYH1
TEK,LOC112267854
TEK,SNORD135
EPHA2,HDAC4
CEACAM1,COX6B1P3
LPAR4,TPP1
GPR132,PCSK6
CTLA4,ZSCAN12
CTLA4,MTND3P11
CTLA4,MPST
CD274,ZNF79
CEACAM1,CD1E
EFNA2,TEK
MCHR1,SOD2
FGFR3,HAND1
PVR,LOC112533686
PVR,ZNF765-ZNF761
ERBB2,ASCL2
GPR27,MPO
TLR4,ZNF16
LGALS1,SELL
KCNQ1,MMADHC
TEK,CALCRL
TEK,TLK1
TEK,DHX34
NT5E,TRAPPC2P2
CX3CR1,TRIM26
PILRA,NFE2L2
GRIK4,MIR203A
PTPRG,USP14
FGFR2,WTAP
TNFRSF10D,RYBP
IL1R1,MC1R
CD274,LOC110121278
LPAR4,MIR29A
ENPEP,MIR4422HG
PCDHB1,MIR21
ENPEP,MRC1
CTLA4,RUVBL1
ADORA2A,MOV10
LGALS1,PHLPP1
LGALS1,CEACAM4
LGALS1,TOP1P1
LGALS1,PTH2R
PVR,TRD-GTC9-1
GPR132,RYBP
CALCRL,DCHS1
TEK,SNORD57
TEK,LOC112268408
TEK,VRK1
ITGB2,LOC112486218
CTLA4,NDUFB1
ADAM21,RYBP
KCNH1,MPO
ENPEP,STAC
TEK,CBR3
TEK,LOC107275226
LGALS1,SQSTM1
LGALS1,PPP1CA
CTLA4,RAB38
CTLA4,SLC43A1
TEK,ZSCAN21
CAV1,SNORA71A
ENPEP,IDDM11
MMP14,MBTPS1
NT5E,LOC110120726
DPP4,HAND1
CD274,LOC402192
LGALS1,TRBV7-1
CEACAM1,SMAD5-AS1
KCNQ1,USP14
TEK,SRY
TEK,MTCYBP8
GPC5,PCSK6
CTLA4,PLXNA2
UTS2R,CTSC
CD274,ZNF200
LGALS1,PLD3
LGALS1,NEK4
NT5E,TAOK2
TEK,TSG101
TNFRSF14,WTAP
CD274,RPL12P6
CTLA4,EIF3H
CTLA4,TRDN
CTLA4,SNORD12
MCHR1,CTSC
CD274,PDLIM3
GPR132,KHDRBS1
LGALS1,RDXP2
TLR4,TUFM
CTLA4,PLGLB1
IL7R,CEACAM1
TLR8,KRT38
TNFRSF1B,SAMHD1
LGALS1,UXT
TEK,YAP1
TEK,ZNF41
TEK,CYP4F33P
CD274,SF3B2
GABBR2,CTSC
CD274,SNORA71D
CD274,CXADR
CD274,IP6K2
LGALS1,SPTAN1
TLR4,MKRN4P
CTLA4,TMC6
TEK,WBP1LP11
CALCRL,TYRO3
TEK,CSTB
GPC5,RYBP
MCHR1,MIR141
ADAM21,ADAM9
KCNQ1,TLR4
CD151,RHBDD3
CEACAM1,SNORD28B
NT5E,COX7A2
PVR,SLC4A2
PCDHB1,FUS
LGALS1,NUPR1
LGALS1,TFEB
TEK,HDAC4
TEK,LOC112543462
LGALS1,AKAP12
LGALS1,MCOR
CTLA4,ANIB4
GRIK4,CDKN1A
TLR4,TSHRL1
TEK,ZNF207
UTS2R,LAMP3
CTLA4,KRT75
CTLA4,PPFIA2
CEACAM1,TAF11
PVR,SUPT4H1
TEK,AP1B1P1
TNFRSF25,RYBP
LGALS1,CCND2
LGALS1,LOC110121176
CD274,PPIG
LRP6,UNC13A
CTLA4,TRBV18
FGFR2,PCSK6
TLR4,PCGF3
CTLA4,EIF4A2
LGALS1,GTF2IRD1
LGALS1,RPL32P1
KLRC3,LASP1
TEK,RNU1-2
SELL,SOD2
TEK,MYOF
TEK,LOC108511947
S1PR3,ADAM9
JAG1,YAP1
TEK,LOC112272603
CTLA4,OR2K2
CTLA4,OR1E1
CD274,FETUB
CTLA4,KRT38
CTLA4,LMO2
CTLA4,MIR127
CD274,WDFY3
LGALS1,ATP5PO
PVR,CALM1P2
GJA1,SCAMP2
CTLA4,LOC110121188
PVR,CYP3A137P
MPZ,BCL2
CTLA4,SRSF6
CTLA4,PMS2P3
GPC5,MIR21
MCHR1,MIR187
GJA1,PKDREJ
JAG1,HDAC4
CD274,CD1E
LGALS1,CD2AP
PVR,RNVU1-2
CD274,RACGAP1
PDE1B,SNAI1
FPR2,PTPRCAP
ACVRL1,CALCRL
TEK,SNORD62A
CTLA4,SRPK3
CALCRL,HMG20A
PVR,SUGP2
TNFRSF1B,GFI1B
EFNA1,HLA-DRB1
GJA1,SNORA71A
FPR1,ASCL2
CTLA4,MYBPC2
TEK,TRBV6-4
TEK,ABCA6
TNFRSF25,ADAM9
LGALS1,OLIG2
TLR8,MRC1
CTLA4,SULT1B1
CTLA4,ZNF267
CTLA4,LOC729815
CTLA4,GLRX
GRIK4,LRP6
PVR,SCG5
LGALS1,LOC110121138
FKBP1B,TEK
TEK,CYP4F8
LRP6,COX6A1
CTLA4,SGSH
CTLA4,LOC112268059
CTLA4,NENFP3
KCNQ1,SNAI1
IL20RA,MPO
GRIK4,TNFRSF1A
CALCRL,SAMHD1
LGALS1,PHOX2B
CD274,UBA52P2
TLR8,STAC
TNFRSF14,RYBP
FPR2,PLN
TNFRSF1A,RHBDD3
IL1RAP,MYL3
TLR4,DDX23
TEK,VIPR2
TLR4,ZNF185
ENPEP,SKP1
TEK,LOC112268009
LY96,MMADHC
CD274,GBP2
S1PR4,RYBP
IL1RAP,PEX19
PTPRJ,WTAP
TEK,H2BC16P
MPZ,NEDD4L
LGALS1,YIF1A
CD70,HAND1
CALCRL,WDR43
GJA1,ASCL2
CAV1,HAND1
GABBR2,WTAP
TRADD,RYBP
CTLA4,RNA5SP387
LGALS1,ITGA10
LGALS1,PAFAH1B3
GJA1,TIMM44
TEK,LOC111365188
CD151,RAD17P1
CD274,SGSH
CTLA4,SGCD
SELL,SNAI1
CTLA4,LOC110121131
CTLA4,GNGT1
TEK,GBGT1
TEK,COX6CP1
FRZB,ASCL2
IL1R1,PHLPP2
CTLA4,PDGFRL
LPAR4,MIR187
CD274,MYCL
CTLA4,LOC110120656
CD151,TRBV5-1
CD274,ARF5
CTLA4,MATK
TLR4,U2AF1
LGALS1,GFPT2
LGALS1,CHN1
LGALS1,SMARCE1
IL1RAP,CCNF
FPR2,MUC12
SELL,TRAF6
CD274,RAB24
CTLA4,TRAF6
CTLA4,LOC402230
CTLA4,FGFR3
FKBP1B,HAND1
TAS2R14,ASCL2
LGALS1,DNMBP
CTLA4,IGHVII-26-2
S1PR4,ADAM9
TEK,CARM1
TEK,ZNF200
CD274,GBE1
CTLA4,LOC110120731
EFNA1,TEK
TLR8,MNT
LGALS1,SECISBP2L
S1PR3,PVT1
CRHR1,PTPN11
NT5E,AFG3L2
TLR8,LINC02573
TRADD,ADAM9
MC2R,CDKN1A
TEK,DCAF5
LGALS1,IGHV3-37
LGALS1,MMP8
CLEC2D,BAG6
CD274,KCNA6
MCHR1,SFRP5
TEK,SF3B2
IL20RA,ASCL2
TNFRSF1B,ACTG1P9
CD274,CDKL1
UTS2R,PCSK6
GJA1,OR7E47P
CD274,MIRLET7F1
TEK,CTSC
CTLA4,LOC110121234
CEACAM1,SNORD65B
CD274,PPIAP22
CTLA4,RTL8A
CTLA4,CAPN15
CTLA4,AKR1B1P1
GHSR,PTPN11
GP1BA,TEK
CTLA4,NLGN1
CTLA4,CALM1P2
TEK,TRPV1
FPR2,MPO
TLR4,NDST3
TLR8,ETS2
LGALS1,MED22
GRIK4,MIR27B
CTLA4,TRBJ2-6
CTLA4,IGHV5-10-1
CTLA4,LOC110011217
LGALS1,MGCT
NT5E,BCL10
CD274,LOC109504728
CTLA4,AKR1C4
TEK,GRHPR
TLR4,TSC2
CTLA4,SPTLC2
LRP6,GRHPR
CTLA4,STK11
TEK,DPM1
NT5E,EIF3H
CTLA4,SLC1A1
CD274,LOC107986894
LGALS1,HMGN2P9
TEK,COG1
FPR2,SCAMP2
CAV1,WDR43
CD274,IGHV3-33
CD274,ST3GAL1
CD274,KCNB1
ADORA2A,CTLA4
TLR4,TIMM17B
CTLA4,SHROOM2P1
TNFRSF11A,RYBP
CD274,RYBP
MPZ,TP63
CEACAM1,TYR
CTLA4,TNKS
CTLA4,LOC109279841
CTLA4,CENPI
LPAR4,CALCRL
KCNQ1,CEACAM1
MARCO,RYBP
TMED5,TEK
GJA1,LINC02709
CTLA4,TOM1
CTLA4,TMPRSS11BNL
LGALS1,IGHV1-14
LGALS1,TFG
LGALS1,LOC110121366
TEK,MTMR7
CD274,SNAI1
CTLA4,SNORD57
TEK,BEST1
LGALS1,ARHGAP25
TNFRSF18,RYBP
CTLA4,MOG
CTLA4,LPO
LGALS1,CCPG1
TMED5,MOV10
TLR4,LOC107987164
TEK,H4C8
LRP6,PTPRCAP
TEK,VLDLR
LGALS1,MAD2L1
CTLA4,PRKAR1AP1
CTLA4,LITAF
CTLA4,MTCYBP8
LGALS1,BAG2
LGALS1,ZNF138
TNFRSF1B,LINC02573
TEK,CLNS1AP1
PVR,LOC106736481
TEK,VMD1
LGALS1,ENOX2
LGALS1,XAGE2
LGALS1,MKRN5P
TEK,HS6ST1
TEK,CDC42BPB
LGALS1,MYBPC2
SELL,CALCRL
FPR2,PRKRA
FCGRT,ASCL2
TEK,LOC112543477
TEK,VIPR1
LGALS1,ZNF137P
CTLA4,OGFR
CTLA4,CYP4F33P
CALCRL,CLCC1
TNFRSF1B,NPM3
LGALS1,MYH13
CD274,ZNF165
MARCO,ADAM9
CTLA4,SNAPIN
CTLA4,GFPT1
CD151,ENOX2
TNFRSF25,MBTPS1
TAS2R10,ASCL2
TEK,VRK2
CTLA4,TPSD1
CTLA4,SH3GL3
TEK,BANF1
TEK,TNK1
CTLA4,OR7E41P
CTLA4,LOC112543462
CD274,UHRF1
CTLA4,TBC1D3P2
LGALS1,NELFE
CD274,GLI3
CD274,GBP1
TEK,USP14
CTLA4,HAGLR
LGALS1,KAT6A
IL18RAP,RYBP
CALCRL,COX5BP1
TEK,CARD8
CAV1,ZNF443
LGALS1,LOC110121245
CTLA4,PSMF1
LPAR4,YAP1
MRC1,YAP1
HLA-DPA1,MPO
LGALS1,LOC110121360
LGALS1,SGCD
CD274,MYF5
CD274,ALOX12P1
TNFRSF1B,SKP1
CEACAM1,SUGT1
TEK,LOC112533646
CD274,EMC9
CTLA4,MKNK2
CD274,PTPRG
TLR8,SRP14
LGALS1,ABCD1P3
ANPEP,ASCL2
TEK,TNFRSF10C
TEK,NOL4
CLEC4A,TRAF6
CD151,SNORA71A
VIPR1,HAND1
JAG1,WTAP
CEACAM1,SPRR2G
ATP6AP2,NUDC
CAV1,NUDC
CTLA4,LOC110120798
SSTR4,CASP9
LGALS1,PSMB1
TNFRSF1B,RHBDD3
TEK,OR2L2
TEK,LIPG
NRXN3,RYBP
LGALS1,FADD
LGALS1,LOC110120731
CD274,ATP5F1EP2
CTLA4,TRBV6-4
NCAM1,TSHRL2
GHSR,MBTPS1
MCHR1,DCAF13
CTLA4,CYP4F8
CTLA4,AKR7A2
CTLA4,FKBP1B
MPZ,USP5
LGALS1,ZNF8
FGFR4,TEK
TEK,KRT41P
TLR8,GRHPR
CALCRL,NPM3
TEK,TRBJ2-2P
CTLA4,TRC-GCA10-1
TEK,H2AC11
TEK,VIM
PVR,LOC112268296
TLR4,ST8SIA2
CD274,PCGF3
GHSR,BECN1
CTLA4,TDRD7
CTLA4,MED16
CTLA4,LOC112268009
CTLA4,UBXN8
CTLA4,ZNF79
LGALS1,ANKRD12
LGALS1,TRGV1
MC5R,ASCL2
TLR4,VPS41
LGALS1,MAFK
CTLA4,CDRT15P3
MPZ,BECN1
CTLA4,SAP30
LPAR4,MIR183
IL1RL2,HAND1
CD274,AREL1
PVR,MIR9-1HG
LGALS1,SPTLC2
TNFRSF10C,HAND1
NT5E,SELL
TEK,SEPTIN14P2
TEK,TGFBRAP1
TEK,KRT36
PVR,CLNS1AP1
CTLA4,DPF2
LGALS1,CASP9
TNFRSF1B,H2BC16P
GIPR,ASCL2
LGALS1,ISCW
CLEC4A,CALCRL
LILRB5,RYBP
ENPEP,MPO
CTLA4,RNU6-1083P
CTLA4,FRG1BP
TEK,SNAI1
LGALS1,PLA2G7
CALCRL,RSPH14
CEACAM1,NDST3
CD274,YWHAH
LRP6,SNORA71A
CTLA4,KDELR1
CTLA4,EDF1
LGALS1,CEACAMP7
LGALS1,SHROOM2P1
LGALS1,TFPI2
LGALS1,MAGEA12
CEACAM1,RAB18
ADORA1,ASCL2
CEACAM1,RAI14
FGFR2,BAG6
LGALS1,IGHVIV-44-1
CTLA4,RNU2-1
CD274,CEP350
CD274,MOCS2
LGALS1,ADGRL3
CTLA4,RSPH14
GJA1,GK3P
TEK,MTA1
MCHR1,LGALS4
KLRC3,CEACAM1
ENPEP,PKDREJ
CLEC4A,LITAF
SELL,KDM5C
CTLA4,CNOT1
CX3CR1,KCNF1
LGALS1,PRKAR1AP1
CEACAM1,HERPUD1
CTLA4,SF3B2
CTLA4,GP9
TEK,LOC110120856
S1PR3,TEK
CTLA4,MMP14
LPAR4,MIRLET7A1
CTLA4,TERC
CTLA4,AMY1C
LGALS1,RHOBTB1
LRP6,ASCL2
CTLA4,ARHGAP5
TEK,MTATP6P14
CTLA4,C3AR1
CTLA4,ASB18
GPC5,TEK
LGALS1,CYP4F33P
LPAR4,TXN
CEACAM1,RASGRP3
EPHA2,CEACAM1
TLR4,AFG3L2
CTLA4,SNORA113
CTLA4,LPAR1
LGALS1,RAD51C
FPR2,PEX19
CEACAM1,LRRFIP2
CD274,MYH7
CTLA4,MIRLET7E
LGALS1,HSD17B8
CTLA4,TP53I11
LGALS1,PTPRD
CD274,MBTPS1
TEK,SLC22A13
TEK,TNFRSF25
CTLA4,DPM1
CD274,RHOD
CTLA4,FRA2D
LGALS1,PNPLA4
TEK,CTNNAL1
CTLA4,COG1
CTLA4,CPSF2
CTLA4,AP3S2
TEK,KIAA0930
LGALS1,ADCY9
LGALS1,NT5E
ENPEP,ASCL2
MCHR1,TP63
CALCRL,H2BC16P
CTLA4,UGT2B28
TEK,TRBV27
LGALS1,OR2H2
CTLA4,WDFY3
EPHB6,CDKN1A
TEK,PPP1R26
MRC1,TERC
CTLA4,CES1P1
TEK,PLPPR4
GRIK4,NT5E
CTLA4,SNORD115-4
CEACAM1,NRXN3
CD274,ADAM3A
CTLA4,ITGBL1
CTLA4,EID3
TMED5,CTLA4
TLR4,ZNF177
LGALS1,SNAP25
FGFR2,TEK
TEK,CIAO1
PVR,H2AC11
TEK,JMJD7-PLA2G4B
CD274,KLF6
LGALS1,ADAM19
LGALS1,STIL
CD274,PCDHGA12
CTLA4,MICAL2
CEACAM1,EIF3I
MCHR1,NEDD4L
MCHR1,HTRA1
LGALS1,STAC
LGALS1,PCYT1A
CTLA4,MYRF-AS1
CTLA4,LOC110120811
CLEC2D,CTLA4
GPC5,HAND1
CTLA4,B4GALT4
LGALS1,ATF4P1
CTLA4,MROS
CTLA4,MAGEA8
CD274,HLX
CTLA4,BST1
SLC1A5,BECN1
CD274,FOXB1
CTLA4,SLC9A3R2
CTLA4,SNORD11
LRP4,ASCL2
CRHR1,MOV10
LPAR4,DGCR5
TEK,TNFRSF14
TNFRSF25,HAND1
GFRA2,ASCL2
CTLA4,BRCA2
ENPEP,OR7E47P
CD274,COX5A
TEK,ABCC3
TEK,S1PR4
TLR4,OR1A1
LGALS1,ARHGEF5
CEACAM1,HAUS5
CEACAM1,LILRB5
CTLA4,BANF1
CTLA4,TNK1
LPAR4,TP63
TEK,SEC22C
TEK,STX16
TEK,UCP2
SELL,DGCR5
TEK,TRADD
CTLA4,SUCLG1
TLR8,SNORA71A
LGALS1,TDRD7
MCHR1,MIR155
FGFR2,HAND1
LGALS1,UBXN8
CTLA4,TMED3
CTLA4,USP14
LGALS1,OR5G1P
LGALS1,DDX39B
LGALS1,MTMR11
MRC1,MMADHC
LAG3,TEK
CTLA4,PSMD10
CTLA4,ARF5
CD274,IGHVII-67-1
CTLA4,EPB42
TLR4,ZNF443
CD274,CHST2
LGALS1,CACNA1D
CAV1,LRRC41
JAG1,CEACAM1
LPAR4,NEDD4L
LPAR4,HTRA1
CD274,CREB5
CD274,ALDH7A1P2
CTLA4,KCNG1
LGALS1,RNU6-1083P
CX3CR1,TSHRL2
CD274,LRRFIP2
LGALS1,UNC119
TEK,OR1P1
CTLA4,IL1RL2
LGALS1,GEMIN2
TEK,TRBV12-5
CTLA4,TNFRSF10C
CTLA4,NOL4
ENPEP,LINC02709
CTLA4,LOC110121084
TNFRSF14,HAND1
TLR4,SLC28A2
TLR4,DPM2
LGALS1,TUSC3
LGALS1,IGAT
TEK,OR7E24
LGALS1,TRBVB
LRP6,TRBV23-1
PVR,TPX2
CTLA4,LIPG
CTLA4,UBE4A
CTLA4,CDKL1
NT5E,RAD17P1
LGALS1,IGLP1
CTLA4,CDNF
S1PR4,HAND1
LGALS1,IGLP2
CTLA4,RGS11
LGALS1,G3BP1
MCHR1,MFN2
CD274,NRXN3
TEK,TXNDC9
LGALS1,ZNF212
TRADD,HAND1
CTLA4,KRT41P
EPHB6,ATP2B1
TEK,CDC23
CLEC4A,TERC
TEK,CTSF
CTLA4,ACY1
CTLA4,SLC22A14
CTLA4,RIPK2
NT5E,TRBV5-1
CTLA4,PHLPP2
CTLA4,PSPHP1
CTLA4,PABX
MC2R,NT5E
TEK,VIS1
CTLA4,SCZD8
CAV1,RAD17P1
LGALS1,ART2P
TEK,MBTPS1
TLR4,ACTG1P9
LGALS1,ARHGAP5
CTLA4,LOC110120640
ENPEP,TRBV23-1
LGALS1,SLC7A1
UTS2R,TEK
LGALS1,GPANK1
LGALS1,TCF12
TEK,RBM6
LGALS1,COPZ1
NT5E,CDC42BPB
TNFRSF1B,SNORA71A
CTLA4,RYBP
LGALS1,TP53I11
ENPEP,MPZ
TEK,SUCLG2
TEK,BECN1
CTLA4,KRT36
CTLA4,ITGB3BP
CD274,PPM1D
TEK,TNFRSF11A
EPHA2,HLA-DRB1
LGALS1,SMTN
ACVR1B,ACVRL1
ADORA1,ADORA2B
ADORA2B,ADORA3
ABCA1,ADRA1D
ADRA1A,AFP
AGTR1,ALOX15
ABCA1,AMD1P2
ANXA2,ANXA3
ANXA2,ANXA4
ADCYAP1R1,ANXA5
AGTR1,APP
APP,AQP1
AQP1,AQP2
ANXA2,RHOA
ANXA2,BAG1
FAS,BAX
APLP2,BCL2
FAS,BCL2L1
BMPR2,BTK
FAS,C4BPB
AGTR1,VPS51
BCR,CACNB2
APLNR,CAD
FAS,CALCR
FAS,CANX
ADRB2,CASP8
ABCA1,CAV1
ADRA1D,CAV1
CACNA1C,CAV1
ADRA1A,CAV1
ANXA6,CAV1
ANXA2,CAV1
C5AR1,CAV1
CAV1,CAV3
ANXA2,CCNH
FAS,CD1A
FAS,CD2
FAS,CD247
FAS,CD4
APLNR,CD4
CEACAM1,CD4
FAS,CD7
FAS,CD8A
ANXA2,CD8A
CAV1,CD9
FAS,CD19
ADORA2B,MS4A3
FAS,CD28
CAV1,CD36
BSG,CD44
AGTR1,CD44
FAS,CD44
FAS,CD47
FAS,CD68
CD4,CD68
CD8A,CD68
FAS,CD69
ADRA1D,CD151
CD9,CD151
CD81,CD151
CD47,CD151
CD44,CD151
CD40,CDK1
FAS,CDH1
ANXA2,CDK4
ANXA2,CDK5
CALM1,CDKN1A
CD5,CDKN1A
FAS,CDKN2A
BMPR2,CDX2
ACVR1,CDX2
ACVR2A,CDX2
ACVR2B,CDX2
ACVRL1,CDX2
BMPR1A,CDX2
JAG1,CTSC
CD1A,CTSC
CD1D,CTSC
CAV1,CHN2
ABCA1,ERCC8
ABCA1,AP2M1
AGTR1,CMA1
FAS,CMD1B
CD4,CNR1
CAV1,CNR1
CD36,CPT1A
CD79A,CR1
BCR,CR1
JAG1,CR1
CD4,CR1
CD40LG,CR1
ACVR1B,CR1
CD14,CR1
APP,CR1
CD59,CR1
CD19,CR1
CD36,CR1
CD33,CR1
AQP6,CREBBP
CD2,CREBBP
CD40,CREBBP
CNR1,CRYAB
CD151,CRYAB
FAS,CRYAB
CAV1,CRYBB2
CR1,MAPK14
CD151,MAPK14
CD44,CSPG4
CDH5,CSPG4
FAS,CST3
ANXA2,CSTB
CD40,CTLA4
CD40LG,CTLA4
CD4,CTLA4
CD22,CTLA4
TNFRSF8,CTLA4
B2M,CTLA4
FAS,CTLA4
CD247,CTLA4
CD151,CTNNA1
CD151,CTNNB1
ADGRE5,CTNNB1
CD68,CTSB
CAV1,CTSB
CCR5,CX3CR1
CCR7,CX3CR1
CD33,CYBB
CNR1,CYP2A6
DDR1,CYP19A1
CD86,CYP24A1
CD86,CYP27B1
FAS,CD55
CDH1,DAPK1
ABCA1,DDB2
FAS,AKR1C1
CAV1,DECR1
ANXA2,DECR1
CD68,DES
CSPG4,DES
ACVR1B,DLG4
CTLA4,DMPK
ANXA2,DYNC1H1
CAV1,DNM2
CAV1,DNMT3B
FAS,DPP4
FAS,DPYD
ADORA2B,DRD2
AR,DVL2
FAS,E2F2
CAV1,EDNRA
CD9,EGFR
EFNA5,EGFR
CD55,EGFR
CD2,EGFR
CD4,EGFR
ACVRL1,EGFR
CD63,EGFR
CFTR,EGFR
BMPR1B,EGFR
CCR5,EGR1
CD40LG,EGR1
CR1,ELAVL1
BMPR2,ENG
CD44,ENG
ALCAM,ENG
CD19,ENG
EGFR,ENG
C1QBP,ENG
CANX,ENPEP
EGFR,ENPEP
CD8A,EP300
CR2,EP300
CD79A,EP300
CAV1,STOM
CR1,EPHA1
CAV1,EPHB2
FAS,ERBB2
AGTR1,ERBB2
CR1,ERBB4
ANXA2,ERCC2
FAS,ERCC2
FAS,ERCC5
ADCYAP1R1,ESR1
CDH1,ESR1
B2M,ESR1
TNFRSF17,ESR1
CD4,ESR1
CD47,ESR1
BMPR1A,ESR1
EPHA3,ESR1
EPHA7,ESR1
CAV1,ESR2
EGFR,ESR2
EGFR,ETV2
ESR1,ETV3
EGFR,ETV3
CD4,EZH2
FAS,F9
AGTR1,FABP4
SCARB2,FABP4
CD28,FABP4
CTLA4,FABP4
DAB2,FABP4
CAV1,FABP4
EGF,FABP4
FAS,FABP3
ESR1,FANCA
EGFR,FANCB
CR1,FANCB
FAS,FAP
ENPEP,FAP
FAS,FASN
CAV1,FASN
CR1,FBP1
CTLA4,MS4A2
CTLA4,FCGR2A
ESR1,FEN1
FAS,FGFR2
CNR1,FOXO1
EPHA2,FOXO1
EPHA4,FOXO1
ADRA1B,FOXO1
ESR2,FOXO3
CSF1R,FLT1
FGFR2,FLT1
ERBB2,FLT1
DAG1,FLT1
CEACAM1,FLT4
ACVR1B,FNTA
EGFR,FOLH1
ESR1,FOLR2
FAS,FOS
CTLA4,FOS
CAV1,FOS
FAS,FOSB
ANXA6,FPR2
CD36,FPR2
CD47,FPR2
FPR2,FPR3
FKBP1B,MTOR
FAS,MTOR
DLG4,MTOR
FAS,FUT1
CAV1,GAP43
ENG,GAPDH
AGTR1,GAPDH
CSPG4,GAPDH
CTLA4,LRRC32
ESR1,GATA1
ESR1,GATA2
EGFR,GATA3
EGFR,NIPSNAP2
FAS,GEM
ANXA2,GFAP
EGFR,GHR
DSC2,GJA1
EXTL3,GJA1
EFNB1,GJA1
ESR1,GLI1
FLT1,GLI2
CAV1,GLP1R
CAV1,GNAQ
ADORA2A,GNB3
ADCY9,GNB3
FAS,GNRHR
CD151,GP5
CAV1,UTS2R
ERBB2,GPER1
ESR2,GPER1
GPER1,GRK4
EGFR,GRK4
CNR1,GRB2
ESR1,GRB7
ESR1,GRIA1
BMPR2,NR3C1
GPC3,PDIA3
ANXA1,GSTM1
ANXA6,GSTM1
ADRA1B,GSTM1
DRD4,GSTM1
BCR,GSTM1
CD3G,GSTM1
DRD2,GSTM1
DRD3,GSTM1
DRD2,GSTT1
DRD3,GSTT1
ANXA2,GTF2H2
CAV1,GUSB
ESR1,H1-2
ACKR1,HBA1
ENG,HBA1
ADRA1D,HBA1
CDH5,HBA1
CD40LG,HBB
FCGRT,HBB
CD8A,HBB
EGF,HBB
CDH13,HBB
BCR,HBB
FCGR2A,HBB
CHRM3,HBB
FLT1,HBG2
CEACAM1,HCK
CAV1,HDLBP
CX3CR1,HIF1A
ADRA1D,HIF1A
HLA-B,HLA-DRB1
CTLA4,HLA-DRB1
ENO1,HLA-DRB1
CD58,HLA-DRB1
HLA-A,HLA-DRB1
B2M,HLA-DRB1
AGER,HLA-DRB1
ESR1,HMGB2
ESR1,HMGN1
CD44,HMGA1
CAV1,HMOX1
EGF,HMOX1
CD40LG,HMOX1
EGFR,FOXA1
CDH1,FOXA1
ANXA2,HNF4A
AGTR1,HNF4A
CR1,HNRNPD
ANXA2,HNRNPH3
EPHB4,HNRNPK
FLT1,HOXA@
FAS,HRAS
EGFR,HRH1
ABCA1,HSD11B1
CAV1,HSD11B1
FLT1,HSPA4
CFTR,HSPA8
DSG1,HSPA8
NR3C1,HSPA8
CD38,HSPA8
PTK2B,HSPA8
CANX,HSPA8
ESR2,HSPB1
ESR1,HSPB2
ANXA2,HSP90AA2P
CAV1,HSP90AB1
FAS,HTR2A
GP1BA,ICAM1
CD80,ICAM1
CD28,ICAM1
JAG1,ICAM1
EPHB2,ICAM1
CD4,ICAM1
HLA-DQB1,ICAM1
CD14,ICAM1
CD2,ICAM1
BSG,ICAM1
PTK2B,ICAM1
CD36,ICAM1
CD1D,ICAM1
CD86,ICAM1
CD8A,ICAM1
TNFSF8,ICAM1
CD9,ICAM1
BCR,ICAM1
EGF,ICAM1
CFTR,ICAM1
CD44,ICAM1
CR2,ICAM1
ENPEP,ICAM1
CR1,ICAM1
EFNB3,ICAM1
CCR1,ICAM1
C1QBP,ICAM1
ALCAM,ICAM1
ICAM1,ICAM3
EGFR,ID1
CAV1,ID2
EGFR,IFI27
FLT1,IFNAR2
ICAM1,IGBP1
EGFR,IGBP1
ADRA1D,IGF1R
AR,IGF1R
TNFRSF8,IGF1R
ERBB3,IGF1R
ESR1,IGF2R
EGFR,IGFBP2
IGF1R,IGFBP6
EGFR,IGHA1
CR1,IGHG3
CR1,IGSF1
CAV1,IGSF1
ICAM1,IK
HLA-A,IKBKB
CSF2RA,IL1R1
CD4,IL1R1
XCR1,IL1R1
ESR1,IL1R1
FGFR2,IL1R1
EDNRA,IL1R1
AQP6,IL1RAP
CD151,IL2RA
BRS3,IL3RA
CTLA4,IL4R
CTLA4,IL7R
CD151,CXCR1
ESR1,CXCR1
FAS,IL10RA
EGFR,IL15RA
IL1RAP,IL15RA
ICAM1,INPP5D
FLT1,INPP5D
ESR1,INSR
IGF1R,INSRR
CD4,IRAK1
ESR1,IRAK1
FAS,IRAK1
BSG,ITGA6
ESR1,ITGA6
ICAM1,IRF5
FLT1,IRF5
ICAM1,IRF7
FAS,ISG20
CTLA4,ISG20
CD68,ISG20
ICAM1,ITGA1
CD151,ITGA1
CAV1,ITGA2
ICAM1,ITGA2
ICAM1,ITGA2B
BSG,ITGA3
ITGA1,ITGA9
EGFR,ITGA9
IL6ST,ITGA9
FGFR2,ITGA9
ICAM1,ITGAE
FAS,ITGAL
ENPEP,ITGAL
ADCYAP1R1,ITGAM
CD38,ITGAM
CEACAM8,ITGAM
BST1,ITGAM
ITGA2B,ITGAM
ENG,ITGAM
CD8A,ITGAM
PTK2B,ITGAM
ITGAL,ITGAM
CD48,ITGAM
IL1RAP,ITGAV
ICAM1,ITGAV
ICAM2,ITGAX
ITGAM,ITGAX
ITGAL,ITGAX
CD34,ITGAX
C1QB,ITGAX
CD80,ITGAX
CD40,ITGAX
CD33,ITGAX
CR1,ITGAX
CD63,ITGB1
CDH1,ITGB1
ICAM1,ITGB1
CD4,ITGB1
FLT1,ITGB1
ITGA2B,ITGB1
COL13A1,ITGB1
ITGA7,ITGB1
DAB2,ITGB1
CD44,ITGB1
ADRA1D,ITGB1
ERBB3,ITGB1
GP1BA,ITGB1
CD86,ITGB2
BST1,ITGB2
CD2,ITGB2
CD4,ITGB2
FCGR2A,ITGB2
CR2,ITGB2
IL2RA,ITGB2
F3,ITGB2
IGSF1,ITGB2
FAS,ITGB2
ITGA2B,ITGB2
CD44,ITGB2
IL6ST,ITGB2
ENPEP,ITGB2
ITGAL,ITGB2
ITGAV,ITGB2
CD59,ITGB2
CEACAM1,ITGB3
ITGB2,ITGB3
ITGB1,ITGB3
ICAM1,ITGB4
CAV1,ITGB4
IGF1R,EIF6
ITGAX,ITGB5
GJA1,ITGB8
IGF1R,ITIH4
IGF1R,ITPR1
FAS,JUN
CTLA4,JUN
BMPR2,JUN
HLA-A,JUND
EGFR,JUND
CTLA4,JUND
EGFR,KCNQ1
ESR1,KDR
FLT3,KDR
EPHB2,KDR
APP,KDR
ERBB2,KDR
CD40LG,KDR
CSF1R,KDR
CD47,KDR
FAS,KDR
CACNA1C,KDR
BSG,KDR
ITGAM,KIR2DL3
ICAM1,KIR3DL1
HLA-A,KIT
ITGAX,KIT
KDR,KIT
EGFR,KIT
CD8A,KLRC1
CD80,KLRC1
KIR2DS1,KLRD1
KIR2DL2,KLRD1
KIR3DL1,KLRD1
KLRB1,KLRD1
ANXA2,KRAS
FAS,KRAS
ITGB1,KRT1
FAS,KRT18
CR1,KRT85
CTLA4,AFF3
KLRD1,LAIR1
EGFR,RPSA
CD44,LASP1
CXCR2,LASP1
CXCR1,LASP1
CXCR3,LASP1
FAS,LBP
CR1,LBP
KLRD1,LBR
KDR,LBR
KDR,LCAT
CD151,LDHBP2
IL6R,LEPR
APP,LGALS4
LGALS3,LGALS4
PTK2B,LGALS4
COL17A1,LGALS4
EGF,LGALS4
HCRTR1,LGALS4
ESR1,LIG4
CAV1,ABLIM1
GJA1,ABLIM1
ICAM1,ABLIM1
ICAM1,LMNA
ESR1,LNPEP
EGFR,LNPEP
ESR1,LPL
CX3CR1,LPL
ABCA1,LPL
ITGB1,LRP1
ABCA1,LRP6
LDLR,LRP6
ITGAM,LTBR
FAS,LTBR
ITGB2,LTBR
ITGB1,LTBR
CR1,LTBR
ITGAX,LTBR
ESR1,LTK
CAV1,LYN
ANXA2,LYN
IGF1R,MAD2L1
ESR1,SMAD1
FLT1,SMAD1
ACVRL1,SMAD4
APP,SMAD4
ACVR2A,SMAD4
FGFR1,SMAD4
JAG1,SMAD4
BMPR2,SMAD4
ACVR1B,SMAD6
CAV1,SMAD7
FAS,SMAD7
CAV1,MAGEA1
ICAM1,MAL
ESR1,MARK3
EGFR,MAX
CTLA4,MAX
ESR1,MAX
CD68,MB
ITGAX,MBP
EGFR,MBP
LEPR,MC3R
LEPR,MC4R
ERBB2,MCL1
ITPR3,MCL1
ANXA1,MCL1
FPR2,MCL1
CD151,CD46
ACVR1B,MDM2
ESR1,MDM4
ANXA2,ME2
FAS,MAP3K4
FGFR4,MEN1
ITGB3,MEN1
CD4,MET
CCR3,MET
EPHB2,MET
EPHB3,MET
FLT4,MET
FCGRT,MET
FLT1,MET
ESR1,SCGB2A1
FAS,MGMT
EGFR,MGP
MET,MGP
HLA-F,CIITA
HLA-A,CIITA
HLA-A,MLH1
APP,KMT2A
IGSF1,KMT2A
CD79A,MME
CD44,MME
TNFSF8,MME
DDR1,MME
ANPEP,MME
IGSF1,MME
CDH1,MME
ACVRL1,MME
INSR,MME
LEPR,MME
CD81,MMP2
CSPG4,MMP2
DSC3,MMP2
HSPA5,MMP2
CD44,MMP2
CD55,MMP2
FAS,MMP2
ITGAX,MMP2
ITGB5,MMP2
ITGB3,MMP2
FLT1,MMP2
CDH5,MMP2
MMP2,MMP3
CAV1,MMP3
MMP2,MMP8
ITGAL,MMP9
CD40,MMP9
FLT1,MMP9
ERBB3,MMP9
C1QB,MMP9
ITGAX,MMP9
B2M,MMP9
IGF1R,MPI
ANPEP,MPO
CD33,MPO
CANX,MPO
CD40LG,MPO
IGSF1,MPO
CD79A,MPO
CSF3R,MPO
ERBB2,MPO
ICAM1,MYO1B
ITGB1,MSN
ESR1,MSR1
FAS,MST1R
EGFR,MST1R
KDR,MST1R
CD151,MST1R
ITGA9,MST1R
IL1R1,MST1R
CSPG4,MT3
AGTR1,COX2
MMP2,COX2
CAV1,COX2
ESR1,MTHFR
LRP1,MTHFR
AGTR1,MTNR1A
ICAM1,MTNR1B
EGFR,MTTP
LGALS1,MTTP
LGALS1,MUC1
EGFR,MUC3A
EGFR,MUC5AC
KDR,MVD
ENG,MVD
KDR,MXI1
ESR1,MYB
EGFR,MYB
EGFR,MYC
CAV1,MYC
IGF1R,MYC
BMPR2,MYC
ITGB2,MYC
ICAM1,MYCN
EGFR,MYCN
GJA1,MYL2
ITGA9,MYL4
ITGAL,MYLK
EGFR,MYO7A
GJA1,MYOD1
CSPG4,MYOD1
EGF,PPP1R12A
CALM1,PPP1R12A
EGFR,NBN
FCGR3A,NCAM1
CDH1,NCAM1
IGSF1,NCAM1
AR,NCAM1
FAS,NCAM1
LTBR,NCAM1
CD48,NCAM1
ITGAM,NCAM1
KIR2DL3,NCAM1
MAG,NCAM1
CD14,NCAM1
ERBB2,NCAM1
MUC1,NCAM1
EGFR,NEU1
ESR1,NEU1
ITGAM,NEUROD1
ITGAX,NEUROD1
ENPEP,NEUROD1
ITGB1,NEUROD1
ITGB2,NEUROD1
ICAM1,NEUROD1
CAV1,NF1
EGFR,NF2
FLT1,NFATC1
ESR1,NFATC4
EPHB2,NFE2L2
KIR3DL1,NFE2L2
IGSF1,NFE2L2
HSPA5,NFE2L2
LTB,NFKB1
NCL,NFKB1
ESR2,NFKB1
CXCR1,NFKB1
KDR,NFKB1
PTK2B,NFKB1
EPHB2,NFKB1
MMP2,NFKB1
CCR3,NFKB1
CD74,NFKB1
LTK,NFKB1
DDR1,NFKB1
ITGA5,NFKB1
CD8A,NFKB1
BCR,NFKB1
ERBB3,NFKB1
ERBB4,NFKB1
CD80,NFKB1
ITGB4,NFKB1
ALCAM,NFKB1
CD36,NFKB1
CD19,NFKB1
FGFR4,NFKB1
CD4,NFKB1
ICAM1,NFKBIB
FAS,NGFR
ITGAM,NME2
CAV1,NOS1
CD74,NOS2
UTS2R,NOS3
CD74,NOS3
AR,NOS3
EGFR,NOS3
LDLR,NOS3
APLP2,NOTCH1
CD28,NOTCH1
IL6R,NOTCH1
ERBB2,NOTCH1
MET,NOTCH1
ESR1,NOTCH3
IGF1R,NOTCH3
CR1,NOTCH3
B2M,NOVA2
ADRA1D,NOVA2
GLP1R,NOVA2
ITGB1,NOVA2
EGFR,NOVA2
CD4,NOVA2
DAG1,NOVA2
HSPA5,NOVA2
ICAM1,NOVA2
CD81,NOVA2
CR2,NOVA2
HLA-A,NPC1
ESR1,NPY6R
JAG1,NT5E
CD44,NT5E
CD8A,NT5E
CD28,NT5E
ALCAM,NT5E
ITGB1,NT5E
CD40LG,NT5E
NCAM1,NTRK2
LEPR,NTRK2
CCR4,NR4A2
EFNA5,NR4A2
EGF,NR4A2
ICAM1,OAT
ANXA2,OAZ1
FAS,OGG1
FAS,P2RX7
FLT1,P2RY2
ITGAM,P2RY2
CAV1,P2RY4
ICAM1,P4HB
MMP2,P4HB
CD151,P4HB
ITGB1,P4HB
CAV1,P4HB
KDR,P4HB
ENG,P4HB
AGTR1,P4HB
MMP2,PEBP1
MTNR1A,FURIN
CD46,FURIN
ITGAV,FURIN
AXL,FURIN
CFTR,FURIN
CD28,FURIN
IL1R1,FURIN
CD8A,FURIN
ENO1,PRDX1
NCL,PRDX1
BMPR2,PAH
EGFR,PAH
ENG,PAH
LRP1,SERPINB2
FAS,PAX3
CSPG4,PAX3
NOTCH1,PAX5
ESR1,PBX1
IL1R1,PCDH8
ICAM1,PCNA
ESR1,PCNA
AQP1,PDB1
CD69,PDCD1
CD40,PDCD1
IL2RA,PDCD1
IL7R,PDCD1
KDR,PDGFRA
MET,PDGFRA
ITGAX,PDGFRA
KDR,PDGFRB
IGF1R,PDK1
ESR1,PDK1
CTLA4,PDK1
EGFR,PECAM1
ICAM1,PECAM1
ESR1,PEPC
ESR1,PER1
ESR1,VIT
FN1,PGK1
ICAM1,PGK1
ERBB3,PGR
INSR,PGR
ESR2,PGR
IGF1R,PGR
CDH1,PGR
KRT1,PGR
ERBB4,PGR
HTR7,PGR
MST1R,PGR
EGFR,PI3
BSG,SERPINB6
KDR,PIGF
FLT4,PIGF
MMP2,PIK3CA
ITGB2,PIK3CB
CD151,PIK3CB
CAV1,PIK3CB
LTK,PIK3CD
IL1RAP,PIK3CD
CD151,PIK3CD
APP,PIK3CD
CAV1,PIK3CG
ITGB1,PIK3CG
ITGB2,PIK3CG
ITGAM,PIK3R2
CD151,PI4KB
BSG,PI4KB
EGFR,PI4KB
IGF1R,PKD1
INSR,PKD1
DAG1,PKD1
LEPR,PKD1
MC4R,PKD1
MC3R,PKD1
NTRK2,PKD1
ITGB3,PKD1
ITPR1,PKD2
PKD2,PKD3
RPSA,PLAT
CANX,PLAT
IL1R1,PLAT
APP,PLAT
LGALS1,PLAT
FLT1,PLAT
IGSF1,PLAT
CD44,PLAT
CD40LG,PLAT
AGTR1,PLAT
PGR,PLAU
KDR,PLAU
FPR2,PLAU
FPR2,PLAUR
ICAM1,PLAUR
IL1RAP,PLAUR
ITGB1,PLCG1
ITGB2,PLCG1
CNR1,PLCG1
CR1,PML
FAS,PNN
FLT1,PNN
KDR,POLD1
ESR1,POLD1
EGFR,PON1
ESR1,POU1F1
ACVR1B,POU1F1
IGF1R,PPARA
CXADR,PPARG
PPARD,PPARG
P4HB,PPARG
CNR1,PPARG
BMPR1B,PPARG
AR,PPARG
CD34,PPARG
HLA-DPB1,PPARG
ACVR1B,PPARG
CD4,PPARG
ANPEP,PPARG
ITGB2,PPIA
BSG,PPIC
PPARG,PPP1R3A
CTLA4,PPP2CA
MET,PTPA
ITGB1,PTPA
BMPR2,PTPA
GJA1,PTPA
EGFR,PTPA
ESR1,PPP3CA
EGFR,PPP3CA
EGFR,PRD
CD151,PRKCA
FAS,PKN1
IGF1R,PRKCZ
CCKBR,MAPK1
ADCY1,MAPK1
PTK2B,MAPK1
CRHR2,MAPK1
FAS,MAPK1
MTTP,MAPK1
CTLA4,MAPK1
EPHA4,MAPK1
PIK3CB,MAPK1
GFRA1,MAPK1
EDNRB,MAPK1
CD82,MAPK1
CD9,MAPK1
EPHB4,MAPK1
ITGB4,MAPK1
LRP5,MAPK1
LRP1,MAPK1
DDR1,MAPK1
PPARG,MAPK7
KDR,MAPK8
ITGAM,MAPK8
KDR,MAPK9
FLT1,MAPK9
MET,MAPK10
PKD1,MAPK13
IGF1R,MAP2K3
ESR1,MAP2K3
KDR,MAP2K3
PPARG,MAP2K3
CD8A,EIF2AK2
PLSCR1,EIF2AK2
EGFR,PRLR
CTLA4,KLK7
PGR,PSEN2
CEACAM1,PSG2
ANXA2,PSMB4
NOTCH1,PSMB6
HLA-A,PSMB10
MET,PSMD2
ANXA2,PSMD8
HLA-A,PSME2
ITGB2,PTBP1
ESR1,TAS2R38
KDR,TAS2R38
GPC3,PTCH1
SMAD3,PTEN
P4HB,PTEN
FCER2,PTEN
FAS,PTGDR
LEPR,PTGER3
MMP2,PTGER4
GRIN2A,PTK2
GRIN2B,PTK2
PGR,PTK2
PLAUR,PTK2
CDH1,PTK2
COL17A1,PTK2
ESR1,PTK6
PPARG,PTPN2
ADRA1D,PTPN11
PLAUR,PTPN11
IGSF1,PTPN11
ICAM1,PTPN11
ITGA2B,PTPN11
NPY4R,PTPN11
FCGR3B,PTPN11
CEACAM1,PTPN12
NCAM1,PTPRC
ENG,PTPRC
GJA1,PTPRM
ESR1,PTPRN2
EGFR,PTS
KDR,PTX3
ENG,PTX3
CD44,PVR
ITGB1,PVR
PTPRA,PVR
PTPRJ,PVR
HLA-DQA1,PVR
HLA-DPA1,PVR
ERBB3,PVR
EGFR,NECTIN1
ESR1,NECTIN1
LRP6,NECTIN1
ITGB2,PXN
IGF1R,RAB4A
CAV1,RAB5A
IGF1R,RAB5A
ITGB2,MOK
ITGAM,MOK
PPARG,MOK
ITGB1,MOK
ITGAX,MOK
CAV1,RARA
MMP2,RARA
ICAM1,RARB
PPARG,PLAAT4
EPHA1,RASA1
DLG4,RASA1
PTPRR,RASA1
DAB2,RASA1
IL2RG,RASA1
CR1,RB1
PGR,RBBP4
CR1,RBL1
CR1,RBL2
FAS,RDX
ITGB1,RDX
ICAM1,REL
IL1R1,REL
KDR,RELA
AGTR1,REN
NECTIN1,REN
FCAR,REN
EXTL3,REN
ESR1,RENBP
ITGA9,RFC1
CTLA4,RFX1
HLA-F,RFX5
OXTR,RGS2
MCHR1,RGS2
ADORA2A,RGS2
ADCY9,RGS2
HLA-A,RHD
ANXA2,RHO
ICAM1,RHO
NOTCH1,RIT1
ESR1,BRD2
ICAM1,SNORD21
CAV1,ROCK1
PPARG,RORA
PPARG,RORC
LGALS3,ROS1
FAS,ROS1
AGTR1,ROS1
ICAM1,RRAD
ESR1,RREB1
ITGB1,CLIP1
ICAM1,RXRA
ESR1,RXRB
ANXA2,S100A1
ACVR1B,SORT1
RXRA,S100A2
ANXA2,S100A11
ESR1,S100P
PPARG,SAFB
ITGAX,SALL2
ICAM1,SALL2
MYLK,SAI1
HLA-A,SARS1
GJA1,SCN5A
CAV1,SCN5A
ANXA2,SCN10A
BSG,SDC1
NCAM1,SDC2
ITGB1,SDC4
MMP2,SDHB
MMP2,SDHC
ICAM1,SEA
MET,SELE
PDCD1,SELE
ITGB1,SELE
ICAM1,SELE
ITGAM,SELL
ICAM1,SELL
ENPEP,SELL
ITGAM,SELP
IL1RAP,SRSF1
IL1RAP,SRSF5
ICAM1,SFSWAP
CAV1,SGCB
GJA1,SH3GL2
ICAM1,SH3GL2
NT5E,SH3GL2
ENG,SH3GL2
FLT1,SH3GL2
ESR1,SH3GL2
ITGB2,SH3GL2
ANXA2,SHB
PVR,SLAMF1
PGR,SLC4A3
BSG,SLC1A5
EGF,SLC2A1
LEPR,SLC2A1
PTGER3,SLC2A1
CD4,SLC2A1
CD8A,SLC2A1
PPARG,SLC2A2
CAV1,SLC2A4
BSG,SLC3A2
PGR,SLC4A1
ESR1,SLC7A1
PGR,SLC7A1
PPARG,SLC9A1
PPARG,SLC15A1
LRP6,SNAI2
EGFR,SNAI2
CR1,SMARCA1
PPARG,SMARCA1
PPARG,SMARCD1
PPARG,SMARCE1
ABCA1,SMS
ESR1,SNAI1
PGR,SNAI1
CNR1,SNAP25
NCAM1,SNCA
IGF1R,SNCG
KDR,SOAT1
FAS,SOAT1
PPARG,SOAT1
PGR,SOD1
PPARG,SOD1
DRD3,SOD2
SELE,SOD2
ESR1,SON
CR1,SORL1
NCAM1,SOX1
ESR1,SOX2
NCAM1,SOX4
SMAD2,SOX9
AR,SOX9
ASGR1,SOX9
ITGAX,SP1
ACVR1B,SP1
GJA1,SP1
BSG,SP1
ITGB2,SP1
EGFR,SP1
ESR1,SP4
KDR,SP4
MMP2,SP4
RXRA,SPI1
MET,SPIB
BSG,SPN
ITGB2,SPN
FAS,SPN
EGFR,SPTA1
ANXA2,SPTA1
IGF1R,SPTB
ACVR1B,SPTBN1
LGALS3,SRC
PPARG,SREBF1
ESR1,SRF
ABCA1,SRF
AGTR1,SSTR1
EGFR,SSTR1
EGFR,SSTR5
PLAUR,STAT1
ICAM1,STAT1
BCR,STAT1
NR3C2,STAT1
PLSCR1,STAT1
MSR1,STAT1
ADRA1D,STAT1
NCL,STAT1
PPARA,STAT1
PTPRR,STAT1
ESR2,STAT1
ICAM1,STAT3
CNTFR,STAT3
RXRA,STAT3
RARA,STAT3
LRP1,STAT3
ADRA1D,STAT3
ERBB3,STAT3
ERBB4,STAT3
PPARG,STAT3
ROR1,STAT3
EPHB2,STAT3
CD36,STAT3
CTLA4,STAT4
RXRA,STAT5B
PKD1,STAT6
EGFR,STK10
ESR1,STK11
IGF1R,STK11
ABCA1,STX3
MMP2,STXBP3
PPARG,ABCC8
ESR1,SUV39H1
ICAM1,SYK
PPARG,SYK
CTLA4,SYK
PPARG,TACC1
ESR1,TACC1
CD79A,ADAM17
IL13,ADAM17
CD4,ADAM17
FAS,ADAM17
CD47,ADAM17
MC4R,ADAM17
ITGA2B,ADAM17
MSN,ADAM17
CALM1,ADAM17
P4HB,ADAM17
TNFRSF8,ADAM17
ESR1,TADA2A
ICAM1,TAF9
CAV1,MAP3K7
HLA-F,TAPBP
ESR1,TAPBP
ITGAM,TAT
KDR,TAT
ICAM1,TAT
ACVR1B,TBCC
EGFR,TBP
CAV1,TBX5
ITGB2,TBXAS1
MMP2,TCF4
AGTR1,HNF1A
PPARG,TCF7L2
ITGB4,ZEB1
CXADR,ZEB1
EGFR,GCFC2
CAV1,TCP1
ESR1,TCP1
BSG,TRA
RXRA,TRA
CTLA4,TRB
KLRD1,TRG
PLD1,PRDX2
ENO1,PRDX2
IL1R1,PRDX2
CD44,TEK
FLT1,TEK
ITGA1,TEK
FAS,TERT
IGF1R,TERT
CTLA4,TFAP2A
NCAM1,TFAP2A
ITGB1,TFAP2A
EPHB2,TFCP2
CR1,TFDP1
RXRA,TFDP1
ESR1,TFF3
IL1R1,TFRC
ITGB1,TFRC
PPARG,TGFB1I1
MMP2,TGFBR1
MET,TGFBR2
ESR1,TGFBR2
IL13,THBD
PLG,THBD
CD40,THBD
CD19,THBD
SELE,THBD
CD46,THBD
EGFR,THRA
ITGAX,THY1
ENG,THY1
MET,TIA1
CD68,TIA1
FAS,TIAL1
MET,TIAL1
MET,TIE1
ESR1,TIE1
CAV1,TIE1
NCAM1,TIE1
FLT1,TIE1
IGF1R,TIE1
IGF1R,TJP1
ICAM1,TK1
ICAM1,TLR1
PDCD1,TLR2
IL18,TLR4
NECTIN1,TLR4
IL10RA,TLR4
SELL,TLR4
NTRK1,TLR4
CD80,TLR4
IL4R,TLR4
DSG1,TLR4
BCR,TLR4
IGF1R,TLR4
LDLR,TLR4
CCR5,TLR4
CD79A,TLR4
CD151,TSPAN7
ENPEP,TNFAIP1
CD40LG,TNFRSF1A
PIK3CB,TNFRSF1A
LTBR,TNFRSF1A
NGFR,TNFRSF1A
AR,TNFRSF1A
CD70,TNFRSF1A
IL1R1,TNFRSF1A
ESR1,TNFRSF1A
CD6,TNFRSF1A
FAS,TNFRSF1A
CD27,TNFRSF1A
NCAM1,TNFRSF1A
EPOR,TNFRSF1A
GYPC,TNFRSF1A
ITGB2,TNFRSF1A
IL10RA,TNFRSF1A
CD14,TNFRSF1A
CFTR,TNFRSF1A
ERBB2,TNFRSF1A
ERBB3,TNFRSF1A
ERBB4,TNFRSF1A
KDR,TNFRSF1A
FAS,TNFRSF1B
IL18,TNFRSF1B
LTBR,TNFRSF1B
NGFR,TNFRSF1B
LEPR,TNFRSF1B
IL1R1,TNFRSF1B
CDH5,TNFRSF1B
IL10RA,TNFRSF1B
MAG,TNFRSF1B
NTRK2,TNFRSF1B
NTRK3,TNFRSF1B
GJA1,TNNI3
ICAM1,TNNT2
CD38,TP53
PTCH1,TP53
EPOR,TP53
ACVR1B,TP53
PGR,TP53
ERBB2,TP53
DCC,TP53
NTRK1,TP53
RARA,TP53
FPR1,TP53
GPER1,TP53
PTGER2,TP53
CTLA4,TP53
CDH13,TP53
MST1R,TP53
DRD4,TP53
TAS2R38,TP53
PDGFRA,TP53
NOTCH2,TP53
SLC2A2,TP53
THBD,TP53
MAG,TP53
SELE,TP53
TNFRSF1A,TP53
NEO1,TP53
CXCR2,TP53
FGFR1,TP53
FGFR3,TP53
KCNH1,TP53
RPSA,TP53
FN1,TPD52
MET,TPM3
HLA-A,TPO
FLT1,TPO
TNFRSF1B,TPT1
CD151,TPT1
TNFRSF1A,NR2C2
RXRA,NR2C2
CTLA4,TRAF1
FAS,TRAF6
NTSR1,TRAF6
ITGB2,TRAF6
PTAFR,TRAF6
TLR4,HSP90B2P
PKD2,TRPC4
PPARG,TRPC6
PKD1,TSC2
ANXA2,TSG101
TNFRSF1A,TTC1
EGFR,TTF1
KDR,TTF1
IL6R,TWIST1
TNFRSF1A,TNFRSF4
CD40,TXN
PTPRC,TXN
PTPN6,TXN
PGR,TXN
CD4,TXN
TNFRSF8,TXN
NGFR,TXN
UTS2R,TXN
TIE1,TXN
IL1R1,TXN
ABCA1,TXNRD1
ESR1,TYMS
LGALS1,TYMS
KLRC1,TYROBP
FPR2,TYRP1
PKD2,TYRP1
KDR,TYRP1
FAS,TYRP1
FAS,UBB
TNFRSF1A,UBB
FAS,UBC
EGFR,UBE2B
NOTCH1,UBE2D3
PGR,UBE2L3
TNFRSF1B,UCP3
LEPR,UCP3
CAV1,UTRN
EGFR,VASP
MMP2,VASP
CAV1,VAV2
CD47,VCAM1
JAG1,VCAM1
CD8A,VCAM1
ITGAX,VCAM1
ICAM2,VCAM1
CD36,VCAM1
SELL,VCAM1
ITGAM,VCAM1
CD40,VCAM1
EGF,VCAM1
CD4,VCAM1
CD81,VCAM1
KIT,VCAM1
SMAD1,VCAM1
PECAM1,VCAM1
FGFR4,VCAM1
CR2,VCAM1
ENPEP,VCAM1
FPR1,VCAM1
ITGAE,VCAM1
FCGR3A,VCAM1
ITGAL,VCAM1
AGTR1,VCAM1
ICAM1,VCL
LEPR,VDR
RORA,VDR
RARG,VDR
IGF2R,VDR
TGFBR1,VDR
AR,VDR
NR3C2,VDR
PGR,VDR
LRP5,VDR
TNFRSF1B,VDR
RARA,VDR
EPHA3,VDR
NR3C1,VDR
CXCR2,VDR
THBS1,VDR
TNFRSF1A,VHL
GJA1,VHL
ICAM1,VIM
EGFR,VIM
VCAM1,VIM
NCAM1,VPREB1
FAS,XBP1
SLC16A2,XIST
ITGB2,ZAP70
VDR,ZBTB14
ANXA2,ZNF37A
ITGAM,MZF1
ESR1,MZF1
ABCA1,ZNF202
HLA-A,SLC30A1
GJA1,ZYX
FAS,PTP4A1
NCAM1,PAX8
TSHR,PAX8
PPARG,IL1R2
ITGAL,CXCR4
IGF1R,CXCR4
LDLR,CXCR4
ITGA5,CXCR4
ROBO1,CXCR4
B2M,CXCR4
ACKR1,CXCR4
CD14,CXCR4
SDC2,CXCR4
CD44,CXCR4
TGFBR3,CXCR4
CD63,CXCR4
TEK,CXCR4
CD34,CXCR4
AGTR1,CXCR4
GHR,CXCR4
BCR,CXCR4
GJA1,CXCR4
ITGA4,CXCR4
CXCR4,USP7
ICAM1,EOS
VCAM1,EOS
NOTCH4,BAG6
CAV1,AIMP2
FLT1,AIMP2
C1QBP,TFPI2
F3,TFPI2
SFRP1,TFPI2
ESR1,TFPI2
ESR2,TFPI2
TNFRSF1A,ARHGEF5
LEPR,GLRA3
ITGA7,ADAM12
ITGA3,ADAM12
MC1R,ADAM12
ADAM10,ADAM12
GJA1,CSRP3
GHR,USP5
FAS,USP5
DLG4,USP5
EGFR,USP5
FCGR1A,USP5
CFTR,USP5
TIE1,USP5
EGFR,PABPN1
ICAM1,PABPN1
ITGB1,SLC7A5
ITGB4,SLC7A5
ICAM1,SLC7A5
CDH1,SLC7A5
LGALS3,SLC7A5
CD47,SLC7A5
VCAM1,MADCAM1
ITGB1,MADCAM1
ITGAM,MADCAM1
ITGB2,MADCAM1
ESR1,TAM
TNFRSF1A,CHAF1B
LGALS1,DVL1P1
RARA,ARID1A
ESR1,ARID1A
VDR,ARID1A
PPARG,ARID1A
PPARD,ARID1A
CR1,PICALM
CXCR4,FZD4
VDR,H4C12
BCR,NR0B2
KLRC1,NR0B2
CD72,NR0B2
CAV1,DYRK3
VDR,TEAD2
ANXA2,PPFIA1
TNFRSF1A,PIK3R3
ITGAM,PIK3R3
EGFR,CNTNAP1
LDLR,APOL1
MSR1,APOL1
LGALS1,PIAS1
ENG,PDLIM4
FAS,PDLIM4
TNFRSF1A,CASK
EGFR,PLA2G4C
TLR4,PSMG1
CD33,TP63
ITGAV,TP63
IGF1R,NCOA1
PIK3CB,BECN1
HSPA5,BECN1
FPR2,MARCO
VDR,TNFRSF25
HLA-A,TNFRSF25
FAS,TNFRSF25
CTLA4,TNFRSF25
NOTCH1,TNFRSF25
S1PR3,MBTPS1
CXCR1,MBTPS1
ADRA1A,MBTPS1
TRAF2,MBTPS1
SMAD3,MBTPS1
LPAR1,MBTPS1
PTPRC,MBTPS1
ITGB1,EED
AGTR2,RIPK1
EGF,ADAM9
PDCD1,TNFRSF14
CTLA4,TNFRSF14
TNFRSF1B,RIPK2
TNFRSF1B,FADD
ANXA2,SNAP23
TNFRSF1A,TNFRSF18
EGFR,TNFRSF11A
FAS,TNFRSF10B
RXRA,TNFRSF10B
FAS,TNFRSF10A
IL1R1,IL18RAP
AGTR1,IQGAP1
CSF1R,NRP1
MST1R,NRP1
ITGB1,NRP1
LGALS1,NRP1
CD19,NRP1
GJA1,NRP1
SDC2,NRP1
CXCR4,SOCS2
EGFR,SOCS2
TNFRSF1A,CFLAR
KDR,PROM1
CXCR4,PROM1
BMPR2,CDK5R1
CNR1,NR1I2
EGFR,NR1I2
ESR1,PER2
IGF1R,ARHGEF7
ITGAM,VNN2
ICAM1,SPHK1
EGFR,SPHK1
ESR1,SPHK1
CAV1,SPHK1
ESR1,AP1G2
ESR1,SNURF
CR1,MBD2
ANXA2,CDK5R2
ITGB1,P4HA2
CSPG4,P4HA2
CD151,P4HA2
GJA1,P4HA2
FN1,P4HA2
TEK,P4HA2
ESR1,P4HA2
PPARG,P4HA2
VCAM1,TRPA1
PPARG,TRPA1
NOTCH1,CDKL2
ESR1,CDKL2
AGTR1,RPL14
ESR1,AIP
ESR1,PSTPIP1
PGR,GPRC5A
VDR,GPRC5A
TNFRSF1A,PRC1
CLDN4,CLDN1
MTNR1A,CLDN1
ESR1,CLDN1
BSG,SLC16A4
BSG,SLC16A3
MET,CNOT9
NCAM1,SYNGR1
ESR1,COX7A2L
IGF1R,ARHGEF2
TNFRSF1B,LRRFIP1
VDR,MTA2
TNFRSF1B,NOLC1
TLR4,DLG5
TNFRSF1A,PDLIM7
ICAM1,CYTH1
TLR4,GPR55
CTLA4,CD83
MMP2,MMP20
ESR1,MMP20
EGFR,MMP20
KDR,MMP20
FAS,MMP20
NCAM1,TRIP10
VDR,ZNHIT3
TNFRSF1A,ZNHIT3
KIT,CD163
FAS,TCEAL1
VDR,TCEAL1
ICAM1,SLC9A3R2
PKD2,SLC9A3R1
PKD1,SLC9A3R1
ICAM1,SLC9A3R1
PKD2,KIF3B
EGFR,COX5A
PGR,COX5A
IGF1R,NRXN2
FAS,GRAP2
CTLA4,GRAP2
ESR1,TMPRSS11D
IGF1R,TMPRSS11D
KLRD1,NCR1
IGF1R,NCR1
CR1,MED23
CR1,MED26
ESR1,MED7
CSPG4,EIF2AK3
IGF1R,RASAL2
FAS,ATG5
ESR1,ROCK2
LGALS1,PSMF1
MYLK,AKAP5
IL1R1,ADAMTS4
NCAM1,NPEPPS
EGFR,NPEPPS
VDR,NPEPPS
MET,NPEPPS
CXCR4,TECR
ITGB1,BCAR1
KDR,CREB5
TNFRSF1B,CARTPT
RXRA,MTRF1
ESR1,MTRF1
FAS,TRAF4
TNFRSF1A,TRAF4
TNFRSF1B,TRAF4
ABCA1,ABCG1
EGFR,RGS6
KDR,RGS6
IGF1R,RGS6
EGFR,SH3PXD2A
EGFR,CTR9
IGF1R,CTR9
ANXA2,CTR9
MET,CTR9
FLT1,CTR9
KDR,CTR9
ITGAM,CTR9
CAV1,EIF5B
ESR1,KDM4A
GJA1,UBE3C
FAS,UBE3C
CXCR4,UBE3C
B2M,PUM1
AGTR1,NOS1AP
ESR1,SART3
EGFR,SART3
VDR,HDAC9
CXCR4,KNTC1
EGFR,GPRASP1
SDC1,SETD1A
MET,LAPTM4A
BCR,HDAC4
MTTP,HDAC4
VDR,HDAC4
EGF,HDAC4
RARB,HDAC4
EGFR,RASSF2
IGF1R,RASSF2
MET,RASSF2
TNFRSF1A,RASSF2
EGFR,MTSS1
EPHB2,KEAP1
KIR3DL1,KEAP1
VDR,MED24
PKD2,FIG4
TNFRSF1A,FIG4
FN1,FIG4
ICAM1,FIG4
CXADR,MFN2
INSR,MFN2
VDR,NR1H4
RXRA,NR1D2
NCAM1,FGFBP1
FLT1,FGFBP1
CAV1,FGFBP1
KDR,FGFBP1
NCAM1,SLC12A6
PGR,CASP8AP2
TNFRSF1A,TANK
ESR1,HDAC6
VDR,HDAC6
CXCR4,BCL2L11
CAV1,HCN4
ITGB2,CHAF1A
MMP2,HUWE1
ESR1,PQBP1
ACVR1B,ACTR1B
IGF1R,ACTR1B
ICAM1,ARL4C
BMPR2,DNAL4
FLT1,TRAP1
KDR,TRAP1
ITGB2,BCAP31
NRP1,PLXNC1
MET,PLXNC1
PVR,PLXNC1
GPER1,TENM1
SFRP1,CALCRL
MET,EIF1
BSG,OLIG2
ITGAM,CTDSPL
ITGB2,CTDSPL
EGFR,GPHN
CAV1,SPRY1
CAV1,SPRY2
HLA-A,HCG9
EGFR,CDK2AP2
ACVR1B,FSTL3
DLG3,NET1
ESR1,SF3A1
BMPR2,PAK4
TLR4,NMUR1
CR1,ABCA7
EGFR,CACNG2
ESR1,CITED2
RXRA,TUBA1B
CD151,IRF9
FAS,IRF9
CD151,TUBB3
PGR,TUBB3
ITGB1,TUBB3
KDR,TUBB4A
TLR4,NOD1
IL18,NOD1
NR1I2,NOD1
TLR2,NOD1
ITGAL,NOD1
BMPR2,RACK1
PIK3CB,YAP1
ESR2,YAP1
FAS,PRMT5
TNFRSF1A,PRMT5
ESR1,PPIE
BSG,PPIE
ABCA1,TOMM40
ESR1,HAX1
MMP2,GPNMB
NCAM1,TACC3
IL1RAP,CLEC10A
VDR,TADA3
FAS,CAP1
TNFRSF1A,CAP1
TNFRSF1B,CAP1
EGFR,CAP1
FAS,STK25
VDR,MYBBP1A
PPARG,MYBBP1A
TNFRSF1A,DDX17
FAS,ZNRD2
PGR,ZNRD2
GJA1,DCTN2
CD1C,PROCR
CD1D,PROCR
IL10RA,PROCR
CSF3R,PRDX4
IL1R1,AHSA1
TLR4,AHSA1
EGFR,SH2B2
ENG,PDLIM5
FAS,NPRL2
ESR1,IGF2BP2
TFRC,IGF2BP2
BCR,IGF2BP2
TRAF2,IGF2BP2
NGFR,IGF2BP2
NTRK1,IGF2BP2
NTRK2,IGF2BP2
NTRK3,IGF2BP2
PPARG,IGF2BP2
KCNQ1,IGF2BP2
MTNR1B,IGF2BP2
CNTN2,IGF2BP2
TFRC,KHDRBS1
NTRK2,KHDRBS1
NTRK3,KHDRBS1
LAMP1,KHDRBS1
CNTN2,KHDRBS1
CD151,AP4B1
VDR,RAI1
KLRD1,KLRA1P
TLR4,HSPH1
PGR,HSPH1
RXRA,HSPH1
EGFR,FRS3
NCAM1,FRS2
EGFR,PGRMC1
ESR1,PGRMC1
KLRD1,LILRB1
KLRC1,LILRB1
PVR,LILRB1
KLRD1,HCST
PVR,CD300C
ESR1,PPBPP2
LEPR,PRDX3
GJA1,ERP29
ITGB1,CKAP4
PKD2,YWHAQ
KDR,CCNI
EGFR,COPS5
TLR4,TMED1
EGFR,RAB31
ITGB1,ADRM1
ESR1,TRIM31
CD151,TPPP
CD68,TPPP
VDR,DNAJB4
CD36,ADAMTS13
IGSF1,ADAMTS13
EGFR,CAPN10
PGR,KAT7
CSPG4,NUDT6
TNFRSF1B,PSIP1
ITGB2,PSIP1
ITGB1,PSIP1
KDR,RASSF1
EGFR,RASSF1
KDR,PDCD10
ESR1,GPR176
MET,PTGDR2
TRAF2,PARK7
TLR4,ECD
CTLA4,TUSC2
ESR1,COG2
EGFR,MTF2
THBD,CHSY1
VDR,ZHX2
ESR1,ZHX2
EGFR,ZHX2
CAV1,ZHX2
VDR,CARD8
KLRD1,KLRK1
ICAM1,KLRK1
IGF1R,KLRK1
CSPG4,MMRN1
PVR,MMRN1
CR1,MMRN1
ITGAX,MMRN1
EPHA3,CD93
ITGAX,CD93
GAS1,SIRT2
EGFR,TPX2
ESR1,WDFY3
ESR1,KDM1A
THBD,PPRC1
EFNB2,PEG10
CD82,PEG10
MMP14,PEG10
NCAM1,NFASC
ITGB1,TAB2
ITGB2,TAB2
PPARG,TBC1D9
MMP2,STAB1
KDR,STAB1
FLT1,STAB1
TNFRSF1A,PMPCA
MMP2,MLC1
CD36,JMJD6
PGR,DDHD2
ESR1,SIN3B
PTK2B,NEDD4L
TIE1,NEDD4L
FLT4,NEDD4L
ERBB2,NEDD4L
VCAM1,NEDD4L
SSTR1,NEDD4L
ESR1,NEDD4L
KDR,SYNM
MMP2,SYNE1
EGFR,ARHGEF12
IGF1R,PPP1R13B
FLT1,PPP1R13B
TEK,PPP1R13B
CD44,SIRT1
IL1RAP,NCS1
PGR,ITGB3BP
VDR,ITGB3BP
PGR,GRIP1
JAG1,RYBP
ESR1,TNFRSF13B
EGFR,TNFRSF13B
ITGAM,SUZ12
AGTR1,SRRM2
RXRA,PRAME
LGALS3,SEC14L2
PGR,SEC14L2
IGF1R,CDK20
VDR,DDAH2
CTLA4,PADI4
CR1,CD2AP
IL1R1,NUP62
ANXA2,SLC7A11
CR1,SH3BP4
EGF,PANX1
P2RX7,PANX1
ITGAM,RAB3GAP2
VDR,RAB3GAP2
ITGAM,RAD54B
ITGB2,RAD54B
MMP2,RAD54B
THBD,RAD54B
ICAM1,RAD54B
FN1,RAD54B
ANXA2,RAD54B
FLT1,RAD54B
CD68,QPCT
CD74,BRI3
ESR1,SLC39A6
EGFR,SPDEF
CAV1,MOB4
CALCRL,PAMR1
ABCA1,NIPSNAP3A
ESR1,SYF2
FAS,CLIP3
ESR1,NSMF
ICAM1,ARHGEF26
LGALS1,B3GAT3
ESR1,MYCBP
PPARG,NUPR1
NRP1,OR1J2
ANXA2,GAGE12I
CD79A,HAVCR1
CTLA4,HAVCR1
IL4R,HAVCR1
AGTR1,PABPC1P3
AGTR1,PABPC1P1
ITGB2,SIGLEC7
TNFRSF1B,SIGLEC7
PPARG,LAT
VDR,PELP1
FAS,NSG1
VCAM1,LAMP3
CD8A,LAMP3
ICAM1,LAMP3
CD4,LAMP3
BST1,LAMP3
ESR1,FOXP1
SMAD3,FOXP1
GPNMB,B3GAT1
MAG,B3GAT1
CD4,B3GAT1
CD7,B3GAT1
DRD2,B3GAT1
OPRM1,B3GAT1
CD40LG,B3GAT1
ITGAM,B3GAT1
PTPRC,B3GAT1
CD38,B3GAT1
KDR,B3GAT1
EGFR,EIF2AK1
EGFR,DMAC2L
EGFR,BBC3
FAS,BBC3
EGFR,SNX5
LGALS3,CHIA
FPR2,C5AR2
RXRA,TNFRSF21
EGFR,BHLHE22
ESR1,TOX3
EGFR,SGSM3
TNFRSF1B,IGKV1D-12
FN1,IGKV1D-12
VDR,HIPK2
TNFRSF1A,HIPK2
FLT1,SETD2
ESR1,DROSHA
ESR1,MYLIP
SELE,LGALS13
TNFRSF14,CD274
CD28,CD274
CD86,CD274
CD40,CD274
INSR,CD274
CTLA4,CD274
EFNB3,CD274
ICAM1,CD274
RXRA,UHRF1
VDR,SENP1
CD274,ICOS
TNFRSF1A,PSMC3IP
FAS,SLC2A8
ICAM1,TBX21
NOTCH1,TBX21
CXCR4,ERVW-1
TLR4,ERVW-1
ANXA2,ERVW-1
NRP1,ERVW-1
VDR,KCNIP3
PKD1,CTAG2
ITGAX,PIK3R4
FPR2,DUOX2
PPARG,DUOX2
TLR4,DUOX2
CXCR4,NEUROG3
HLA-A,EJM2
ICAM1,ASAP1
EGFR,ASAP1
ITGB1,F11R
CTLA4,TRAT1
TNFRSF18,FOXP3
NOTCH1,FOXP3
IL7R,FOXP3
PDCD1,FOXP3
B2M,FOXP3
CD4,FOXP3
CD8A,FOXP3
CD68,FOXP3
ESR1,POLR1D
AGTR1,ADIPOR1
HLA-F,NAA20
ICAM1,NAA20
VDR,PHF11
EGFR,VPS28
ESR1,HSD17B11
EGFR,HSD17B11
ESR1,TUBD1
LRP6,NIN
EGFR,NIN
CAV1,ZDHHC2
BSG,GP6
TNFRSF1A,COX16
TLR4,TLR7
BSG,CD320
TLR4,TLR8
TLR2,TLR8
TLR6,TLR8
ITGAX,TLR8
CD40LG,TLR8
TLR1,TLR8
TLR5,TLR8
PLSCR1,PLAC8
ITGB3,PLAC8
CD163,TNFRSF12A
GJA1,UBR5
CSPG4,NIP7
ESR1,DCDC2
TLR4,NELFCD
KLRC1,NELFCD
KLRD1,NELFCD
EGFR,VTA1
VDR,HDAC7
LRP6,UIMC1
KLRD1,CD244
NCAM1,CD244
TSHR,ERAP1
TNFRSF1B,ERAP1
TNFRSF1B,ATP8A2
IL1R1,ATP8A2
VCAM1,MYOZ2
NOTCH1,TUBA8
KDR,TUBA8
GJA1,TUBA8
EGFR,TUBA8
NT5E,HDL3
ITGB1,ADAM22
TLR5,TLR9
KLRB1,TLR9
CD40,TLR9
CD40LG,TLR9
LRP1,TLR9
TLR2,TLR9
TLR6,TLR9
IL13,TLR9
ICAM1,TLR9
VDR,TLR9
CD274,TLR9
KLRK1,TLR9
TLR4,TLR9
HAVCR1,TLR9
IL4R,TLR9
CTLA4,TLR9
CLEC4A,TLR9
NRP1,KCNK10
CD14,TREM1
LY96,TREM1
PROCR,RIN2
IL3RA,KRT20
CD68,KRT20
LEPR,CCHCR1
EGFR,ROBO4
IGF1R,MAGEL2
LGALS1,ASPN
CAV1,ASPN
TLR8,NCAPG2
PPARG,CDKAL1
KDR,OCIAD1
NCAM1,TTC12
ESR1,HCFC1R1
FLT1,BANK1
NOTCH1,SHQ1
PGR,PBRM1
MET,PBRM1
PGR,YY1AP1
IL1RAP,UEVLD
NOTCH1,GIMAP5
EGFR,IMPACT
PPARG,IMPACT
VDR,TRPV6
TLR4,STAP2
PGR,PNRC2
PGR,ZNF692
CR1,ZNF692
PPARG,ZNF692
FAS,PRPF40A
PGR,CDC37L1
ESR1,CDC37L1
KDR,CDC37L1
MMP2,ENAH
ESR1,CCAR1
PPARG,PAG1
VDR,PAG1
ESR1,PECR
GPC3,SULF2
ITGB1,PCDHB8
LGALS1,MRAP
CXCR4,CTNNBL1
GPC6,SLC2A9
CNTNAP2,SLC2A9
PTPRD,SLC2A9
GRIN2A,SLC2A9
RXRA,NPDC1
AGTR1,SAR1A
AGTR2,SAR1A
DSG1,KCMF1
EDNRA,KCMF1
LGALS1,LGALS14
ITGB1,LGALS14
CSPG4,LGALS14
LGALS1,OTOR
ESR1,PCBP4
PPARG,PCBP4
EGFR,AGTRAP
CXCR4,CYSLTR2
CTLA4,CYSLTR2
FLT1,CYSLTR2
EGFR,PLAAT1
GPC3,GOPC
ITGB1,GOPC
FAS,GOPC
ACVR1B,GOPC
ICAM1,GOPC
ITGAM,CD177
PPARG,RTN4
ITGB2,MCOLN1
ESR1,ARFGEF3
AQP1,SLC4A10
MMP2,MTA3
NRP1,SEMA6A
GJA1,RIC1
TLR8,MRTFA
VDR,SHROOM3
ESR1,SH3RF1
VDR,CALCOCO1
VCAM1,SLAMF7
ITGB1,SLAMF7
EGFR,PTBP2
TNFRSF1B,PTBP2
TNFRSF1A,PTBP2
ICAM1,PLEKHB1
MET,PLEKHB1
ITGA9,SCPEP1
MMP2,LGR6
ESR1,TGIF2
EGFR,CDH26
ITGB1,CDH26
GJA1,CDH26
MET,CDH26
NCAM1,CDH26
ANXA2,APOBEC3G
AGTR1,IGAN1
ESR1,SH2D4A
ANXA2,GPATCH3
ITGA9,CHTF18
FAS,PERP
ITGB1,GOLPH3
CDH5,TNMD
KLRK1,TNMD
MSN,TNMD
NR1I2,TNMD
TLR4,NOD2
ESR1,NOD2
TLR9,IFIH1
ITGB2,MLST8
CR1,MS4A6A
ABCA1,ABCG8
ABCA1,ARHGEF28
ITGB1,FBRS
FAS,ZMAT3
ITGAX,INF2
FAS,GORASP1
CAV1,PDIA2
PGR,SMURF2
CNTN2,SMYD3
EGFR,RTN4R
RHO,WNK1
LAMP1,WNK1
PGR,FRTS1
ESR1,FRTS1
EGFR,FRTS1
MET,WNK2
CAV1,WNK2
LEPR,WNK2
DYSF,AHNAK
PKD2,TRPM8
PPARG,FTO
MC4R,FTO
EGFR,WDR77
LRP6,GNPTAB
PDCD1,ULBP3
KLRD1,ULBP3
KLRC1,ULBP3
CXCR4,SLC52A2
MET,MUL1
KDR,MUL1
FLT1,HSPBAP1
KDR,HSPBAP1
VDR,HSPBAP1
TLR4,HSPBAP1
EGFR,PLEKHF2
CTLA4,VTCN1
TDGF1,LIN28A
NTSR1,LIN28A
ITGA9,MYH14
ICAM1,CARF
EGFR,RNF122
MET,SCD5
CD68,SCD5
FAS,MINDY3
ESR1,RPF1
ESR1,ZNF703
RXRA,RNF34
PPARG,CHD9
KLRD1,ULBP1
TLR4,ULBP1
ICAM1,PNPLA3
CEACAM1,COLEC12
VDR,HM13
IL1R1,ITFG1
ESR1,KIF18A
ESR1,APH1B
CAV1,PLVAP
LTBR,JAM3
ITGB4,JAM3
ITGAL,JAM3
ESR1,TM2D1
PGR,EMILIN2
RXRA,ARID5B
CTLA4,WDR83
TNFRSF1A,WDR83
TNFRSF1B,WDR83
MMP2,WDR83
IGF1R,WDR83
PGR,LCOR
EGFR,KISS1R
IL2RA,HAVCR2
IL7R,HAVCR2
C1QBP,HAVCR2
TNFRSF1B,LINGO1
FPR2,HSH2D
IL1R1,UBASH3B
TNFRSF1A,UBASH3B
EGFR,CCDC183
AGTR1,RERG
CAV1,RERG
PPARG,RERG
KDR,RERG
ESR1,RERG
EGFR,RERG
IL1RAP,RERG
BSG,PPIL4
TNFRSF1A,PPIL4
ANXA2,TRIM5
FAS,ALG2
MYLK,MYLK2
TNFRSF1A,MYLK2
LGALS1,GAL3ST3
FLT1,ARHGAP11B
ICAM1,ESAM
MET,RPS19BP1
ESR1,MYLK3
IL1R1,MYOZ3
LGALS1,MTG1
CD151,IGSF8
CAV1,TJAP1
MMP2,MUC16
B2M,MUC16
TNFRSF8,MUC16
CD40LG,MUC16
MUC1,MUC16
CLDN4,MUC16
SIGLEC9,MUC16
IGSF1,MUC16
MUC5AC,MUC16
NCR1,MUC16
NCAM1,MUC16
PLG,FTMT
VTN,SFXN1
CD8A,SFXN1
TLR9,ORMDL3
ESR1,PAXBP1
EGFR,C12orf57
FAS,C12orf57
MMP2,DTX2
AGTR1,TXNRD3
AGTR1,NLRP3
PPARA,NLRP3
EGF,NLRP3
EGFR,NLRP3
IL18,NLRP3
FCGR2A,NLRP3
IL1R1,NLRP3
MPIG6B,NLRP3
CAV1,MAL2
ICAM1,TIRAP
ESR1,GPR146
ERAP1,FCRL3
PDCD1,SLC5A11
ICAM1,TNFRSF13C
PPARG,TGM7
EGFR,TGM7
ESR1,ANIB1
EGFR,SLC16A10
ESR1,ANTXR2
VDR,CYP2R1
LGALS3,CYCSP25
VDR,CSNK1A1L
MMP2,CSNK1A1L
ESR1,SOCS4
CAV1,TC2N
ICAM1,NTAN1
MMP2,NTAN1
ITGB2,NTAN1
ITGB2,SNX20
VCAM1,SNX20
ITGAM,SNX20
ESR1,TAF8
CTLA4,RBM45
VDR,RBM45
ACVR1B,ACVR1C
ESR1,SLCO6A1
ICAM1,SLCO6A1
EGFR,SLCO6A1
NOTCH1,SLCO6A1
KDR,SLCO6A1
TLR4,IRAK1BP1
IL1R1,IRAK1BP1
ICAM1,IRAK1BP1
EGFR,IRAK1BP1
ITGB2,TAAR1
BSG,CD109
MMP2,CD109
EGFR,TRIM50
HLA-A,MAGEC3
LEPR,SLC32A1
PROCR,PWAR1
EGFR,PWAR1
ESR1,CDAN1
TNFRSF1B,IL23R
ICAM1,IL23R
CTLA4,IL23R
TNFRSF1A,IL23R
IL1R1,IL23R
ERAP1,IL23R
ESR1,ZNF385B
MET,PPP1R1C
ANXA2,HFM1
EGFR,MMAA
PPARG,SLC30A8
HLA-A,SLC30A8
CXCR4,SLC30A8
TLR4,SPIN3
IGF1R,SPIN3
TLR9,CLEC4C
TLR9,DHX36
IGF1R,CADM4
FAS,CADM4
CTLA4,CADM4
PPARG,PRSS55
EGFR,PDILT
EGFR,ATAD3C
ESR1,MED19
VDR,MED19
FLT1,MED19
LRP6,ARMC3
MMP2,ARMC3
RXRA,ARMC3
VDR,ARMC3
KDR,ARMC3
CEACAM1,ARMC3
EGFR,ARMC3
NOTCH1,ARMC3
PPARG,ARMC3
CAV1,HEPACAM
ESR1,GSTA5
EGFR,GSTA5
PKD2,GSTA5
CAV1,GSTA5
PPARG,GSTA5
VCAM1,GSTA5
HLA-F,GSTA5
JMJD6,TDRD6
MMP2,RNF182
PDCD1,VSTM2A
CNR1,NAPEPLD
NOTCH1,STXBP4
CR1,EBF3
NCAM1,ANKK1
KLRD1,NCR3
EGFR,NCR3
IGF1R,MRGPRX1
ERBB3,IL4I1
FN1,IL4I1
IL2RA,IL4I1
CD79A,IL4I1
NFASC,IL4I1
CFTR,IL4I1
VCAM1,IL4I1
CDH5,IL4I1
IGF2R,IL4I1
CD4,IL4I1
DLG4,IL4I1
DLG1,IL4I1
CALM1,IL4I1
TNFRSF1A,STK32C
ACE2,STK32C
CAV1,PGP
PGR,CAVIN1
ESR1,KCTD1
VCAM1,MAMSTR
CD274,HTR3E
VCAM1,SCAI
PPARG,TRARG1
THBD,CHSY3
ESR1,TAS2R64P
EGFR,TAS2R64P
PGR,TAS2R64P
CAV1,FMN1
PKD2,PKD1L3
LGALS1,GSTK1
IGF1R,GSTK1
FAS,GSTK1
BMPR2,GSTK1
ESR1,GSTK1
TNFRSF1B,TBPL2
CR1,C1QTNF9B
CAV1,C1QTNF9B
LGALS1,C1QTNF9B
FAS,RBM12B
KDR,VHLL
AGTR1,MIR155
EZR,MIR183
NOTCH1,MIR200A
FN1,MIR200C
CD44,MIR216A
ESR1,MIR22
SLITRK1,MIR24-1
SFRP4,MIR31
LEPR,NUTM2G
KDR,VN1R17P
CD44,MIR330
ESR1,MIR342
TLR4,TIFAB
FAS,TIFAB
TNFRSF1B,TIFAB
EGFR,MIR146B
CXCR4,HCC
GPC3,HCC
CAV1,POTEM
ANXA2,POTEM
EGFR,POTEM
ICAM1,POTEM
GJA1,POTEM
CEACAM1,POTEM
RXRA,POTEM
CSPG4,POTEM
ITGA9,POTEM
ITGAX,POTEM
ITGAM,POTEM
CR1,POTEM
ITGB1,POTEM
NOTCH1,POTEM
EGFR,ECSCR
KDR,ECSCR
CR1,MS4A4E
CXCR4,LINC00273
EGFR,SCFV
KDR,SCFV
ICAM1,SCFV
CXCR4,CXADRP1
ESR1,PRB2
FAS,NCF1
CXCR4,NME1-NME2
HLA-A,PSS
ANXA2,LOC100129503
ICAM1,KIR2DS2
FAS,KIR2DS2
KLRD1,KIR2DS2
CD163,FCGR1CP
ITGAX,FCGR1CP
EGFR,FCGR1CP
MET,FCGR1CP
ESR1,HBD
ESR1,TRAP
VDR,TRAP
FLT1,TRAP
KDR,TRAP
THBD,DIP
CXCR4,ACTN1
TNFRSF1B,ACTN1
CEACAM1,ACTR1A
EGFR,ACTR1A
ESR1,ACTR1A
FAS,ACTR1A
ITGAM,ACTR1A
ITGB1,ACTR1A
NCAM1,ACTR1A
NRP1,ACTR1A
PVR,ACTR1A
VCAM1,ACTR1A
EGF,ADGRE5
FAS,ADGRL2
EGFR,ADGRV1
EGFR,AFM
CXCR4,AHSA1
ITGAM,AHSA1
PPARG,AHSA1
KDR,ALAD
AGTR2,AMD1
FAS,ANKRD1
LEPR,ANKRD1
PGR,APBB1IP
CTLA4,APCS
ICAM1,APCS
ABCA1,APP
ALCAM,ARHGDIA
BEX3,ARHGDIA
MAGED1,ARHGDIA
PLXNA2,ARHGDIA
CNR1,ARL6
CNR1,ASCL1
CNR1,ATL2
NECTIN1,ATP6AP2
TLR4,AXL
ITGAM,BBC3
PDCD1,BCR
TLR4,BCR
TNFRSF1B,BDP1
EPHB2,BECN1
CNR1,BHLHE22
KDR,BHLHE22
ACVR1B,BMPR1A
ACVR1B,BMPR1B
ALK,BMPR2
CTLA4,BTLA
CAV1,C2CD2L
ACKR3,CALCRL
IL6ST,CALCRL
NCAM1,CAMK2D
NRP1,CAMK2D
FAS,CARTPT
GFRA1,CD163
LIFR,CD163
NCAM1,CD163
RET,CD163
VCAM1,CD209
ENG,CD244
LGALS3,CD248
TNFRSF1B,CD27
CD93,CD274
CNR1,CD274
CD274,CD276
KDR,CD276
ABCA1,CD36
CTLA4,CD40
ITGAM,CD40
ITGAX,CD40
FAS,CD40LG
ABCA1,CD44
CD151,CD63
HLA-DQB2,CD74
CD151,CD81
CD19,CD93
CR2,CD93
FCER2,CD93
CD151,CDC42
CD151,CDH5
PGR,CDK2AP2
PGR,CDK9
CD3E,CDKN1A
CD28,CEACAM1
CD4,CHGA
CD151,CHRNA3
CDH1,CLDN1
VCAM1,CLSTN1
ITGB1,CNTNAP1
FAS,COPS5
TNFRSF1B,COPS5
TLR4,COQ10A
CR1,COX2
EGFR,CPEB3
CNR1,CRHR2
CXCR4,CSF3R
ITGA3,CSPG4
ITGB1,CSPG4
PDGFRA,CSPG4
PDGFRB,CSPG4
SEMA5A,CSPG4
GPC3,CWC15
LGALS1,CYHR1
CR1,CYP1B1
KDR,DAB2IP
IL11RA,DAPK1
PGR,DEAF1
ANXA2,DSP
CD74,DUSP1
ADAM10,EGFR
ART1,EGFR
DPP4,EGFR
PGR,EID1
PKD2,EIF2A
ICAM1,EIF2AK2
IFNAR1,EIF2AK2
IFNAR2,EIF2AK2
IL2RA,EIF2AK2
CD48,ENG
CD84,ENG
EGFR,ENTPD4
TDGF1,EP300
TRAM1,EP300
EGFR,EPHB1
PPARA,ERAP1
RARA,ERAP1
ICAM1,ERCC8
TNFRSF1A,ERN2
MET,ERRFI1
PVR,ESAM
ESR1,ESRRB
CXCR4,EVL
TEK,F11
CNR1,FAAH
ADRA1A,FAS
CD22,FAS
CD28,FAS
CD38,FAS
CD48,FAS
CD69,FAS
CD80,FAS
CR2,FAS
CTLA4,FAS
FAP,FAS
CTLA4,FIG4
NOTCH1,FIG4
JMJD6,FLNA
CDH5,FLT1
BMPR2,FOXH1
MET,FOXK1
GCGR,FOXO1
NR1H3,FOXO1
SLC2A2,FOXO1
EGFR,FRZB
F3,FURIN
HSPA5,FURIN
CXCR4,GAB1
FAS,GAK
TNFRSF1B,GAK
SIGLEC6,GAL3ST2
BMPR2,GFAP
FAS,GFAP
ABCA1,GHSR
KDR,GIPC1
CACNA1C,GJA1
CD38,GJA1
EPHA1,GJA1
GJA1,GJB6
BMPR2,GLIS3
FAS,GLRX
FLT1,GOPC
KDR,GOPC
LGALS1,GOPC
PDCD1,GOPC
TLR4,GOPC
GPER1,GPBAR1
ITGB1,GPNMB
GPER1,GPR139
GJA1,GPR37
GPR132,GPR4
IL1RL1,GPR4
CNR1,GPRASP1
FAS,GRB2
ABCA1,GRIK1
CAV1,GRIN1
FAS,GRIN1
CNR1,GRM5
CAV1,GRM6
ESR1,GSK3A
PGR,GSK3A
CNR1,GSK3B
FAS,GSK3B
LGALS3,GSK3B
TNFRSF1B,GSK3B
TEK,GULP1
PKD1,H2BC11
PPARG,H2BC11
PPARG,H3C15
APP,HAND1
CCR1,HAND1
CD80,HAND1
CD86,HAND1
CXCR3,HAND1
CD4,HAVCR1
TREM2,HAVCR1
ITGB1,HDAC1
ABCA1,HDAC7
NR3C1,HIF1A
CCR2,HMOX1
PKD2,HNF1B
GPC3,HOXA1
GPC3,HOXB6
GPC3,HOXD1
B2M,HOXD10
GPC3,HOXD8
HLA-A,HRH2
CXCR4,HSPBAP1
ITGAM,HSPBAP1
CNR1,HTT
CD3E,ICAM1
CD68,ICAM1
FAS,ICAM1
ITGB2,ICOS
BMPR2,ID1
CCR5,ID3
CD4,ID3
ITGAX,IFIH1
FAS,IFNGR1
CD151,IGBP1
ITGB1,IGBP1
CD151,IGBP1P2
ITGB1,IGBP1P2
EPHB4,IGF1R
LRP2,IGF1R
ABCA1,IGFBP5
TLR9,IL23R
FAS,IL2RG
CD44,IL4I1
FAS,IL4I1
FCGR2A,IL4I1
S1PR1,IL4I1
FAS,IL6R
FAS,IL7R
IL1RAP,INPP4A
HLA-A,INSR
EGFR,IPPK
CD44,IRAK1
CTLA4,IRAK1
CX3CR1,IRF8
IGF1R,ITGA7
ENG,ITGAL
ACKR3,ITGAM
AGER,ITGAM
CD4,ITGAM
CD44,ITGAM
CD68,ITGAM
CD80,ITGAM
CD86,ITGAM
CR2,ITGAM
CSF1R,ITGAM
CXCR3,ITGAM
CXCR4,ITGAM
EGF,ITGAM
FCER2,ITGAM
FCGR2A,ITGAM
FCGR2B,ITGAM
GYPE,ITGAM
HLA-DQB1,ITGAM
HLA-DQB2,ITGAM
IL2RB,ITGAM
CCR6,ITGAX
CCR7,ITGAX
CD1D,ITGAX
CD4,ITGAX
CD86,ITGAX
CSF1R,ITGAX
IL7R,ITGAX
ITGAE,ITGAX
BSG,ITGB1
CXCR4,ITGB1
EPHA4,ITGB1
ERBB4,ITGB1
CAV1,ITGB1BP1
CD151,ITGB1BP1
FAS,ITGB1BP1
GJA1,ITGB1BP1
ICAM1,ITGB1BP1
ITGAM,ITGB1BP1
ITGAX,ITGB1BP1
AGER,ITGB2
CD28,ITGB2
CD80,ITGB2
FAS,ITPR1
CAV1,JAK2
CASR,JAM3
PPARG,JDP2
AGER,JMJD6
ITGAM,JUN
ABCA1,KCNH7
ABCA1,KCNQ2
EGFR,KCTD11
PPARA,KDM3A
CD36,KDR
CDH2,KDR
ITGB5,KDR
GPC3,KIF5C
BMPR2,KIT
FAS,KLRB1
HLA-A,KLRB1
TYROBP,KLRC1
ITGAM,KLRK1
KLRC1,KLRK1
CXCR4,LCP1
HLA-A,LDHA
AGER,LEPR
APP,LEPR
DLG4,LEPR
EPOR,LEPR
IL11RA,LEPR
CD44,LGALS13
EGFR,LIFR
ITGAM,LILRA4
ITGB2,LILRA4
ITGAM,LILRB3
ITGB2,LILRB3
ITGAM,LILRB5
ITGB2,LILRB5
HTR1B,LIN28A
KIT,LIN28A
CDH5,LMO2
GYPE,LMO2
EGFR,LOX
PPARG,LPIN2
PPARG,LPIN3
FAS,LRP1
CD68,LRP12
TLR4,LRP12
LRP1,LRP6
LEPR,LRPPRC
ICAM1,LTBR
ESR1,MAD2L1
ITGAX,MADCAM1
BSG,MAG
IL1R1,MAP2K7
TLR4,MAP3K14
AGER,MAPK1
CD69,MAPK1
EPHB2,MAPK1
GNRHR,MAPK1
RACK1,MAPK1
ADORA2A,MAPK14
CD46,MAPK14
CNR1,MAPK14
CNR2,MAPK14
DAG1,MAPK14
DPP4,MAPK14
ESR2,MAPK14
PTPN6,MAPK14
RXRA,MAPK14
TNFRSF18,MAPK14
VTN,MAPK14
CNR1,MAPK8
TLR4,MAPK8IP2
TLR4,MAVS
CD74,MBP
PPARG,MBTPS2
ICAM1,MCAM
EGFR,MERTK
ITGAM,MERTK
AGER,MET
ALK,MET
CFTR,MET
EFNA3,MET
EFNB2,MET
KDR,MET
KIT,MET
FAS,MFN1
PKD1,MGST1
UTS2R,MIR106B
RIPK1,MIR155
GJA1,MIR206
SMAD3,MIR21
RET,MIR222
FAS,MKNK1
FAS,MLXIPL
PPARG,MLXIPL
CD14,MMP2
CD68,MMP2
KIT,MMP2
ESR1,MNDA
GJA1,MOBP
GJA1,MOG
MET,MORC1
IGHM,MPO
TNFRSF1A,MPRIP
CTLA4,MR1
MET,MRC2
ABCA1,MSMO1
ITGAM,MSR1
MMP2,MT1G
DRD2,MTOR
OPRM1,MTOR
SELL,MUC15
EGFR,MYBL2
ITGAM,MYD88
GJA1,MYOG
NCAM1,MYRF
BSG,NCAM1
CD2,NCAM1
CD44,NCAM1
CDH2,NCAM1
CXADR,NCAM1
DLG4,NCAM1
EPHB2,NCAM1
FGFR4,NCAM1
GRIA1,NCAM1
GRIN1,NCAM1
LIFR,NCAM1
ACVR1B,NCOA3
BMPR2,NCOA3
EGFR,NCOR2
GJA1,NDRG1
FAS,NDRG2
EGFR,NEDD9
BMPR2,NEUROG1
CTLA4,NFATC2IP
CD14,NFKB1
CD3E,NFKB1
CR1,NFKB1
CX3CR1,NFKB1
GAS1,NFKB1
LY96,NFKB1
KDR,NFKBIA
LGALS3,NNAT
TLR9,NOD2
ENG,NOS3
MMP2,NOS3
EGF,NOTCH1
LRP8,NOVA2
CAV1,NR0B2
CD28,NR0B2
CD40LG,NR0B2
CD47,NR0B2
CSF3R,NR0B2
FCGR2A,NR0B2
FCGR2B,NR0B2
FLT1,NR0B2
IL11RA,NR0B2
KDR,NR0B2
LILRA4,NR0B2
LILRB3,NR0B2
LILRB4,NR0B2
LILRB5,NR0B2
LY96,NR0B2
NR1H4,NR0B2
SMAD1,NR0B2
SMAD2,NR0B2
FAS,NR1H2
PGR,NR1H4
NGFR,NRP1
NOTCH1,NRP2
TNFRSF1B,NSMCE3
CD34,NT5E
BMPR2,NTRK3
LGALS3,OAT
CXCR4,OPRM1
ICAM1,P2RX7
EGFR,PAK4
TLR4,PANX1
NRP1,PARVA
IGF1R,PAX3
NOTCH1,PAX6
BMPR2,PCBP2
CXCR4,PCNA
CD28,PDCD1
CD80,PDCD1
KDR,PDGFRL
KDR,PDK1
CD151,PECAM1
CD79A,PEG10
DAG1,PFN1
MSN,PFN1
CD4,PGR
CAV1,PIK3R1
CD74,PIK3R1
CNR1,PIK3R1
KLRD1,PIK3R1
NOTCH1,PIK3R1
PPARG,PIM3
ITGAV,PKD1
CDH1,PLAT
CDH2,PLAT
DDR1,PLAT
GRIN2B,PLAT
HLA-A,PLN
MET,PLXNA2
TNFRSF1B,PMPCA
NRP1,POU5F1
NRP1,POU5F1B
CR1,PPARA
FAS,PPARA
LEPR,PPARA
ABCA1,PPARD
PKD1,PPARD
EPHB2,PPARG
ESR2,PPARG
GCGR,PPARG
IGF1R,PPARG
INSR,PPARG
LGALS3,PPIC
CR1,PPIG
ESR1,PPP1R13B
MET,PPP1R13B
ESR1,PPP3CC
PPARG,PPP3CC
PKD2,PRCP
FAS,PRF1
FAS,PRKAR2B
KDR,PRKAR2B
ABCA1,PRKCD
LRP6,PRKCD
BMPR2,PRKD3
CR1,PRKD3
NRP1,PRKD3
TNFRSF1A,PRKD3
GPC3,PROM1
NOTCH1,PROX1
LGALS3,PRRC2A
GPC3,PRRX2
TLR4,PSD
CLDN5,PTEN
PPARG,PTGER2
EPHA1,PTK2
MET,PTK7
CSF1R,PTPN11
IL11RA,PTPN11
LILRB3,PTPN11
LILRB5,PTPN11
NGFR,PTPN11
ICAM1,PTPRB
ICAM1,PTPRC
ITGAM,PTPRC
ITGAX,PTPRC
TRAM1,PUM1
LGALS3,PVALB
PKD1,PVALB
ITGAM,PXN
LRP6,RAB11A
ITGB2,RAG1
ICAM1,RAP1A
TEK,RAP1A
CNR1,RARB
RXRA,RARS1
CNTNAP1,RASA1
THBD,RASGRP3
PGR,RBL1
PGR,RBL2
PGR,RBP2
FAS,RC3H1
FLT1,RC3H1
KDR,RC3H1
MET,RC3H1
ERAP1,RDH16
ITGAM,RENBP
KDR,RET
EGFR,REV3L
IGF1R,REV3L
BMPR2,RNASE2
BMPR2,RNASE3
EGFR,ROCK2
TLR4,RPP38
FAS,RPS6KA5
ITGAM,RRAD
TNFRSF1B,RTN4R
TNFRSF1A,RUFY2
ITGAM,RUVBL2
ITGB2,RUVBL2
CASR,RXRA
FAS,RXRA
AQP1,SCN10A
TLR4,SCN11A
FAS,SDC1
NCAM1,SDC3
FAS,SELL
ICAM1,SELP
EGFR,SELPLG
ITGB1,SELPLG
CD4,SERPINB2
CNR1,SGPP1
FAS,SIGIRR
SIGLEC7,SIGLEC6
SIGLEC8,SIGLEC6
SIGLEC9,SIGLEC6
EGFR,SIGMAR1
GJA1,SIGMAR1
LRP6,SIGMAR1
NCAM1,SIGMAR1
DDR1,SIRT1
NR1H4,SIRT1
PLAUR,SIRT1
PKD1,SIX1
PGR,SKP2
ENG,SLAMF1
BSG,SLC16A8
ADORA2B,SLC29A1
LGALS1,SLC2A1
CNR1,SMAD2
ITGAM,SMAD3
PGR,SMARCA4
PPARG,SMARCC1
BMPR2,SMYD5
GPC3,SNAI2
FAS,SNRPD2
PPARG,SNX9
PPARG,SOD2
CNR1,SORBS1
EGFR,SOX10
GJA1,SOX10
PTGDR2,SOX9
ABCA1,SP1
FAS,SP1
KDR,SP1
EGFR,SP2
MET,SP3
BCR,SPIB
GJA1,SPTAN1
PPARG,SREBF2
ESR1,ST8SIA2
B2M,STAT1
CALCR,STAT1
CCR2,STAT1
CD3E,STAT1
ESR1,STC2
NOTCH1,SYN1
CTLA4,SYP
GJA1,TBCD
KDR,TBP
PPARG,TBP
EGFR,TBPL1
CEACAM1,TBX21
PPARG,TCF12
AGER,TEK
CNTN2,TEK
EFNB2,TEK
F2R,TEK
NCAM1,TENM1
EGFR,TFF3
GJA1,TFRC
ACVR1B,TGFBR1
FAS,TICAM2
KDR,TIE1
ITGB1,TJP2
AGER,TLR4
CAV1,TLR4
CCR2,TLR4
CD38,TLR4
CD86,TLR4
CTLA4,TLR4
CX3CR1,TLR4
CXCR4,TLR4
EPHA3,TLR4
FCGR2A,TLR4
FPR1,TLR4
GABRG2,TLR4
GLRB,TLR4
GPR83,TLR4
KDR,TLR4
SMAD3,TLR4
CD14,TLR8
AGER,TLR9
ATP6AP2,TLR9
CD47,TLR9
CSF1R,TLR9
FCGR2B,TLR9
GRID2,TLR9
ITGAM,TLR9
ITGAX,TLR9
LTBR,TLR9
ITGAM,TMPRSS11D
FAS,TNFRSF17
TNFRSF1B,TNFRSF19
GLRB,TNFRSF1A
CD47,TNFRSF1B
CD48,TNFRSF1B
GHR,TNFRSF1B
LILRA4,TNFRSF1B
LILRB3,TNFRSF1B
LILRB4,TNFRSF1B
LILRB5,TNFRSF1B
LTB,TNFRSF1B
FAS,TNFRSF8
ABCA1,TNIP1
NOTCH1,TNIP1
APP,TNMD
IL1R1,TNP1
CXCR4,TPBG
EGFR,TRAF5
CD19,TRAF6
ITGAX,TRAF6
LTBR,TRAF6
CTLA4,TRAV9-2
HLA-A,TRAV9-2
ICAM1,TRAV9-2
KDR,TRAV9-2
CD151,TSPAN18
CD151,TSPAN6
ITGB1,TUBA3C
GJA1,TUBA3D
ITGB1,TUBA3D
ITGB1,TUBA3E
TGFBR1,TWIST1
FAS,TYRO3
ITGB2,TYROBP
PPARG,UBE2D1
TLR4,UNC93B1
GABRG2,USP14
ALCAM,VCAM1
B2M,VCAM1
CCR2,VCAM1
CD1D,VCAM1
CD2,VCAM1
CD3E,VCAM1
CD68,VCAM1
LTBR,VCAM1
MADCAM1,VCAM1
RXRA,VCAM1
SELP,VCAM1
TPO,VCAM1
NR1H3,VDR
NR1H4,VDR
TNFRSF1A,WHRN
APP,WNK1
IFNAR1,WNK1
NTRK1,WNK1
CD44,YBX1
EGFR,YLPM1
ICAM1,ZAP70
CAV1,ZBTB7B
ACVRL1,ZEB1
CD4,ZEB1
NOTCH1,ZFP64
NOTCH1,ZIC2
NOTCH1,ZIC5
FAS,ZRANB1
A1BG,ADAM17
A1BG,ADAM9
A1BG,E2F1
A1BG,KCMF1
A1BG,PFN2
A1BG,PTPN11
A1BG,RNF123
A1BG,TRAF6
ABCA1,ATF1
ABCA1,DISC1
ABCA1,DTNB
ABCA1,GPS2
ABCA1,HDAC3
ABCA1,MYC
ABCA1,NCOR1
ABCA1,NCOR2
ABCA1,PDLIM3
ABCA1,SLC25A34
ABCA1,TBL1XR1
ABCA1,TBL1X
ABCA1,TOM1L1
ABCA1,TRIM27
ABCA7,MAPK1
ACE2,CAT
ACE2,CRK
ACE2,FHOD1
ACE2,HRAS
ACKR3,ESR1
ACKR3,GNB3
ACKR3,GNG7
ACKR3,TP53
ACTR2,ATP6AP2
ACTR2,ESR1
ACTR2,HIF1A
ACTR2,HSPA8
ACTR2,PPP1R12A
ACTR2,SETD1A
ACVR1B,ADGRG5
ACVR1B,HAVCR1
ACVR1B,HEPACAM2
ACVR1B,HSP90AA1
ACVR1B,HSP90AB1
ACVR1B,MRAP2
ACVR1B,MXD4
ACVR1B,NTRK1
ACVR1B,PRKACB
ACVR1B,RNF123
ACVR1B,RXRA
ACVR1B,SPINT2
ACVR1B,TLL1
ACVR1B,TLL2
ACVR1B,TMEM30B
ACVR1C,BMPR2
ACVR2A,DAAM2
ACVR2A,HAVCR2
ACVR2B,ENG
ACVR2B,MAS1
ADAM10,CD151
ADAM10,CSPG4
ADAM10,ITGB1
ADAM21,GPC4
ADAM22,E2F1
ADCYAP1R1,GNB3
ADCYAP1R1,GNG7
ADGRA2,ITGAV
ADGRA2,ITGB3
ADGRA2,RYK
ADGRB1,RNF123
ADGRE2,ADGRE5
ADGRE2,LMNA
ADGRE5,ALG6
ADGRE5,B4GALT7
ADGRE5,BET1
ADGRE5,CD9
ADGRE5,CYP2C9
ADGRE5,EXTL3
ADGRE5,FDFT1
ADGRE5,GLT8D1
ADGRE5,GNB2
ADGRE5,GPR89A
ADGRE5,GPR89B
ADGRE5,GPRC5B
ADGRE5,HMOX1
ADGRE5,IPPK
ADGRE5,JPH1
ADGRE5,LEMD2
ADGRE5,MFSD8
ADGRE5,MT-ND5
ADGRE5,MTCH2
ADGRE5,MYC
ADGRE5,NAGPA
ADGRE5,NDUFB8
ADGRE5,NNT
ADGRE5,NRAS
ADGRE5,PIGG
ADGRE5,POTEF
ADGRE5,SERINC1
ADGRE5,SLC29A1
ADGRE5,SRC
ADGRE5,SYNGR2
ADGRE5,TMEM120B
ADGRE5,TMEM223
ADGRE5,TMPPE
ADGRE5,TPST1
ADGRE5,TRIM25
ADGRE5,TSPAN15
ADGRE5,TSPAN5
ADGRE5,UPK1A
ADGRE5,VDAC3
ADGRE5,VIRMA
ADGRE5,YIPF3
ADGRE5,YIPF6
ADGRE5,ZDHHC18
ADGRE5,ZDHHC21
ADGRG1,ESR1
ADGRG5,ALG9
ADGRG5,GJA1
ADIPOR1,NT5E
ADIPOR2,RNF123
ADORA1,EGFR
ADORA1,GNB3
ADORA1,GNG7
ADORA2A,CNR1
ADORA2A,GNG7
ADORA2B,CD40LG
ADORA2B,CD80
ADORA2B,CD86
ADORA2B,DBI
ADORA2B,GNAI2
ADORA2B,GNB2
ADORA2B,GNB3
ADORA2B,GNB4
ADORA2B,GNB5
ADORA2B,GNG10
ADORA2B,GNG11
ADORA2B,GNG12
ADORA2B,GNG13
ADORA2B,GNG3
ADORA2B,GNG4
ADORA2B,GNG5
ADORA2B,GNG7
ADORA2B,GNG8
ADORA2B,GNGT1
ADORA2B,GNGT2
ADORA2B,TPD52L2
ADORA2B,TXLNA
ADORA3,GNB3
ADORA3,GNG7
ADRA1A,ATP6AP2
ADRA1A,GNB3
ADRA1A,GNG7
ADRA1A,RNF123
ADRA1B,ATM
ADRA1B,GNB3
ADRA1B,GNG7
ADRA1D,CXCR4
ADRA1D,GNB3
ADRA1D,GNG7
ADRA1D,RNF123
ADRA2B,GNB3
ADRA2B,GNG7
ADRA2C,CHCHD2
ADRB1,CXCR4
ADRB1,GNB3
ADRB1,GNG7
ADRB2,BSG
ADRB2,GNB3
ADRB2,GNG7
ADRB2,PRDX1
ADRB3,GNB3
ADRB3,GNG7
AGER,EGFR
AGER,ITGB1
AGER,NRP1
AGER,RHOA
AGR2,AHNAK
AGR2,AHR
AGR2,ANXA2
AGR2,ANXA5
AGR2,ARHGDIA
AGR2,CACNB2
AGR2,CPT1A
AGR2,DAAM2
AGR2,DAPK1
AGR2,EFTUD2
AGR2,FOXA1
AGR2,FUS
AGR2,GANAB
AGR2,HBB
AGR2,HDAC4
AGR2,HMGA1
AGR2,HNRNPK
AGR2,HSPA8
AGR2,KHDRBS1
AGR2,KMT2A
AGR2,LMNA
AGR2,NRIP1
AGR2,PARK7
AGR2,PFN1
AGR2,PRDX1
AGR2,PRDX2
AGR2,PRDX4
AGR2,SFXN1
AGR2,TXN
AGR2,USP14
AGR2,USP5
AGR2,YBX1
AGRN,CAV1
AGRN,ESR1
AGRN,GPC4
AGRN,ITGA9
AGRN,ITGAM
AGRN,ITGAX
AGRN,ITGB2
AGRN,PTK2
AGTR1,ARFGAP1
AGTR1,ARHGDIG
AGTR1,ATP13A1
AGTR1,ATP2B4
AGTR1,AVPR2
AGTR1,BAALC
AGTR1,BASP1
AGTR1,BNIP3
AGTR1,BRD8
AGTR1,CBR1
AGTR1,CCDC25
AGTR1,CD37
AGTR1,CD40LG
AGTR1,CD80
AGTR1,CD86
AGTR1,CUEDC2
AGTR1,DBI
AGTR1,DBNDD2
AGTR1,DCX
AGTR1,DNAJC6
AGTR1,DNAJC8
AGTR1,FAM13B
AGTR1,FBXW11
AGTR1,FCHO1
AGTR1,FCHO2
AGTR1,GAK
AGTR1,GAPVD1
AGTR1,GHITM
AGTR1,GNA12
AGTR1,GNAI2
AGTR1,GNAS
AGTR1,GNB2
AGTR1,GNB3
AGTR1,GNB4
AGTR1,GNB5
AGTR1,GNG10
AGTR1,GNG11
AGTR1,GNG13
AGTR1,GNG3
AGTR1,GNG4
AGTR1,GNG5
AGTR1,GNG7
AGTR1,GNG8
AGTR1,GNGT1
AGTR1,GNGT2
AGTR1,GOT1
AGTR1,GPAA1
AGTR1,HDGFL2
AGTR1,HHATL
AGTR1,HIF1A
AGTR1,HSPA8
AGTR1,JKAMP
AGTR1,KIAA0930
AGTR1,LCNL1
AGTR1,LLGL1
AGTR1,LZTS1
AGTR1,MAP2K1
AGTR1,NACAD
AGTR1,NDRG2
AGTR1,NPTN
AGTR1,NUP88
AGTR1,OAZ1
AGTR1,PCMT1
AGTR1,PIK3C2A
AGTR1,PLCH2
AGTR1,PNMA1
AGTR1,PPP1R3F
AGTR1,PSMD10
AGTR1,RAB5B
AGTR1,RAB5C
AGTR1,RBSN
AGTR1,RTN3
AGTR1,SAE1
AGTR1,SCG5
AGTR1,SELENOF
AGTR1,SERINC3
AGTR1,SLC16A1
AGTR1,SLC19A2
AGTR1,SPG21
AGTR1,TMEM11
AGTR1,TMEM161A
AGTR1,TMEM80
AGTR1,TSPAN15
AGTR1,TXLNA
AGTR1,UBR4
AGTR1,UGT8
AGTR1,VAC14
AGTR1,XBP1
AGTR2,CD40LG
AGTR2,CD80
AGTR2,CD86
AGTR2,DBI
AGTR2,GNAT3
AGTR2,GNB2
AGTR2,GNB3
AGTR2,GNB4
AGTR2,GNB5
AGTR2,GNG10
AGTR2,GNG11
AGTR2,GNG12
AGTR2,GNG13
AGTR2,GNG3
AGTR2,GNG4
AGTR2,GNG5
AGTR2,GNG7
AGTR2,GNG8
AGTR2,GNGT1
AGTR2,GNGT2
AGTR2,RNF123
AGTR2,TXLNA
AGTRAP,LMNA
ALK,MYLK
ALOX5,RNF123
AMFR,BAG6
AMHR2,BMPR2
AMHR2,PTEN
ANTXR1,KDR
ANXA1,EFTUD2
ANXA1,EIF3D
ANXA1,GNB3
ANXA1,GNG7
ANXA1,HSPA8
ANXA1,METTL3
ANXA1,MME
ANXA1,WTAP
ANXA1,YBX1
ANXA2,ATP5F1A
ANXA2,BCAR3
ANXA2,C16orf87
ANXA2,CACYBP
ANXA2,CAV2
ANXA2,CAVIN2
ANXA2,CCDC32
ANXA2,CD4
ANXA2,CDH1
ANXA2,CHRM2
ANXA2,CTSS
ANXA2,CTTN
ANXA2,DCAF4L2
ANXA2,DLST
ANXA2,DNAJC8
ANXA2,EEF1B2
ANXA2,EFTUD2
ANXA2,EIF3M
ANXA2,EIF4A2
ANXA2,ENO1
ANXA2,ESRRB
ANXA2,FARSB
ANXA2,FUBP1
ANXA2,GALE
ANXA2,GAPDH
ANXA2,HEXIM1
ANXA2,HMGN3
ANXA2,HNRNPA2B1
ANXA2,HNRNPCL2
ANXA2,HNRNPH1
ANXA2,HSP90AA1
ANXA2,HSP90AB1
ANXA2,HSPA8
ANXA2,HSPD1
ANXA2,JUN
ANXA2,KLHL42
ANXA2,KRT17
ANXA2,LRPPRC
ANXA2,LRRK2
ANXA2,LYPLA1
ANXA2,MAPT
ANXA2,METTL14
ANXA2,METTL3
ANXA2,MID1
ANXA2,MME
ANXA2,MOK
ANXA2,MYL12A
ANXA2,NAPA
ANXA2,NAPG
ANXA2,NCKAP1L
ANXA2,NCL
ANXA2,NEK2
ANXA2,NOD2
ANXA2,NPM1
ANXA2,OBSL1
ANXA2,OGDH
ANXA2,PALMD
ANXA2,PDHA1
ANXA2,PHGDH
ANXA2,PIH1D1
ANXA2,PLA1A
ANXA2,PLEKHA7
ANXA2,POC5
ANXA2,PPM1B
ANXA2,PPT1
ANXA2,PRKN
ANXA2,PRPF8
ANXA2,PTBP3
ANXA2,PTK2
ANXA2,RAB7A
ANXA2,RAN
ANXA2,RARA
ANXA2,RECQL4
ANXA2,RPL11
ANXA2,RPL18
ANXA2,RPL22
ANXA2,RPL7A
ANXA2,RPL7
ANXA2,RPLP0
ANXA2,RPLP1
ANXA2,RPRD1B
ANXA2,RPS10
ANXA2,RPS12
ANXA2,RPS13
ANXA2,RPS18
ANXA2,RPS24
ANXA2,RPS2
ANXA2,RPS3A
ANXA2,RPS4X
ANXA2,RPS7
ANXA2,RPS8
ANXA2,RPS9
ANXA2,RPSA
ANXA2,RSPRY1
ANXA2,SAFB
ANXA2,SDC4
ANXA2,SEC23A
ANXA2,SEC23B
ANXA2,SEC24C
ANXA2,SEH1L
ANXA2,SEPHS1
ANXA2,SERPINH1
ANXA2,SETD1A
ANXA2,SET
ANXA2,SF1
ANXA2,SGF29
ANXA2,SGTA
ANXA2,SH3GL1
ANXA2,SH3KBP1
ANXA2,SHKBP1
ANXA2,SIPA1L3
ANXA2,SLBP
ANXA2,SMN1
ANXA2,SMN2
ANXA2,SMTN
ANXA2,SNRNP70
ANXA2,SNX17
ANXA2,SNX9
ANXA2,SOAT1
ANXA2,SORBS1
ANXA2,SORBS2
ANXA2,SPTAN1
ANXA2,SQSTM1
ANXA2,SRRM2
ANXA2,SSR1
ANXA2,STAT3
ANXA2,STC2
ANXA2,STOML2
ANXA2,SYTL2
ANXA2,TENT2
ANXA2,TMPO
ANXA2,TRIM25
ANXA2,TTLL7
ANXA2,TUBA1A
ANXA2,TUBB
ANXA2,UBE2A
ANXA2,VIM
ANXA2,VIRMA
ANXA2,WTAP
ANXA2,YBX1
ANXA2,ZBTB4
ANXA2,ZNF598
ANXA2,ZUP1
ANXA6,EIF3D
ANXA6,HSPA8
ANXA6,LMNA
ANXA6,METTL14
ANXA6,YBX1
AOC3,LMNA
APCDD1,HBB
APCDD1,MPO
APLNR,ARF5
APLNR,ARRB2
APLNR,ARV1
APLNR,ATL3
APLNR,ATM
APLNR,ATP2B4
APLNR,BDH1
APLNR,BRAT1
APLNR,BTAF1
APLNR,C19orf25
APLNR,CHPT1
APLNR,CLGN
APLNR,COG2
APLNR,COQ8B
APLNR,CPT2
APLNR,DAGLB
APLNR,DEGS1
APLNR,DNAAF5
APLNR,DOLK
APLNR,DPY19L1
APLNR,EBP
APLNR,ECPAS
APLNR,ELOVL5
APLNR,EXOC1
APLNR,EXOC2
APLNR,EXOC4
APLNR,EXOC6
APLNR,FANCA
APLNR,FASTKD1
APLNR,GK
APLNR,GLMN
APLNR,GNAI2
APLNR,GNAT3
APLNR,GNB2
APLNR,GNB3
APLNR,GNB4
APLNR,GNB5
APLNR,GNG10
APLNR,GNG11
APLNR,GNG12
APLNR,GNG13
APLNR,GNG3
APLNR,GNG4
APLNR,GNG5
APLNR,GNG7
APLNR,GNG8
APLNR,GNGT1
APLNR,GNGT2
APLNR,GNL3L
APLNR,GPR89A
APLNR,GPR89B
APLNR,GRK2
APLNR,HACD2
APLNR,HIP1R
APLNR,INTS12
APLNR,INTS1
APLNR,INTS2
APLNR,IPO11
APLNR,JAK1
APLNR,LAMP2
APLNR,MARK4
APLNR,MCUB
APLNR,MCU
APLNR,MDN1
APLNR,METTL15
APLNR,MFSD9
APLNR,MT-CO1
APLNR,MT-ND1
APLNR,MTCH1
APLNR,MTX1
APLNR,MTX3
APLNR,MZT2B
APLNR,NDC1
APLNR,NDRG4
APLNR,NR2F2
APLNR,NR2F6
APLNR,NUS1
APLNR,OGG1
APLNR,ORC5
APLNR,PDK1
APLNR,PDS5A
APLNR,PDS5B
APLNR,PDXDC1
APLNR,PEX16
APLNR,PTPN1
APLNR,RAB3B
APLNR,RINT1
APLNR,SETD3
APLNR,SFXN5
APLNR,SLC25A23
APLNR,SLC25A24
APLNR,SLC25A46
APLNR,SLC29A1
APLNR,SLC33A1
APLNR,SLC4A2
APLNR,SLC5A3
APLNR,SPG7
APLNR,THADA
APLNR,TMEM126B
APLNR,TMEM161B
APLNR,TMEM164
APLNR,TTI2
APLNR,TTK
APLNR,TUBB3
APLNR,TUBGCP3
APLNR,TUBGCP4
APLNR,UFL1
APLNR,XPO1
APLNR,XPO7
APLNR,XPR1
APLNR,ZDHHC9
APLP2,BAG6
APLP2,ESR1
APP,ASS1
APP,BAG6
APP,BSG
APP,CPT1A
APP,FADS2
APP,GNB3
APP,GNG7
APP,HBZ
APP,HSPB1
APP,LMX1B
APP,MOV10
APP,NET1
APP,RNF123
APP,SFXN1
APP,SPINT2
APP,ZEB2
AQP1,AQP6
AQP1,ATP2B4
AQP1,BAALC-AS2
AQP1,BCAM
AQP1,BCL2L13
AQP1,BEGAIN
AQP1,BHLHB9
AQP1,BLZF1
AQP1,BMF
AQP1,CALCOCO2
AQP1,CCNDBP1
AQP1,CD47
AQP1,CD79A
AQP1,CDR2
AQP1,CLDN5
AQP1,CPLX4
AQP1,CYSRT1
AQP1,EPB42
AQP1,EVI2B
AQP1,FAM161A
AQP1,FAM209A
AQP1,FLOT1
AQP1,FLOT2
AQP1,FNDC9
AQP1,GAPDH
AQP1,GJB5
AQP1,GOLGA2
AQP1,GPR37L1
AQP1,GPX8
AQP1,IFT20
AQP1,IGFBP6
AQP1,IL21R
AQP1,KCNK5
AQP1,KHDRBS3
AQP1,KLHL26
AQP1,KRTAP1-1
AQP1,KRTAP1-5
AQP1,KRTAP10-8
AQP1,KRTAP12-4
AQP1,KRTAP3-2
AQP1,KRTAP4-4
AQP1,KRTAP6-2
AQP1,KRTAP9-8
AQP1,LCE1A
AQP1,LDLRAD1
AQP1,LIME1
AQP1,LMNA
AQP1,LPAL2
AQP1,LPXN
AQP1,LRRC59
AQP1,MGST3
AQP1,MIF4GD
AQP1,MUC1
AQP1,MYF5
AQP1,PGPEP1
AQP1,PLSCR2
AQP1,PRDM14
AQP1,PRDM6
AQP1,RNF122
AQP1,SAR1A
AQP1,SIVA1
AQP1,SLC15A2
AQP1,SLC29A1
AQP1,SLC2A1
AQP1,SLC39A2
AQP1,SLC40A1
AQP1,SLC4A1
AQP1,SPDYA
AQP1,SPRED1
AQP1,SPRED2
AQP1,SPRY2
AQP1,SPRY3
AQP1,SPRYD7
AQP1,SSMEM1
AQP1,STOM
AQP1,TMEM237
AQP1,TMEM38B
AQP1,TMEM45B
AQP1,TMEM80
AQP1,TMPRSS2
AQP1,TRIM37
AQP1,TRIM41
AQP1,TRIM42
AQP1,TRIM54
AQP1,TSC1
AQP1,ZBTB39
AQP1,ZNF16
AQP1,ZNF398
AQP1,ZNF792
AR,ARID1A
AR,BECN1
AR,FUS
AR,MEN1
AR,MYLIP
AR,SPOP
AR,USP14
ASGR1,LMNA
ATP1A3,SNAI1
ATP5F1B,CYP19A1
ATP5F1B,EFTUD2
ATP5F1B,EGFR
ATP5F1B,ESR1
ATP5F1B,FPR2
ATP5F1B,GBP1
ATP5F1B,HDAC4
ATP5F1B,METTL14
ATP5F1B,MPO
ATP5F1B,SNAI1
ATP5F1B,TPP1
ATP6AP2,ATP6V1E1
ATP6AP2,CANX
ATP6AP2,CHMP2A
ATP6AP2,CREB3
ATP6AP2,DTYMK
ATP6AP2,ESR1
ATP6AP2,ESYT2
ATP6AP2,FKBP2
ATP6AP2,FZD8
ATP6AP2,GLP1R
ATP6AP2,GOLIM4
ATP6AP2,HTR2C
ATP6AP2,LAMP1
ATP6AP2,LAMTOR5
ATP6AP2,LMNA
ATP6AP2,MAPK6
ATP6AP2,MECR
ATP6AP2,NEK4
ATP6AP2,NSG1
ATP6AP2,PMP22
ATP6AP2,RBCK1
ATP6AP2,RNF4
ATP6AP2,SDHB
ATP6AP2,SEC22A
ATP6AP2,SEC22B
ATP6AP2,TMEM97
ATP6AP2,VAMP5
ATP6AP2,WWP2
ATRN,RNF123
AVPR1A,CXCR4
AVPR1A,GNB3
AVPR1A,GNG7
AVPR1B,GNB3
AVPR1B,GNG7
AVPR2,COMT
AVPR2,GNB3
AVPR2,GNG7
AVPR2,HIF1A
AVPR2,HSPA8
AVPR2,MAPK1
AVPR2,TP53
B2M,MOV10
BAMBI,BMPR2
BAMBI,LRP6
BCAM,SLC2A1
BCR,HSPA8
BDKRB1,GNB3
BDKRB1,GNG7
BDKRB2,GNB3
BDKRB2,GNG7
BDKRB2,LMNA
BMPR1A,HAVCR2
BMPR1A,HDAC2
BMPR1A,HMGCS1
BMPR1A,HSPA8
BMPR1A,IL1R1
BMPR1A,LITAF
BMPR1A,MAS1
BMPR1A,PDCD1
BMPR1A,RASA1
BMPR1A,XIAP
BMPR1B,HMGCS1
BMPR2,CD83
BMPR2,CDH1
BMPR2,CDH5
BMPR2,CSNK2B
BMPR2,GCGR
BMPR2,HJV
BMPR2,HNRNPL
BMPR2,HSCB
BMPR2,LRRIQ1
BMPR2,MRAP2
BMPR2,PPP1CA
BMPR2,PPP1CC
BMPR2,PPP1R15A
BMPR2,RNF11
BMPR2,SORBS3
BMPR2,TDGF1
BMPR2,TGFBR2
BMPR2,TLL1
BMPR2,TLL2
BMPR2,VIRMA
BMPR2,XIAP
BOC,MAPK14
BRS3,GNB3
BRS3,GNG7
BSG,BTAF1
BSG,CAND2
BSG,CANX
BSG,CCR4
BSG,CDH1
BSG,CDYL
BSG,CFTR
BSG,CHRM3
BSG,CLASP1
BSG,CRBN
BSG,CTDSP2
BSG,CYLD
BSG,DDC
BSG,DERL2
BSG,DSTYK
BSG,ECPAS
BSG,EGLN3
BSG,EMG1
BSG,ERLEC1
BSG,ERLIN2
BSG,EXOC3
BSG,F2RL1
BSG,FAF2
BSG,FAM8A1
BSG,FANCA
BSG,FBXO22
BSG,FLNA
BSG,GCFC2
BSG,GNPAT
BSG,GPC1
BSG,HDAC4
BSG,HGS
BSG,HOOK1
BSG,HRAS
BSG,HSD17B10
BSG,HSP90AA1
BSG,HSP90AB1
BSG,HSPA12A
BSG,HSPA5
BSG,HSPA8
BSG,IPO8
BSG,ITGB3
BSG,KPNA5
BSG,KRAS
BSG,KRT8
BSG,L1CAM
BSG,LAMP1
BSG,MAP2K7
BSG,METTL15
BSG,MGST3
BSG,MYH9
BSG,MYL6
BSG,NFKB1
BSG,NOP56
BSG,NRAS
BSG,NTRK1
BSG,NUMBL
BSG,P2RY6
BSG,PCK1
BSG,PPP2R1B
BSG,PRPF6
BSG,PSEN1
BSG,PSENEN
BSG,PYHIN1
BSG,RAB1A
BSG,RAB7A
BSG,RAD51C
BSG,RFXANK
BSG,RIF1
BSG,RING1
BSG,RNF4
BSG,SCARB2
BSG,SOAT1
BSG,SOCS1
BSG,SUGCT
BSG,TRAF6
BSG,TRIM25
BSG,TUBA1A
BSG,TUBA1B
BSG,TUBA3C
BSG,TUBA3D
BSG,TUBA3E
BSG,TUBA4A
BSG,UBC
BSG,UBE2J1
BSG,UBE2M
BSG,UFL1
BSG,UTP20
BSG,VDAC1
BSG,VIRMA
BSG,VMP1
BSG,WWOX
BSG,ZNF598
BSG,ZW10
C1QBP,DVL2
C1QBP,EFTUD2
C1QBP,HNRNPK
C1QBP,HSPA8
C1QBP,LMNA
C1QBP,METTL14
C1QBP,METTL3
C1QBP,NME4
C1QBP,PTMA
C1QBP,SETD1A
C1QBP,SNAI1
C1QBP,TNFRSF1A
C1QBP,TNFRSF1B
C1QBP,YBX1
C3AR1,GNB3
C3AR1,GNG7
C3AR1,STAT3
C3AR1,USP22
C5AR1,GNB3
C5AR1,GNG7
C5AR2,HMOX1
C5AR2,MCL1
C5AR2,PANX1
CACNA1C,HDAC4
CACNA1C,HTRA1
CACNA1C,ITGB1
CACNG1,LMNA
CACNG2,HDAC2
CACNG2,STAT3
CADM1,SETD1A
CALCR,GNB3
CALCR,GNG7
CALCRL,COASY
CALCRL,CRCP
CALCRL,EEF2K
CALCRL,GNB1
CALCRL,GNB2
CALCRL,GNB3
CALCRL,GNB4
CALCRL,GNB5
CALCRL,GNG10
CALCRL,GNG11
CALCRL,GNG12
CALCRL,GNG13
CALCRL,GNG2
CALCRL,GNG3
CALCRL,GNG4
CALCRL,GNG5
CALCRL,GNG7
CALCRL,GNG8
CALCRL,GNGT1
CALCRL,GNGT2
CALCRL,MTOR
CALCRL,PDPK1
CALCRL,PRKCE
CALCRL,RPS6
CALM1,E2F1
CALM1,EFTUD2
CALM1,GCLM
CALM1,HDAC4
CALM1,KDM5C
CALM1,MAPK14
CALM1,MOV10
CALM1,PRDX1
CALM1,PTEN
CALM1,RXRA
CALM1,YAP1
CALM1,YBX1
CANX,CD74
CANX,CHCHD2
CANX,EFTUD2
CANX,EGFR
CANX,LASP1
CANX,METTL14
CANX,PKD2
CANX,PRDX4
CANX,PTPRO
CANX,RNF123
CANX,STAT1
CANX,TNFRSF1A
CANX,TRAF6
CAP1,SIRT1
CASR,GNB3
CASR,GNG7
CASR,HIF1A
CASR,NOTCH1
CASR,PPP1R12A
CATSPER1,LASP1
CAV1,CAVIN2
CAV1,CDH1
CAV1,CDK9
CAV1,CFTR
CAV1,CHRM3
CAV1,CLTC
CAV1,COL13A1
CAV1,CUL3
CAV1,DYNLL1
CAV1,ELN
CAV1,ENG
CAV1,F2R
CAV1,FAS
CAV1,FOXO1
CAV1,FOXO3
CAV1,GJB1
CAV1,GJB2
CAV1,GNA11
CAV1,GPC1
CAV1,GPC4
CAV1,HK1
CAV1,HNF4A
CAV1,HSP90AA1
CAV1,HTR2C
CAV1,IGHA1
CAV1,IGKC
CAV1,IRAK1
CAV1,ITGA10
CAV1,ITGA11
CAV1,ITGA2B
CAV1,ITGA3
CAV1,ITGA4
CAV1,ITGA5
CAV1,ITGA7
CAV1,ITGA8
CAV1,ITGA9
CAV1,ITGAD
CAV1,ITGAE
CAV1,ITGAL
CAV1,ITGAM
CAV1,ITGAV
CAV1,ITGAX
CAV1,ITGB1
CAV1,ITGB2
CAV1,ITGB3
CAV1,ITGB5
CAV1,ITGB7
CAV1,ITGBL1
CAV1,ITK
CAV1,KCNA5
CAV1,KERA
CAV1,LAMB4
CAV1,LAMP1
CAV1,LATS1
CAV1,LPAR4
CAV1,LPAR6
CAV1,MAP1LC3A
CAV1,NCF1
CAV1,NKD2
CAV1,NPC1
CAV1,NR3C2
CAV1,PLCG1
CAV1,POU3F3
CAV1,PPP2R1A
CAV1,PPP2R1B
CAV1,PRKAR2A
CAV1,PTGS1
CAV1,RAB27B
CAV1,RAB7A
CAV1,RAD18
CAV1,RASA1
CAV1,RHOC
CAV1,RNF4
CAV1,RPA1
CAV1,RPA2
CAV1,RPA3
CAV1,SCARB1
CAV1,SDC1
CAV1,SDC2
CAV1,SDC3
CAV1,SDC4
CAV1,SGCE
CAV1,SHC2
CAV1,SHC3
CAV1,SIRT1
CAV1,SLC22A9
CAV1,SLC37A3
CAV1,SLC5A8
CAV1,SLC6A15
CAV1,SMAD2
CAV1,SMAD4
CAV1,SMC3
CAV1,SMPD3
CAV1,SMURF1
CAV1,SMURF2
CAV1,TACR1
CAV1,TEK
CAV1,TGFBR2
CAV1,TMED10
CAV1,TMEM184A
CAV1,TSC2
CAV1,UBC
CAV1,UBE2M
CAV1,VCP
CAV1,VIRMA
CAV1,WASL
CAV1,YES1
CAV1,YIPF3
CCKAR,GNB3
CCKAR,GNG7
CCKBR,GNB3
CCKBR,GNG7
CCR10,GNB3
CCR10,GNG7
CCR1,CD74
CCR1,GNB3
CCR1,GNG7
CCR2,GNB3
CCR2,GNG7
CCR2,SLC2A1
CCR3,GNB3
CCR3,GNG7
CCR4,GNB3
CCR4,GNG7
CCR4,PRDX1
CCR5,GNB3
CCR5,GNG7
CCR6,GNB3
CCR6,GNG7
CCR7,GNB3
CCR7,GNG7
CCR8,GNB3
CCR8,GNG7
CCR9,GNB3
CCR9,GNG7
CCRL2,GNB3
CCRL2,GNG7
CD14,EIF2AK2
CD151,CD82
CD151,CD9
CD151,KLRC1
CD151,NCEH1
CD151,RNF4
CD151,TMPRSS11B
CD151,TRIM25
CD151,TSPAN14
CD151,TSPAN15
CD151,TSPAN5
CD151,VCP
CD151,WWP1
CD163,FCGR1A
CD163,HBA1
CD163,MYH9
CD1D,HLA-DRB1
CD1D,RXRA
CD209,ITGAM
CD244,MTOR
CD244,PTPN11
CD274,CDK5RAP3
CD274,CIP2A
CD274,CMTM4
CD274,CMTM6
CD274,COG1
CD274,COG2
CD274,COG3
CD274,COG4
CD274,COG7
CD274,COG8
CD274,CSK
CD274,CTLA4
CD274,CUL1
CD274,CUL3
CD274,EXOC1
CD274,FAM114A2
CD274,GCN1
CD274,HEATR1
CD274,HIP1R
CD274,INTS2
CD274,IPO7
CD274,KIF14
CD274,MTOR
CD274,NF1
CD274,NUP85
CD274,PDS5B
CD274,PI4KA
CD274,PTPN11
CD274,PTPN6
CD274,RINT1
CD274,SAAL1
CD274,SLC39A11
CD274,SLC7A3
CD274,SPOP
CD274,STAG1
CD274,THADA
CD274,TMEM160
CD274,TNPO1
CD274,TNPO2
CD274,TTI1
CD274,USP9X
CD274,UTP20
CD274,VAC14
CD274,XPO4
CD274,XPO6
CD300LB,EGFR
CD320,DAAM2
CD320,LITAF
CD320,PRDX2
CD33,TNMD
CD36,HIF1A
CD38,HLA-DRB1
CD3E,MUC15
CD40LG,IL1R1
CD40LG,IL1RAP
CD40LG,IL3RA
CD40LG,LEPR
CD44,GPC4
CD44,ITGA9
CD44,ITGAX
CD44,RHOA
CD47,GNB3
CD47,ITGB1
CD47,PTPN11
CD47,PVR
CD47,SLC2A1
CD4,YBX1
CD53,ITGB1
CD55,ESR1
CD55,SETD1A
CD55,SLC2A1
CD58,EGFR
CD58,ITGB1
CD59,ESR1
CD59,HDAC4
CD59,IGFBP1
CD63,ITGAM
CD63,ITGB2
CD68,CLEC2D
CD68,KTN1
CD68,PLEKHB2
CD70,USP22
CD72,HMGA1
CD72,LMNA
CD74,CHAF1B
CD74,COPB1
CD74,COPB2
CD74,COPE
CD74,DDX60
CD74,DGKE
CD74,DNAJB11
CD74,DNAJB12
CD74,EIF1AY
CD74,EIF1B
CD74,EIF2B3
CD74,EIF2B4
CD74,EIF2B5
CD74,EIF2S1
CD74,EIF2S3
CD74,EIF3A
CD74,EIF3B
CD74,EIF3C
CD74,EIF3D
CD74,EIF3E
CD74,EIF3F
CD74,EIF3G
CD74,EIF3H
CD74,EIF3I
CD74,EIF3J
CD74,EIF3K
CD74,EIF3L
CD74,EIF3M
CD74,EIF4A1
CD74,EIF4G1
CD74,EIF4G2
CD74,FDFT1
CD74,FKBP8
CD74,GANAB
CD74,GEMIN4
CD74,GRAMD1A
CD74,GTF2I
CD74,GTF3C1
CD74,HADHB
CD74,HMOX2
CD74,HSPA1A
CD74,HSPA1B
CD74,HUWE1
CD74,IFITM3
CD74,IPO13
CD74,IQGAP2
CD74,KPNB1
CD74,LAMTOR5
CD74,LTN1
CD74,MAP1B
CD74,MTOR
CD74,MYC
CD74,NCAPD2
CD74,NCAPD3
CD74,NCAPH
CD74,OSBPL8
CD74,PCNA
CD74,PDAP1
CD74,PDCD4
CD74,PGRMC1
CD74,PGRMC2
CD74,PHB
CD74,POLR2E
CD74,POLR3A
CD74,POLR3B
CD74,PPP6C
CD74,PPP6R1
CD74,PPP6R3
CD74,PRRC2A
CD74,PRRC2B
CD74,PRRC2C
CD74,PSMC2
CD74,PSMD3
CD74,PSMD6
CD74,RCN1
CD74,RHOT2
CD74,RWDD1
CD74,SEC24A
CD74,SEC24B
CD74,SEC24D
CD74,SEC31A
CD74,SGPL1
CD74,SNRPE
CD74,SRP9
CD74,TBRG4
CD74,TJP2
CD74,TPP2
CD74,TUBA1C
CD74,TUBA3C
CD74,TUBA3D
CD74,UBE3C
CD74,UBR4
CD74,UBR5
CD74,USP9X
CD74,VDAC1
CD74,VWA8
CD74,YWHAB
CD74,YWHAE
CD74,YWHAQ
CD74,YWHAZ
CD79A,HMOX1
CD79A,NME4
CD81,CTSC
CD81,EGFR
CD81,GNG7
CD81,LMNA
CD81,MME
CD81,PVR
CD84,PTPN11
CD93,CLDND1
CD93,CNTNAP1
CD93,COPS5
CD93,CRK
CD93,ECSIT
CD93,GIPC1
CD93,KCTD17
CD93,MEMO1
CD93,MYD88
CD93,ORC4
CD93,RNF114
CD93,TENT5A
CD9,HLA-DRB1
CD9,MME
CD9,SLC7A5
CDCP1,LEPR
CDH1,CYP17A1
CDH1,HIF1A
CDH1,HNRNPK
CDH1,HSPA8
CDH1,IRAK1
CDH1,KEAP1
CDH1,LASP1
CDH1,MEN1
CDH1,NFE2L2
CDH1,NOTCH1
CDH1,PARK7
CDH1,PFN1
CDH1,PRDX1
CDH1,PVR
CDH1,SETD1A
CDH1,STAT1
CDH1,USP8
CDH1,XRN1
CDH2,LRP6
CDH3,IGF1R
CDH4,FUS
CDH4,MAPK14
CDH5,KCNJ8
CDH5,KEAP1
CDH5,PNPLA6
CDON,PVR
CEACAM1,CEACAM3
CEACAM5,ESR1
CELSR1,ESR1
CELSR3,HDAC5
CELSR3,PSG1
CFTR,CTPS1
CFTR,ERAP1
CFTR,GANAB
CFTR,HDAC2
CFTR,IGF2BP2
CFTR,ITGB1
CFTR,LMNA
CFTR,MEN1
CFTR,MOV10
CFTR,PARK7
CFTR,PFN1
CFTR,PPP1R12A
CFTR,PRDX1
CFTR,PRDX2
CFTR,PTMA
CFTR,SFXN1
CHRM1,GNB3
CHRM1,GNG7
CHRM2,GNB3
CHRM2,GNG7
CHRM3,GNB3
CHRM3,GNG7
CHRM4,GNB3
CHRM4,GNG7
CHRM4,MCL1
CHRM5,GNB3
CHRM5,GNG7
CHRNA9,EPHX1
CHRNA9,HMOX1
CHRNB4,RNF123
CHRND,PKD2
CKAP4,EFTUD2
CKAP4,PLAT
CKAP4,PTEN
CKAP4,SETD1A
CLEC10A,MUC15
CLEC10A,MUC16
CLEC12A,PTPN11
CLEC14A,FXR1
CLEC14A,IGF2BP2
CLEC1A,LMNA
CLEC4A,LMNA
CLEC4M,ITGAM
CLEC4M,MME
CLEC7A,KLRC1
CNR1,CTNNB1
CNR1,CTSB
CNR1,DDX5
CNR1,E2F1
CNR1,E2F4
CNR1,EP300
CNR1,ERG
CNR1,GNAT3
CNR1,GNB3
CNR1,GNB4
CNR1,GNB5
CNR1,GNG10
CNR1,GNG11
CNR1,GNG12
CNR1,GNG13
CNR1,GNG3
CNR1,GNG4
CNR1,GNG5
CNR1,GNG7
CNR1,GNG8
CNR1,GNGT1
CNR1,GNGT2
CNR1,HDAC1
CNR1,KDM5A
CNR1,MED1
CNR1,MED21
CNR1,MITF
CNR1,MYC
CNR1,POLR2A
CNR1,POLRMT
CNR1,RB1
CNR1,RBL2
CNR1,RHOBTB1
CNR1,SMARCA4
CNR1,SP1
CNR1,SP3
CNR1,TAF1
CNR1,TAF4B
CNR1,TP53
CNR1,TP63
CNR1,TP73
CNR1,ZBTB17
CNR2,GNB3
CNR2,GNG7
CNR2,MUC15
CNTFR,IL1R1
CNTFR,IL1RAP
CNTFR,IL3RA
CNTFR,LEPR
CNTFR,STAT1
CNTN1,USP14
CNTN2,ESR1
CNTN4,SETD1A
CNTNAP1,HAVCR2
CNTNAP1,HSPA8
CNTNAP1,LMNA
CNTNAP1,SPINT2
COL13A1,HIF1A
COL13A1,HMGA1
COL13A1,ITGA9
COL13A1,ITGAM
COL13A1,ITGAX
COL13A1,ITGB2
COL13A1,PTK2
COL13A1,TP53
COL17A1,EGFR
COL17A1,ITGA9
COL17A1,ITGAM
COL17A1,ITGAX
COL17A1,ITGB1
COL17A1,ITGB2
COLEC12,HSPA8
COLEC12,MMP2
CR1,RUNX1
CRABP2,EZH2
CRABP2,RXRA
CRHR1,GNB3
CRHR1,GNG7
CRHR2,GNB3
CRHR2,GNG7
CSF2RA,IL1RAP
CSF2RA,ITGA9
CSF2RA,ITGB1
CSF2RA,LEPR
CSF2RA,PIK3CD
CSF2RB,IL1R1
CSF2RB,IL1RAP
CSF2RB,ITGB1
CSF2RB,LEPR
CSF2RB,PIK3CD
CSF3R,IL1R1
CSF3R,IL1RAP
CSF3R,IL3RA
CSF3R,LEPR
CSF3R,STAT1
CSPG4,FGFR3
CSPG4,ITGA3
CSPG4,ITGA4
CSPG4,ITGB1
CSPG4,LAMP1
CSPG4,LGALS8
CSPG4,NEDD9
CSPG4,NRAS
CSPG4,PABPC1
CSPG4,PCBP4
CSPG4,RNF4
CSPG4,TSPAN15
CSPG4,TSPAN5
CSPG4,VIRMA
CTLA4,MALL
CTLA4,PPP2CB
CTLA4,PPP2R1A
CTLA4,PPP2R1B
CTLA4,PPP2R5B
CTLA4,PPP2R5C
CTLA4,PPP2R5D
CTLA4,PPP2R5E
CTLA4,RUNX1
CTLA4,TMEM218
CTLA4,TRIM25
CUL5,EFTUD2
CUL5,FUS
CUL5,HNRNPK
CUL5,HSPA8
CUL5,MOV10
CUL5,PRDX1
CUL5,TRAF6
CUL5,YBX1
CX3CR1,GNA11
CX3CR1,GNA14
CX3CR1,GNA15
CX3CR1,GNAO1
CX3CR1,GNAQ
CX3CR1,GNAT3
CX3CR1,GNB1
CX3CR1,GNB2
CX3CR1,GNB3
CX3CR1,GNB4
CX3CR1,GNB5
CX3CR1,GNG10
CX3CR1,GNG11
CX3CR1,GNG12
CX3CR1,GNG13
CX3CR1,GNG2
CX3CR1,GNG3
CX3CR1,GNG4
CX3CR1,GNG5
CX3CR1,GNG7
CX3CR1,GNG8
CX3CR1,GNGT1
CX3CR1,GNGT2
CX3CR1,ITGA4
CX3CR1,ITGB3
CXADR,SETD1A
CXCR1,GNB3
CXCR1,GNG7
CXCR1,IL1R1
CXCR1,IL1RAP
CXCR1,IL3RA
CXCR1,LEPR
CXCR1,STAT1
CXCR1,STAT3
CXCR2,GNB3
CXCR2,GNG7
CXCR2,IL1R1
CXCR2,IL1RAP
CXCR2,IL3RA
CXCR2,LEPR
CXCR2,RNF123
CXCR2,STAT1
CXCR2,STAT3
CXCR3,GNB3
CXCR3,GNG7
CXCR4,CXCR5
CXCR4,GCNT3
CXCR4,GNA14
CXCR4,GNA15
CXCR4,GNAT3
CXCR4,GNB2
CXCR4,GNB3
CXCR4,GNB4
CXCR4,GNB5
CXCR4,GNG10
CXCR4,GNG11
CXCR4,GNG12
CXCR4,GNG13
CXCR4,GNG3
CXCR4,GNG4
CXCR4,GNG5
CXCR4,GNG7
CXCR4,GNGT2
CXCR4,IGF1R
CXCR4,IPPK
CXCR4,MTSS1
CXCR4,MYBL2
CXCR4,NT5E
CXCR4,NTRK3
CXCR4,P4HB
CXCR4,POLR2A
CXCR4,PPARG
CXCR4,RNF113A
CXCR4,ROBO1
CXCR4,SLC1A1
CXCR4,ST13
CXCR4,TLR2
CXCR4,TMEM171
CXCR4,UBC
CXCR4,UNC93B1
CXCR4,VIPR2
CXCR5,GNB3
CXCR5,GNG7
CXCR5,STAT3
CXCR6,EFTUD2
CXCR6,GNB3
CXCR6,GNG7
CYSLTR1,GNB3
CYSLTR1,GNG7
CYSLTR2,GNB3
CYSLTR2,GNG7
DAB2,GJA1
DAB2,HSPA8
DAB2,SETD1A
DAG1,ITGB1
DAG1,NOS3
DCC,MAPK1
DDR2,HAVCR1
DERL1,EGFR
DERL1,EPHX1
DERL1,HMOX1
DERL1,HSPA8
DERL1,LMNA
DERL1,USP14
DIP2A,EGFR
DIP2A,HAVCR2
DIP2A,HSPA8
DIP2A,RNF123
DIP2A,SPINT2
DLG1,ESR1
DLG1,GSTT1
DLG1,KHDRBS1
DLG1,MAS1
DLG1,SETD1A
DLG3,ESR1
DLG3,KHDRBS1
DLG4,GSTT1
DLG4,RHOA
DLG4,RPS6KA1
DLG4,TRAF6
DPP4,SETD1A
DPP4,USP22
DRD1,GNB3
DRD1,GNG7
DRD2,EGFR
DRD2,GNB3
DRD2,GNG7
DRD3,GNB3
DRD3,GNG7
DRD4,GNB3
DRD4,GNG7
DRD5,GNB3
DRD5,GNG7
DSC1,METTL14
DSC1,METTL3
DSG1,EFTUD2
DSG1,METTL14
DSG1,METTL3
DSG2,EGFR
DSG2,ESR1
DSG2,FOXA1
DSG2,SETD1A
DSG4,MAS1
EBP,PTK2
EBP,PVR
EDA2R,ICAM1
EDAR,RNF123
EDNRA,GNB3
EDNRA,GNG7
EDNRB,GNB3
EDNRB,GNG7
EDNRB,NRP1
EFNB1,EGFR
EFNB1,PVR
EFNB1,RASA1
EFNB2,RASA1
EFNB3,RASA1
EGF,HOXD10
EGFR,EIF1AY
EGFR,EIF3B
EGFR,EIF3F
EGFR,EIF4B
EGFR,EIF5B
EGFR,ELP4
EGFR,EML6
EGFR,EPB41L2
EGFR,ESRRB
EGFR,EXOC3
EGFR,EXOSC3
EGFR,EYS
EGFR,FADS2
EGFR,FAM126B
EGFR,FAM131B
EGFR,FAM186A
EGFR,FBLN7
EGFR,FCHO1
EGFR,FOXO3
EGFR,G3BP1
EGFR,GAB3
EGFR,GABRA3
EGFR,GAK
EGFR,GIGYF2
EGFR,GLUL
EGFR,GOLM1
EGFR,GPATCH2
EGFR,GPATCH8
EGFR,GPR149
EGFR,GRID1
EGFR,GRIK4
EGFR,GRM4
EGFR,HBA2
EGFR,HDAC1
EGFR,HDGF
EGFR,HEATR4
EGFR,HECW2
EGFR,HERC1
EGFR,HERC2
EGFR,HEXD
EGFR,HEXIM1
EGFR,HMGA1
EGFR,HMGB2
EGFR,HMGCS1
EGFR,HMGN2
EGFR,HNRNPA2B1
EGFR,HNRNPA3
EGFR,HNRNPAB
EGFR,HNRNPL
EGFR,HPN
EGFR,HRNR
EGFR,HSD11B1
EGFR,HSPA7
EGFR,HTATSF1
EGFR,HTR3A
EGFR,IDH3G
EGFR,IFI35
EGFR,IGLL5
EGFR,IL13RA2
EGFR,IL1RAPL2
EGFR,IL5RA
EGFR,ILKAP
EGFR,INCENP
EGFR,ING4
EGFR,IPO5
EGFR,IQSEC1
EGFR,IRAK1
EGFR,ITGAV
EGFR,JPT1
EGFR,KATNBL1
EGFR,KBTBD7
EGFR,KIAA1217
EGFR,KRT10
EGFR,KRT16
EGFR,KRT2
EGFR,KRT3
EGFR,KRT9
EGFR,KRTAP10-9
EGFR,KRTAP15-1
EGFR,KRTAP16-1
EGFR,LANCL1
EGFR,LCA5L
EGFR,LGALS8
EGFR,LMBR1
EGFR,LRIG3
EGFR,LRP8
EGFR,LRRTM4
EGFR,LSM14A
EGFR,LTK
EGFR,LUC7L3
EGFR,MAGEA11
EGFR,MAGED2
EGFR,MAP4
EGFR,MAPK15
EGFR,MAS1
EGFR,MAST2
EGFR,MFAP1
EGFR,MGST2
EGFR,MIER1
EGFR,MLXIPL
EGFR,MPZL2
EGFR,MRPL43
EGFR,MTBP
EGFR,MTG1
EGFR,MTMR8
EGFR,MUC16
EGFR,MYO9A
EGFR,NABP2
EGFR,NADSYN1
EGFR,NCOA1
EGFR,NCOR1
EGFR,NDUFA4
EGFR,NDUFS3
EGFR,NEK8
EGFR,NF1
EGFR,NOL6
EGFR,NOSIP
EGFR,NPHP4
EGFR,NTHL1
EGFR,NUCKS1
EGFR,NXF2B
EGFR,NXF2
EGFR,OR2F2
EGFR,OR2W3
EGFR,ORC5
EGFR,P3H1
EGFR,PAGE3
EGFR,PCM1
EGFR,PCNX1
EGFR,PDAP1
EGFR,PDE1C
EGFR,PHGDH
EGFR,PHLDB2
EGFR,PID1
EGFR,PLEKHA7
EGFR,PLVAP
EGFR,PMM2
EGFR,POLR2A
EGFR,PPIB
EGFR,PPM1A
EGFR,PPM1B
EGFR,PPM1F
EGFR,PPP3CB
EGFR,PPP6C
EGFR,PREP
EGFR,PRICKLE1
EGFR,PRKN
EGFR,PRMT3
EGFR,PRR14
EGFR,PSMA3
EGFR,PSMA4
EGFR,PSMA7
EGFR,PSMD10
EGFR,RAB11A
EGFR,RAB1A
EGFR,RAB5B
EGFR,RAB5C
EGFR,RALA
EGFR,RASA2
EGFR,RASA4B
EGFR,RASA4
EGFR,RASAL2
EGFR,RASGEF1B
EGFR,RBM39
EGFR,REEP4
EGFR,RER1
EGFR,RGS2
EGFR,RLIM
EGFR,RNF125
EGFR,RNF144A
EGFR,RPF1
EGFR,RPL14
EGFR,RPL3
EGFR,RPL6
EGFR,RPL7
EGFR,RPLP2
EGFR,RPS20
EGFR,RPS26P11
EGFR,RPS27
EGFR,RPS3
EGFR,RRAD
EGFR,RSRC2
EGFR,RUNDC3B
EGFR,RUVBL2
EGFR,RWDD1
EGFR,SCGB1D4
EGFR,SCYL1
EGFR,SCYL2
EGFR,SEC16A
EGFR,SERBP1
EGFR,SERPINB12
EGFR,SERTAD4
EGFR,SESN2
EGFR,SETX
EGFR,SH3D21
EGFR,SHANK2
EGFR,SLC13A5
EGFR,SLC39A7
EGFR,SLC3A1
EGFR,SLC45A2
EGFR,SLC45A4
EGFR,SLCO3A1
EGFR,SMG1
EGFR,SMIM5
EGFR,SMTNL1
EGFR,SNX29
EGFR,SORBS2
EGFR,SPAG7
EGFR,SPAG8
EGFR,SPATC1L
EGFR,SPEN
EGFR,SPTAN1
EGFR,SPTLC1
EGFR,SRRM1
EGFR,SRRM2
EGFR,SRRM4
EGFR,SRSF11
EGFR,SRSF2
EGFR,SSB
EGFR,SSRP1
EGFR,ST3GAL6
EGFR,ST8SIA4
EGFR,STIL
EGFR,STPG4
EGFR,STYX
EGFR,SUB1
EGFR,SUPT5H
EGFR,SWT1
EGFR,SYT17
EGFR,TAF11
EGFR,TCIRG1
EGFR,TCOF1
EGFR,TCP1
EGFR,TEKT2
EGFR,TFAP2C
EGFR,TLR4
EGFR,TMBIM1
EGFR,TMEM267
EGFR,TMEM43
EGFR,TNFRSF10B
EGFR,TNIK
EGFR,TOMM70
EGFR,TOPAZ1
EGFR,TRA2B
EGFR,TRAF3IP1
EGFR,TRAFD1
EGFR,TRAPPC3
EGFR,TRHDE
EGFR,TRIM23
EGFR,TRIML2
EGFR,TRPM3
EGFR,TTN
EGFR,U2AF2
EGFR,UBAP2L
EGFR,UBE2J2
EGFR,UBE4B
EGFR,UFL1
EGFR,UNC80
EGFR,USP2
EGFR,USP31
EGFR,USP34
EGFR,VDAC1
EGFR,VIRMA
EGFR,VPS33B
EGFR,VPS4B
EGFR,WBP2
EGFR,WIPI2
EGFR,WWC2
EGFR,XIAP
EGFR,XPOT
EGFR,XRRA1
EGFR,ZBTB14
EGFR,ZBTB22
EGFR,ZC3H4
EGFR,ZC3HAV1
EGFR,ZCCHC18
EGFR,ZFR
EGFR,ZFYVE21
EGFR,ZMYM4
EGFR,ZNF114
EGFR,ZNF516
EGFR,ZNF573
EGFR,ZZZ3
EMB,EP300
ENG,LRG1
ENG,PPP1CA
ENG,TUFM
ENO1,GPX4
ENO1,HDAC4
ENO1,ITGB1
ENO1,LMNA
ENO1,METTL14
ENO1,MME
ENO1,PARK7
ENO1,YBX1
ENPEP,FRMD5
ENPEP,HNF1A
EPB41L1,ESR1
EPB41L1,SETD1A
EPCAM,SETD1A
EPHA10,TFCP2
EPHA1,MTHFR
EPHA2,HIF1A
EPHA2,ITGB1
EPHA2,MAPK14
EPHA2,MAS1
EPHA2,MET
EPHA4,RASA1
EPHA5,NFKB1
EPHB4,MME
EPOR,IL1R1
EPOR,IL1RAP
EPOR,IL3RA
EPOR,PIK3CD
ERAP1,ERAP2
ERAP1,HDAC6
ERAP1,KIR2DS2
ERAP1,MOV10
ERAP1,MUL1
ERAP1,ROMO1
ERAP1,SCGB1D4
ERAP1,SIAE
ERAP1,SLAMF1
ERAP1,SLC16A10
ERAP1,TMEM87A
ERAP1,USP20
ERAP1,ZMYM3
ERBB2,HAVCR2
ERBB2,HLA-DRB1
ERBB2,ITGB1
ERBB2,MAS1
ERBB2,TEK
ERBB3,HBA2
ERBB3,HSPA8
ERBB3,STAT1
ERBB4,PAX8
ERBB4,SNAI1
ERBB4,STAT1
ERBB4,TP53
ERBB4,USP8
ESR1,ESYT1
ESR1,ESYT2
ESR1,ETV6
ESR1,EXD2
ESR1,EXOC2
ESR1,EXOSC1
ESR1,EXOSC2
ESR1,EXOSC3
ESR1,EXOSC5
ESR1,EXOSC7
ESR1,EXOSC8
ESR1,EXOSC9
ESR1,FAM110A
ESR1,FAM120C
ESR1,FAM133B
ESR1,FAM13A
ESR1,FAM184A
ESR1,FAM76B
ESR1,FAM83B
ESR1,FAM83D
ESR1,FAM91A1
ESR1,FAM98A
ESR1,FAR1
ESR1,FARP1
ESR1,FARP2
ESR1,FARSB
ESR1,FBXL6
ESR1,FBXO11
ESR1,FBXO28
ESR1,FGD4
ESR1,FKBP3
ESR1,FKBP8
ESR1,FLYWCH1
ESR1,FMO2
ESR1,FNDC3B
ESR1,FOSB
ESR1,FOSL2
ESR1,FOXJ3
ESR1,FOXK1
ESR1,FRG1
ESR1,FUT8
ESR1,FYTTD1
ESR1,GABPA
ESR1,GALNT3
ESR1,GATAD1
ESR1,GATAD2B
ESR1,GBP1
ESR1,GEMIN2
ESR1,GEMIN4
ESR1,GEMIN5
ESR1,GGCX
ESR1,GGNBP2
ESR1,GIPC2
ESR1,GLCE
ESR1,GLG1
ESR1,GLUD2
ESR1,GNAO1
ESR1,GNAZ
ESR1,GNL3L
ESR1,GOLGB1
ESR1,GOLIM4
ESR1,GON4L
ESR1,GORAB
ESR1,GORASP2
ESR1,GOSR1
ESR1,GPAM
ESR1,GPATCH4
ESR1,GPATCH8
ESR1,GPBP1L1
ESR1,GPR89B
ESR1,GPRC5C
ESR1,GREB1L
ESR1,GRHL2
ESR1,GRSF1
ESR1,GSG1
ESR1,GTF2A1
ESR1,GTF2A2
ESR1,GTF2E2
ESR1,GTF2F1
ESR1,GTF2F2
ESR1,GTF2H2C_2
ESR1,GTF2H3
ESR1,GTF2H4
ESR1,GTF3C2
ESR1,GTPBP10
ESR1,GTPBP6
ESR1,GUF1
ESR1,GZF1
ESR1,HABP4
ESR1,HACD2
ESR1,HARS2
ESR1,HBP1
ESR1,HBS1L
ESR1,HCFC2
ESR1,HDAC3
ESR1,HDGFL2
ESR1,HEATR1
ESR1,HEATR5B
ESR1,HELZ
ESR1,HERC2
ESR1,HERPUD1
ESR1,HIP1R
ESR1,HIP1
ESR1,HIRA
ESR1,HLA-DRB1
ESR1,HLTF
ESR1,HMG20A
ESR1,HMG20B
ESR1,HMGXB4
ESR1,HMMR
ESR1,HMOX1
ESR1,HNRNPLL
ESR1,HOMER3
ESR1,HSP90AB2P
ESR1,HSPA2
ESR1,HSPA4L
ESR1,HSPA6
ESR1,HSPA7
ESR1,HSPE1
ESR1,HSPH1
ESR1,ICE1
ESR1,IFNAR1
ESR1,IFRD1
ESR1,IFRD2
ESR1,IGFBP5
ESR1,IGHMBP2
ESR1,IK
ESR1,ILVBL
ESR1,IMMT
ESR1,IMP3
ESR1,IMP4
ESR1,IMPDH1
ESR1,ING3
ESR1,INO80B
ESR1,INO80D
ESR1,INO80E
ESR1,INO80
ESR1,INTS10
ESR1,INTS11
ESR1,INTS12
ESR1,INTS13
ESR1,INTS2
ESR1,INTS5
ESR1,INTS6
ESR1,INTS7
ESR1,INTS8
ESR1,INTS9
ESR1,IPMK
ESR1,IPO4
ESR1,IQGAP3
ESR1,ISG20L2
ESR1,IST1
ESR1,ITIH5
ESR1,ITPR1
ESR1,ITPRID2
ESR1,ITSN2
ESR1,IWS1
ESR1,JAK1
ESR1,JARID2
ESR1,JMJD6
ESR1,KANK2
ESR1,KAT8
ESR1,KCTD3
ESR1,KCTD6
ESR1,KDELR1
ESR1,KDM1B
ESR1,KDM2A
ESR1,KDM2B
ESR1,KDM6B
ESR1,KIAA1522
ESR1,KIAA1671
ESR1,KIAA2013
ESR1,KIDINS220
ESR1,KIF11
ESR1,KIF14
ESR1,KIF20B
ESR1,KIF22
ESR1,KIF2A
ESR1,KIF2C
ESR1,KIF4A
ESR1,KIFC1
ESR1,KLF4
ESR1,KMT2A
ESR1,KNOP1
ESR1,KPNA1
ESR1,KPNA3
ESR1,KPNA4
ESR1,KRR1
ESR1,KRT37
ESR1,KRT4
ESR1,KRT72
ESR1,KRT85
ESR1,KRT9
ESR1,KTN1
ESR1,LAMP2
ESR1,LAMTOR1
ESR1,LANCL1
ESR1,LAPTM4A
ESR1,LARP4B
ESR1,LARP7
ESR1,LATS1
ESR1,LEMD3
ESR1,LENG8
ESR1,LGALS7B
ESR1,LGALS8
ESR1,LIMCH1
ESR1,LIMS1
ESR1,LIN7C
ESR1,LIN9
ESR1,LLPH
ESR1,LMAN2L
ESR1,LMTK3
ESR1,LONP2
ESR1,LRCH3
ESR1,LRCH4
ESR1,LRWD1
ESR1,LSG1
ESR1,LSM11
ESR1,LSM12
ESR1,LSM14A
ESR1,LSM14B
ESR1,LSM3
ESR1,LSR
ESR1,LTN1
ESR1,LUC7L3
ESR1,LUZP1
ESR1,LZTS2
ESR1,MACC1
ESR1,MACF1
ESR1,MACO1
ESR1,MAGED1
ESR1,MAGT1
ESR1,MAK16
ESR1,MAML1
ESR1,MAN1A2
ESR1,MAN1B1
ESR1,MAN2A1
ESR1,MAP3K20
ESR1,MAP4
ESR1,MAP7D1
ESR1,MAP7
ESR1,MAPKAP1
ESR1,MARCKSL1
ESR1,MARCKS
ESR1,MARK2
ESR1,MAZ
ESR1,MBD1
ESR1,MBD3
ESR1,MBD4
ESR1,MBOAT7
ESR1,MCAT
ESR1,MCM5
ESR1,MCRS1
ESR1,MDC1
ESR1,MDN1
ESR1,MED14
ESR1,MED15
ESR1,MED6
ESR1,MED8
ESR1,MEST
ESR1,METAP1
ESR1,METTL14
ESR1,METTL18
ESR1,METTL3
ESR1,MFF
ESR1,MGAT1
ESR1,MICALL2
ESR1,MICU1
ESR1,MICU2
ESR1,MINK1
ESR1,MIOS
ESR1,MIS18A
ESR1,MKRN1
ESR1,MLEC
ESR1,MLH1
ESR1,MLLT1
ESR1,MORC2
ESR1,MORF4L1
ESR1,MORF4L2
ESR1,MOV10
ESR1,MPHOSPH10
ESR1,MPHOSPH6
ESR1,MPHOSPH8
ESR1,MPP7
ESR1,MRE11
ESR1,MRM1
ESR1,MRM3
ESR1,MRPL12
ESR1,MRPL38
ESR1,MRPL47
ESR1,MRPL49
ESR1,MRPL9
ESR1,MRPS14
ESR1,MRPS16
ESR1,MRPS18B
ESR1,MRPS18C
ESR1,MRPS23
ESR1,MRPS34
ESR1,MRPS5
ESR1,MRPS7
ESR1,MRTFB
ESR1,MSL1
ESR1,MSL2
ESR1,MSL3P1
ESR1,MT-CO2
ESR1,MT-ND5
ESR1,MTFR1
ESR1,MTHFD1L
ESR1,MTPAP
ESR1,MTREX
ESR1,MYADM
ESR1,MYBPH
ESR1,MYEF2
ESR1,MYH6
ESR1,MYL12A
ESR1,MYO1B
ESR1,MYO5A
ESR1,MYOF
ESR1,MYZAP
ESR1,NACA
ESR1,NAP1L1
ESR1,NAPA
ESR1,NBN
ESR1,NBPF1
ESR1,NBPF26
ESR1,NCBP2
ESR1,NDC80
ESR1,NDE1
ESR1,NDUFA10
ESR1,NDUFA12
ESR1,NDUFA13
ESR1,NDUFA7
ESR1,NDUFA8
ESR1,NDUFA9
ESR1,NDUFB3
ESR1,NDUFB4
ESR1,NDUFB9
ESR1,NDUFS1
ESR1,NDUFS2
ESR1,NDUFS4
ESR1,NDUFS5
ESR1,NDUFS7
ESR1,NDUFS8
ESR1,NDUFV1
ESR1,NDUFV2
ESR1,NELFE
ESR1,NEPRO
ESR1,NET1
ESR1,NFATC2
ESR1,NFIB
ESR1,NFRKB
ESR1,NFX1
ESR1,NGDN
ESR1,NHP2
ESR1,NIFK
ESR1,NIP7
ESR1,NIPBL
ESR1,NKAP
ESR1,NKRF
ESR1,NME3
ESR1,NMT1
ESR1,NMT2
ESR1,NOA1
ESR1,NOC2L
ESR1,NOC3L
ESR1,NOC4L
ESR1,NOL10
ESR1,NOL11
ESR1,NOL6
ESR1,NOL7
ESR1,NOL8
ESR1,NOL9
ESR1,NOM1
ESR1,NOMO1
ESR1,NOP10
ESR1,NOP14
ESR1,NOP16
ESR1,NOP53
ESR1,NOTCH2NLA
ESR1,NOTCH2NLC
ESR1,NOTCH2
ESR1,NPM3
ESR1,NR2E3
ESR1,NR5A2
ESR1,NRAS
ESR1,NRDE2
ESR1,NSA2
ESR1,NSUN4
ESR1,NSUN5
ESR1,NT5E
ESR1,NTHL1
ESR1,NUDT21
ESR1,NUFIP2
ESR1,NUMBL
ESR1,NUMB
ESR1,NUP35
ESR1,NUP37
ESR1,NUP62
ESR1,NUP98
ESR1,NUPR1
ESR1,NUSAP1
ESR1,NXF1
ESR1,ODF2
ESR1,OGT
ESR1,OLA1
ESR1,ORAI1
ESR1,ORC1
ESR1,ORC3
ESR1,ORC4
ESR1,ORC5
ESR1,ORMDL1
ESR1,OS9
ESR1,OSBPL8
ESR1,OSTC
ESR1,OTUB2
ESR1,OTUD4
ESR1,P4HA1
ESR1,PABPC1L
ESR1,PABPC4
ESR1,PACSIN3
ESR1,PAK1IP1
ESR1,PALM3
ESR1,PARD3
ESR1,PARD6B
ESR1,PARK7
ESR1,PARN
ESR1,PARP2
ESR1,PATJ
ESR1,PBRM1
ESR1,PCDHB7
ESR1,PCF11
ESR1,PCID2
ESR1,PCNP
ESR1,PCNX3
ESR1,PDCD11
ESR1,PDCD6
ESR1,PDCD7
ESR1,PDIA2
ESR1,PDLIM1
ESR1,PDLIM2
ESR1,PDLIM7
ESR1,PDS5A
ESR1,PDZK1P1
ESR1,PES1
ESR1,PFKL
ESR1,PFKP
ESR1,PGK2
ESR1,PHC2
ESR1,PHC3
ESR1,PHF12
ESR1,PHF14
ESR1,PHF2
ESR1,PHF3
ESR1,PHF6
ESR1,PHGDH
ESR1,PHRF1
ESR1,PI4KA
ESR1,PIAS2
ESR1,PIEZO1
ESR1,PIGG
ESR1,PIGK
ESR1,PIGT
ESR1,PIK3C2A
ESR1,PKP4
ESR1,PLCD3
ESR1,PLEKHA7
ESR1,PLEKHB1
ESR1,PLOD3
ESR1,PLPP2
ESR1,PLPP6
ESR1,PLS3
ESR1,PNISR
ESR1,PNKD
ESR1,PNKP
ESR1,PNMT
ESR1,PNO1
ESR1,PNPLA6
ESR1,POLR1A
ESR1,POLR1C
ESR1,POLR1E
ESR1,POLR2C
ESR1,POLR2D
ESR1,POLR2E
ESR1,POLR2F
ESR1,POLR2G
ESR1,POLR2H
ESR1,POLR2I
ESR1,POLR2K
ESR1,POLR2L
ESR1,POLRMT
ESR1,POP4
ESR1,POP7
ESR1,POR
ESR1,POTEE
ESR1,PPAN
ESR1,PPFIA1
ESR1,PPFIBP1
ESR1,PPHLN1
ESR1,PPIL3
ESR1,PPP1R10
ESR1,PPP1R12A
ESR1,PPP1R12B
ESR1,PPP1R12C
ESR1,PPP1R14C
ESR1,PPP1R18
ESR1,PPP1R9A
ESR1,PPP2R5C
ESR1,PPP2R5E
ESR1,PPP6R3
ESR1,PRDX4
ESR1,PRDX5
ESR1,PREB
ESR1,PREX1
ESR1,PRKAR1A
ESR1,PRKAR2A
ESR1,PRMT5
ESR1,PRPF31
ESR1,PRPF38A
ESR1,PRPF38B
ESR1,PRR11
ESR1,PRRC2A
ESR1,PRSS8
ESR1,PSMB2
ESR1,PSMC6
ESR1,PTCD1
ESR1,PTPN13
ESR1,PTRH1
ESR1,PTRH2
ESR1,PUM2
ESR1,PUM3
ESR1,PURA
ESR1,PUSL1
ESR1,PWP1
ESR1,PWP2
ESR1,PWWP2A
ESR1,PXDN
ESR1,PXN
ESR1,PYM1
ESR1,QPCTL
ESR1,RAB10
ESR1,RAB11A
ESR1,RAB11FIP1
ESR1,RAB18
ESR1,RAB1B
ESR1,RAB22A
ESR1,RAB39B
ESR1,RAB5C
ESR1,RAB6B
ESR1,RABL3
ESR1,RAD21
ESR1,RAD23B
ESR1,RAD9A
ESR1,RAI14
ESR1,RALGAPB
ESR1,RANBP2
ESR1,RAP1A
ESR1,RAP2B
ESR1,RAP2C
ESR1,RBFA
ESR1,RBL1
ESR1,RBM15B
ESR1,RBM19
ESR1,RBM22
ESR1,RBM26
ESR1,RBM27
ESR1,RBM33
ESR1,RBM3
ESR1,RBM42
ESR1,RBM4B
ESR1,RBM5
ESR1,RBM6
ESR1,RBM7
ESR1,RBM8A
ESR1,RBMS1
ESR1,RBMX2
ESR1,RCC2
ESR1,RCE1
ESR1,RCL1
ESR1,RCN2
ESR1,RDH13
ESR1,RECQL5
ESR1,REEP4
ESR1,REPIN1
ESR1,REPS1
ESR1,RFC5
ESR1,RFTN1
ESR1,RGPD3
ESR1,RGS19
ESR1,RHBDD2
ESR1,RHBDF1
ESR1,RHOBTB1
ESR1,RHOD
ESR1,RICTOR
ESR1,RIF1
ESR1,RIOX2
ESR1,RMDN3
ESR1,RNASEH2A
ESR1,RNF121
ESR1,RNF169
ESR1,RNF2
ESR1,RNGTT
ESR1,RPF2
ESR1,RPL32
ESR1,RPL35A
ESR1,RPL38
ESR1,RPL39P5
ESR1,RPL7L1
ESR1,RPL9P7
ESR1,RPL9P8
ESR1,RPLP0P6
ESR1,RPP30
ESR1,RPP38
ESR1,RPP40
ESR1,RPS15
ESR1,RPS17
ESR1,RPS21
ESR1,RPS26P11
ESR1,RPS27L
ESR1,RPS28
ESR1,RPS29
ESR1,RPTOR
ESR1,RPUSD3
ESR1,RRP15
ESR1,RRP7A
ESR1,RRP8
ESR1,RRP9
ESR1,RRS1
ESR1,RSBN1L
ESR1,RSBN1
ESR1,RSL1D1
ESR1,RSRC1
ESR1,RSRC2
ESR1,RTRAF
ESR1,RUNX1
ESR1,RUNX2
ESR1,SAMD1
ESR1,SAMD4B
ESR1,SAP30BP
ESR1,SBF1
ESR1,SCAF11
ESR1,SCAF1
ESR1,SCAF4
ESR1,SCAF8
ESR1,SCARA5
ESR1,SCD
ESR1,SCML2
ESR1,SCOC
ESR1,SDAD1
ESR1,SDC4
ESR1,SDHA
ESR1,SEC13
ESR1,SEC16A
ESR1,SEC22B
ESR1,SEC24B
ESR1,SEC63
ESR1,SEL1L
ESR1,SENP3
ESR1,SETD2
ESR1,SETD5
ESR1,SETX
ESR1,SF3A2
ESR1,SF3B1
ESR1,SF3B5
ESR1,SF3B6
ESR1,SFSWAP
ESR1,SGF29
ESR1,SGPL1
ESR1,SHANK2
ESR1,SHARPIN
ESR1,SHKBP1
ESR1,SHROOM3
ESR1,SIGLEC10
ESR1,SIPA1L1
ESR1,SIPA1L3
ESR1,SIRT7
ESR1,SIX4
ESR1,SKIV2L
ESR1,SLAIN2
ESR1,SLC12A2
ESR1,SLC25A10
ESR1,SLC25A11
ESR1,SLC25A13
ESR1,SLC25A19
ESR1,SLC25A20
ESR1,SLC25A24
ESR1,SLC25A3
ESR1,SLC25A40
ESR1,SLC30A6
ESR1,SLC30A7
ESR1,SLC35E1
ESR1,SLC35F6
ESR1,SLC39A11
ESR1,SLC3A2
ESR1,SLC4A1AP
ESR1,SLC4A7
ESR1,SLC5A6
ESR1,SLC7A5
ESR1,SLC9A3R2
ESR1,SMC2
ESR1,SMG6
ESR1,SMN1
ESR1,SMN2
ESR1,SMU1
ESR1,SNAP23
ESR1,SNIP1
ESR1,SNRPE
ESR1,SNRPG
ESR1,SNTB2
ESR1,SP140L
ESR1,SPATA5
ESR1,SPATS2L
ESR1,SPATS2
ESR1,SPCS3
ESR1,SPECC1L
ESR1,SPECC1
ESR1,SPEG
ESR1,SPEN
ESR1,SPIRE1
ESR1,SPRR2A
ESR1,SPTY2D1
ESR1,SQOR
ESR1,SQSTM1
ESR1,SRBD1
ESR1,SREK1
ESR1,SRFBP1
ESR1,SRGAP2
ESR1,SRP19
ESR1,SRP54
ESR1,SRP68
ESR1,SRP72
ESR1,SRP9
ESR1,SRPRA
ESR1,SRRT
ESR1,SRSF10
ESR1,SSBP3
ESR1,SSR1
ESR1,SSR3
ESR1,SSRP1
ESR1,STAG1
ESR1,STAG2
ESR1,STAU1
ESR1,STAU2
ESR1,STIP1
ESR1,STRIP1
ESR1,STRN3
ESR1,STRN4
ESR1,STT3A
ESR1,STT3B
ESR1,STX16
ESR1,STX18
ESR1,STX6
ESR1,SUMO2
ESR1,SUMO4
ESR1,SUN2
ESR1,SUPT20H
ESR1,SUPT3H
ESR1,SUPT7L
ESR1,SURF6
ESR1,SUSD2
ESR1,SVIL
ESR1,SYNCRIP
ESR1,SYNE1
ESR1,SYNGR2
ESR1,SYT12
ESR1,SYT7
ESR1,TACSTD2
ESR1,TADA2B
ESR1,TAF15
ESR1,TAF1C
ESR1,TAF1L
ESR1,TAF4
ESR1,TAF5L
ESR1,TAF5
ESR1,TAF6L
ESR1,TAF6
ESR1,TAF9
ESR1,TANC1
ESR1,TAOK2
ESR1,TARBP2
ESR1,TASP1
ESR1,TBC1D10A
ESR1,TBC1D30
ESR1,TBL1Y
ESR1,TBL3
ESR1,TBX2
ESR1,TCERG1
ESR1,TDRD3
ESR1,TDRKH
ESR1,TEFM
ESR1,TEKT5
ESR1,TELO2
ESR1,TENT4B
ESR1,TERF2IP
ESR1,TERF2
ESR1,TEX10
ESR1,TFAM
ESR1,TFAP2D
ESR1,TFB1M
ESR1,TFB2M
ESR1,TFIP11
ESR1,TFPT
ESR1,THAP12
ESR1,THOC3
ESR1,TIAL1
ESR1,TIPARP
ESR1,TLE3
ESR1,TM9SF3
ESR1,TMA16
ESR1,TMCC1
ESR1,TMCO1
ESR1,TMED10
ESR1,TMED2
ESR1,TMED7
ESR1,TMED9
ESR1,TMEM120A
ESR1,TMEM161A
ESR1,TMEM214
ESR1,TMEM266
ESR1,TMEM41B
ESR1,TMEM50A
ESR1,TMF1
ESR1,TMOD2
ESR1,TMX2
ESR1,TNRC6A
ESR1,TNRC6B
ESR1,TOE1
ESR1,TOLLIP
ESR1,TOM1
ESR1,TOMM22
ESR1,TOMM40
ESR1,TOMM70
ESR1,TP53BP1
ESR1,TP53I11
ESR1,TPM1
ESR1,TPM3
ESR1,TPP1
ESR1,TPX2
ESR1,TRIM26
ESR1,TRIM27
ESR1,TRIM32
ESR1,TRIM33
ESR1,TRIM56
ESR1,TRIM59
ESR1,TRIOBP
ESR1,TRIP6
ESR1,TRMT10C
ESR1,TRMT1L
ESR1,TRPM4
ESR1,TRPS1
ESR1,TSPYL1
ESR1,TSPYL5
ESR1,TSR1
ESR1,TTC37
ESR1,TUBAL3
ESR1,TUBB8
ESR1,TUFM
ESR1,TWF1
ESR1,TWNK
ESR1,U2SURP
ESR1,UACA
ESR1,UBE2D3
ESR1,UBE2M
ESR1,UBN2
ESR1,UBP1
ESR1,UBQLN1
ESR1,UBXN4
ESR1,UFL1
ESR1,UNC93B1
ESR1,UNK
ESR1,UQCRC1
ESR1,UQCRC2
ESR1,UQCRFS1
ESR1,URB1
ESR1,URB2
ESR1,USF2
ESR1,USP10
ESR1,USP30
ESR1,USP36
ESR1,USP6NL
ESR1,USP7
ESR1,UTP15
ESR1,UTP20
ESR1,UTP23
ESR1,UTP25
ESR1,UTP4
ESR1,UTRN
ESR1,UXS1
ESR1,UXT
ESR1,VANGL1
ESR1,VAPA
ESR1,VDAC2
ESR1,VDAC3
ESR1,VEZF1
ESR1,VIRMA
ESR1,VKORC1
ESR1,VMP1
ESR1,VPS45
ESR1,VPS72
ESR1,VRK2
ESR1,VRK3
ESR1,WBP2
ESR1,WDR11
ESR1,WDR12
ESR1,WDR20
ESR1,WDR3
ESR1,WDR43
ESR1,WDR55
ESR1,WDR61
ESR1,WDR75
ESR1,WDR82
ESR1,WDR89
ESR1,WHAMM
ESR1,WIZ
ESR1,WRAP53
ESR1,WRN
ESR1,XAB2
ESR1,XPC
ESR1,XPR1
ESR1,XRCC1
ESR1,XRN1
ESR1,YME1L1
ESR1,YTHDC1
ESR1,YTHDC2
ESR1,YWHAE
ESR1,YWHAG
ESR1,ZBED6
ESR1,ZBTB11
ESR1,ZBTB7A
ESR1,ZBTB7B
ESR1,ZC3H11A
ESR1,ZC3H14
ESR1,ZC3H15
ESR1,ZC3H7A
ESR1,ZC3H7B
ESR1,ZCCHC8
ESR1,ZCCHC9
ESR1,ZFC3H1
ESR1,ZFHX3
ESR1,ZFP36L2
ESR1,ZFP91
ESR1,ZGPAT
ESR1,ZHX1
ESR1,ZKSCAN1
ESR1,ZMYM3
ESR1,ZMYM4
ESR1,ZMYND8
ESR1,ZNF146
ESR1,ZNF207
ESR1,ZNF217
ESR1,ZNF24
ESR1,ZNF277
ESR1,ZNF281
ESR1,ZNF318
ESR1,ZNF326
ESR1,ZNF346
ESR1,ZNF385A
ESR1,ZNF48
ESR1,ZNF574
ESR1,ZNF579
ESR1,ZNF592
ESR1,ZNF593
ESR1,ZNF598
ESR1,ZNF622
ESR1,ZNF652
ESR1,ZNF687
ESR1,ZNF767P
ESR1,ZNF768
ESR1,ZNF787
ESR1,ZNF800
ESR1,ZRANB2
ESR2,EZH2
ESR2,FOXP1
ESR2,GANAB
ESR2,HBA1
ESR2,HBA2
ESR2,HBB
ESR2,HDAC2
ESR2,HSPA8
ESR2,KEAP1
ESR2,KHDRBS1
ESR2,KMT2A
ESR2,LMX1B
ESR2,MEN1
ESR2,MME
ESR2,MOV10
ESR2,MPO
ESR2,NME4
ESR2,NRP1
ESR2,NSD1
ESR2,NT5E
ESR2,PFN1
ESR2,PFN2
ESR2,PNPLA6
ESR2,PRDX2
ESR2,PRDX4
ESR2,PTPRO
ESR2,RYBP
ESR2,SETD1A
ESR2,SETD2
ESR2,SFXN1
ESR2,SIRT3
ESR2,SLC2A1
ESR2,STAT3
ESR2,STRN
ESR2,TFCP2
ESR2,TPP1
ESR2,TXN
ESR2,WDR5
ESR2,WNK1
ESR2,WTAP
ESR2,XPC
ESR2,XRN1
EZR,FOXA1
EZR,GPX4
EZR,LASP1
EZR,MME
EZR,SETD1A
EZR,SIRT2
F11R,ITGB2
F11R,RHOA
F2R,GNB3
F2R,GNG7
F2RL1,GNB3
F2RL1,GNG7
F2RL1,LMNA
F2RL1,TLR4
F2RL2,GNB3
F2RL2,GNG7
F2RL3,GNB3
F2RL3,GNG7
F2R,NOTCH1
FAS,GADD45A
FAS,GPN3
FAS,HNF1A
FAS,KRIT1
FAS,MAGI1
FAS,MBD4
FAS,MOCS3
FAS,NPM1
FAS,PEX1
FAS,PKN2
FAS,PLCG1
FAS,PPP1R13B
FAS,RARA
FAS,RB1
FAS,RHOBTB3
FAS,SRC
FAS,STARD3
FAS,SYK
FAS,TCAP
FAS,TP53BP2
FAS,TUBB4A
FAS,UBA7
FAS,UGDH
FAS,YES1
FAT1,HIF1A
FAT4,RNF123
FCAMR,TP53
FCER1A,LMNA
FCER1A,RASA1
FCGR1A,HBA1
FCGR1A,HBA2
FCGR1A,TNMD
FCGRT,FURIN
FCGRT,HBA1
FCGRT,HBA2
FCGRT,LRP6
FFAR1,GNB3
FFAR1,GNG7
FFAR2,GNB3
FFAR2,GNG7
FFAR3,GNB3
FFAR3,GNG7
FGFR1,LITAF
FGFR1,RXRA
FGFR2,LITAF
FGFR2,RASA1
FGFR2,RPS6KA1
FGFR2,SETD2
FGFR3,HSPA8
FGFR3,RASA1
FGFR4,HIF1A
FGFR4,IGF1R
FGFR4,MAPK14
FGFR4,RASA1
FGFR4,TP53
FLOT1,SETD1A
FLOT1,SLC2A1
FLOT1,YBX1
FLT1,GPC1
FLT1,HCK
FLT1,HMGCS1
FLT1,NFATC2
FLT1,PKM
FLT1,SCGB2A2
FLT1,SOGA1
FLT4,MAS1
FN1,FXR1
FN1,GABBR1
FN1,GALNT6
FN1,GIT1
FN1,GJC2
FN1,GPC1
FN1,GPC4
FN1,HBA2
FN1,HPR
FN1,HSPA7
FN1,IGDCC4
FN1,IGHG1
FN1,IGHM
FN1,IGLL5
FN1,IPO5
FN1,ITGA1
FN1,ITGAD
FN1,ITGAE
FN1,ITGAL
FN1,ITGAM
FN1,ITGAX
FN1,ITGB2
FN1,ITGBL1
FN1,JARID2
FN1,KCNMA1
FN1,KDM7A
FN1,KERA
FN1,KIAA0754
FN1,KIAA1549
FN1,KRT13
FN1,KRT14
FN1,KRT6A
FN1,KRT6B
FN1,KRT72
FN1,KSR1
FN1,L1TD1
FN1,LAMB4
FN1,LAT
FN1,LCK
FN1,LDHA
FN1,LGALS8
FN1,LIMS1
FN1,LIMS2
FN1,LMNA
FN1,LYPLA1
FN1,MAPT
FN1,MARK3
FN1,MEPE
FN1,METTL14
FN1,MIA2
FN1,MICALL1
FN1,MPRIP
FN1,MT-CO2
FN1,MYH2
FN1,MYL12B
FN1,NDUFS3
FN1,NPM2
FN1,NUDT21
FN1,NUP155
FN1,OR5H6
FN1,OR8D2
FN1,PALB2
FN1,PAPPA
FN1,PAPSS1
FN1,PARVA
FN1,PARVB
FN1,PCDH1
FN1,PCED1B
FN1,PDCD5
FN1,PDZRN4
FN1,PECAM1
FN1,PEG3
FN1,PHGDH
FN1,PLA2G4F
FN1,PML
FN1,POLR3G
FN1,POU6F2
FN1,PPIH
FN1,PRMT5
FN1,PSMA7
FN1,PSMD11
FN1,PTPN5
FN1,PVR
FN1,QDPR
FN1,RABEPK
FN1,RANBP2
FN1,RANBP3
FN1,RNF123
FN1,RPL9P7
FN1,RPL9P8
FN1,RPS6KA5
FN1,RSL1D1
FN1,RYR1
FN1,RYR2
FN1,SCAF1
FN1,SCN5A
FN1,SERPIND1
FN1,SERTAD3
FN1,SH3BP5
FN1,SHC2
FN1,SHC3
FN1,SLA2
FN1,SLC1A5
FN1,SLC25A13
FN1,SLC5A3
FN1,SLC9A8
FN1,SMC3
FN1,SMCHD1
FN1,SNAI1
FN1,SNAP23
FN1,SNRNP200
FN1,SORBS3
FN1,SP1
FN1,SPATA31A7
FN1,TCERG1
FN1,TENT4A
FN1,THRAP3
FN1,TIMD4
FN1,TMEM115
FN1,TNS3
FN1,TRAK1
FN1,TRAPPC11
FN1,TREH
FN1,TRIM24
FN1,TSC22D1
FN1,TXNDC2
FN1,VIRMA
FN1,WTAP
FN1,ZBTB33
FN1,ZC3HAV1
FN1,ZKSCAN4
FN1,ZNF232
FN1,ZNF292
FN1,ZW10
FOLR1,SETD1A
FPR1,GNB3
FPR1,GNG7
FPR1,PRDX1
FPR2,FUNDC2
FPR2,FXYD6
FPR2,GK
FPR2,GNAI2
FPR2,GNAT3
FPR2,GNB2
FPR2,GNB3
FPR2,GNB4
FPR2,GNB5
FPR2,GNG10
FPR2,GNG11
FPR2,GNG12
FPR2,GNG13
FPR2,GNG3
FPR2,GNG4
FPR2,GNG5
FPR2,GNG7
FPR2,GNG8
FPR2,GNGT1
FPR2,GNGT2
FPR2,GPR155
FPR2,GPR89A
FPR2,GPR89B
FPR2,HACD2
FPR2,HSDL1
FPR2,LMBR1
FPR2,LMBRD2
FPR2,LRRC8C
FPR2,MFSD5
FPR2,MFSD8
FPR2,MOSPD2
FPR2,MT-ATP8
FPR2,MT-ND4
FPR2,MZT2B
FPR2,NCLN
FPR2,NIPA2
FPR2,NOMO1
FPR2,NOMO3
FPR2,PDXDC1
FPR2,PIGN
FPR2,PXMP2
FPR2,REEP4
FPR2,REEP5
FPR2,REEP6
FPR2,RMND1
FPR2,RRAGB
FPR2,RRAGC
FPR2,RTN2
FPR2,RTN4
FPR2,SLC19A2
FPR2,SLC29A1
FPR2,SLC30A5
FPR2,SLC30A6
FPR2,SLC35B2
FPR2,SLC35F2
FPR2,SLC38A9
FPR2,SLC39A1
FPR2,SLC7A2
FPR2,SSMEM1
FPR2,SYNGR2
FPR2,TMEM161B
FPR2,TMEM184B
FPR2,TMEM208
FPR2,TMEM245
FPR2,TRIM4
FPR2,TTYH3
FPR2,TUBGCP4
FPR2,VPS50
FPR2,XPO6
FPR3,GNB3
FPR3,GNG7
FSHR,GJA1
FSHR,GNB3
FSHR,GNG7
FXYD6,LMNA
FZD10,LRP6
FZD10,NRP1
FZD3,LRP6
FZD4,HSPA8
FZD7,LRP6
FZD8,WTAP
FZD9,LRP6
GABBR1,GNB3
GABBR1,GNG7
GABBR1,KCNJ16
GABBR1,USP14
GABBR2,GNG7
GALR1,GNB3
GALR1,GNG7
GALR2,GNB3
GALR2,GNG7
GALR3,GNB3
GALR3,GNG7
GFRA1,PIK3CD
GFRA1,RASA1
GFRA2,NCAM1
GFRA2,PIK3CD
GFRA3,PIK3CD
GFRA4,NCAM1
GFRA4,PIK3CD
GFRA4,PTPN11
GFRAL,RNF123
GHRHR,GNB3
GHRHR,GNG7
GHR,IL1R1
GHR,IL1RAP
GHR,IL3RA
GHR,LEPR
GHR,TP53
GHSR,GNB3
GHSR,GNG7
GHSR,LEPR
GIPR,GNB3
GIPR,GNG7
GJA1,GPR21
GJA1,HGS
GJA1,HTR2C
GJA1,HTR3A
GJA1,L1TD1
GJA1,LAMP1
GJA1,MYO6
GJA1,NAPA
GJA1,NAPG
GJA1,NDUFA7
GJA1,P2RY6
GJA1,PHGDH
GJA1,PLEKHA7
GJA1,RPN1
GJA1,RPRD1B
GJA1,RPSA
GJA1,RRBP1
GJA1,RSPRY1
GJA1,SAFB
GJA1,SDC4
GJA1,SEC13
GJA1,SEC23A
GJA1,SEC23B
GJA1,SEC24C
GJA1,SEH1L
GJA1,SEPHS1
GJA1,SERPINH1
GJA1,SETD1A
GJA1,SET
GJA1,SF1
GJA1,SFPQ
GJA1,SGF29
GJA1,SGTA
GJA1,SH3GL1
GJA1,SH3KBP1
GJA1,SHKBP1
GJA1,SIPA1L3
GJA1,SLBP
GJA1,SLC15A3
GJA1,SLC39A12
GJA1,SMN1
GJA1,SMN2
GJA1,SMTN
GJA1,SNRNP70
GJA1,SNW1
GJA1,SNX9
GJA1,SORBS1
GJA1,SORBS2
GJA1,SPTBN1
GJA1,SRRM2
GJA1,SRRT
GJA1,SSR1
GJA1,STAMBP
GJA1,STOML2
GJA1,STON2
GJA1,STS
GJA1,TMEM128
GJA1,TMPRSS3
GJA1,UBE2A
GJA1,UPK1A
GJA1,USP8
GJB2,KLRC1
GJB2,LMNA
GLG1,NFKB1
GLG1,SETD1A
GLP1R,GNB3
GLP1R,GNG7
GLP2R,GNB3
GLP2R,GNG7
GNAT2,GNB3
GNAT2,GNG7
GP1BA,ITGB2
GP1BA,KMT2A
GP1BA,RNF123
GP1BA,SETD1A
GP1BA,WDR5
GP5,RNF123
GPC1,GPC4
GPC1,HMGA1
GPC1,HNRNPK
GPC1,ITGA9
GPC1,ITGAM
GPC1,ITGAX
GPC1,ITGB1
GPC1,ITGB2
GPC1,LMNA
GPC1,PSG1
GPC1,PTK2
GPC1,SETD1A
GPC1,YBX1
GPC3,GPR183
GPC3,ISLR
GPC3,LIPG
GPC3,LRRTM2
GPC3,MOXD1
GPC3,NAPA
GPC3,NAPG
GPC3,NPM1
GPC3,NRN1
GPC3,ODAPH
GPC3,PHGDH
GPC3,PLEKHA7
GPC3,PYHIN1
GPC3,RIPK4
GPC3,RPN1
GPC3,RPRD1B
GPC3,RPSA
GPC3,RRBP1
GPC3,RSPRY1
GPC3,SAFB
GPC3,SCGB2A2
GPC3,SDC4
GPC3,SEC13
GPC3,SEC23A
GPC3,SEC23B
GPC3,SEC24C
GPC3,SEH1L
GPC3,SEPHS1
GPC3,SERPINH1
GPC3,SETD1A
GPC3,SET
GPC3,SF1
GPC3,SFPQ
GPC3,SGF29
GPC3,SGTA
GPC3,SH3GL1
GPC3,SH3KBP1
GPC3,SHKBP1
GPC3,SIGLECL1
GPC3,SIPA1L3
GPC3,SLBP
GPC3,SMN1
GPC3,SMN2
GPC3,SMTN
GPC3,SNRNP70
GPC3,SNW1
GPC3,SNX9
GPC3,SORBS1
GPC3,SORBS2
GPC3,SPTAN1
GPC3,SPTBN1
GPC3,SQSTM1
GPC3,SRC
GPC3,SRRM2
GPC3,SRRT
GPC3,SSR1
GPC3,STOML2
GPC3,STON2
GPC3,TSPYL1
GPC3,ULBP1
GPC4,ITGA10
GPC4,ITGA11
GPC4,ITGA1
GPC4,ITGA2B
GPC4,ITGA2
GPC4,ITGA3
GPC4,ITGA4
GPC4,ITGA5
GPC4,ITGA6
GPC4,ITGA7
GPC4,ITGA8
GPC4,ITGA9
GPC4,ITGAD
GPC4,ITGAE
GPC4,ITGAL
GPC4,ITGAM
GPC4,ITGAV
GPC4,ITGAX
GPC4,ITGB1
GPC4,ITGB2
GPC4,ITGB3
GPC4,ITGB4
GPC4,ITGB5
GPC4,ITGB6
GPC4,ITGB7
GPC4,ITGB8
GPC4,KERA
GPC4,L1TD1
GPC4,LARP7
GPC4,LCK
GPC4,MPPE1
GPC4,PTK2
GPC4,PXN
GPC4,RELA
GPC4,REL
GPC4,RIPK4
GPC4,SCGB2A2
GPC4,SDC2
GPC4,SDC3
GPC4,SDC4
GPC4,SHC1
GPC4,SHC2
GPC4,SHC3
GPC4,SMC3
GPC4,SPCS2
GPC4,SRC
GPC4,TLN1
GPC4,TLN2
GPC4,VCL
GPR151,KEAP1
GPR152,HMOX1
GPR152,PIGF
GPR183,NRP1
GPR25,LMNA
GPR35,SLC2A1
GPR37,RNF123
GPR68,HIF1A
GPR75,MAPK14
GPRC5D,PVR
GPRC6A,HMGN3
GRIA1,NEDD4L
GRIA2,HDAC2
GRIK5,RNF123
GRIN1,RNF123
GRM1,IGF1R
GRM2,LMNA
GRPR,PANX1
HAVCR1,HNF1A
HAVCR1,IGHA1
HAVCR1,ITCH
HAVCR1,NDFIP1
HAVCR1,NEDD4L
HAVCR1,PI4K2A
HAVCR1,RPS27A
HAVCR1,SLC12A3
HAVCR1,SNX17
HAVCR1,SNX6
HAVCR1,STAM
HAVCR1,STUB1
HAVCR1,TFRC
HAVCR1,TGFBR1
HAVCR1,TNFRSF10B
HAVCR1,UBA52
HAVCR1,UBB
HAVCR1,UBC
HAVCR1,WWP2
HAVCR1,YWHAE
HAVCR2,IL1RAP
HAVCR2,JAK1
HAVCR2,KDM1B
HAVCR2,LCK
HAVCR2,LCP2
HAVCR2,LGR4
HAVCR2,LPCAT4
HAVCR2,MAP3K21
HAVCR2,MELK
HAVCR2,MTMR1
HAVCR2,MYADM
HAVCR2,MYO1D
HAVCR2,NCOA2
HAVCR2,NISCH
HAVCR2,NOCT
HAVCR2,PHLPP1
HAVCR2,PI4K2B
HAVCR2,PIGM
HAVCR2,PIK3C2A
HAVCR2,PIK3CA
HAVCR2,PIK3CB
HAVCR2,PIK3R1
HAVCR2,PIK3R2
HAVCR2,PIK3R3
HAVCR2,PKN2
HAVCR2,PKN3
HAVCR2,PKP2
HAVCR2,PKP4
HAVCR2,PLCG1
HAVCR2,PLD2
HAVCR2,PLEKHH3
HAVCR2,PNPLA6
HAVCR2,PTEN
HAVCR2,RHOBTB3
HAVCR2,RIPK4
HAVCR2,SBF1
HAVCR2,SEC22A
HAVCR2,SH3BP2
HAVCR2,SLC20A2
HAVCR2,SLC22A18
HAVCR2,SNX17
HAVCR2,SYK
HAVCR2,TCAF2
HAVCR2,TIGD5
HAVCR2,TSPAN7
HAVCR2,TTF2
HAVCR2,TYK2
HAVCR2,UTP18
HAVCR2,UTP4
HAVCR2,VAV1
HAVCR2,WDR36
HAVCR2,WDR44
HAVCR2,ZAP70
HAVCR2,ZMYM6
HCRTR1,LEPR
HJV,XIAP
HLA-A,HOGA1
HLA-A,HRAS
HLA-A,HSCB
HLA-A,HSP90AA1
HLA-A,HSPA5
HLA-A,HYOU1
HLA-A,IL12RB2
HLA-A,IL13RA2
HLA-A,IL27RA
HLA-A,IRF9
HLA-A,KIR3DS1
HLA-A,KLK2
HLA-A,KLKB1
HLA-A,LAMP1
HLA-A,LCK
HLA-A,LILRA2
HLA-A,LILRA3
HLA-A,LILRA4
HLA-A,LILRA5
HLA-A,LILRA6
HLA-A,LILRB3
HLA-A,LILRB5
HLA-A,LMAN1
HLA-A,LRRC4C
HLA-A,LTB4R2
HLA-A,MAPK6
HLA-A,MEP1B
HLA-A,MEX3C
HLA-A,MIS18A
HLA-A,MME
HLA-A,MOV10
HLA-A,MS4A1
HLA-A,NAPA
HLA-A,NAPG
HLA-A,NAXD
HLA-A,NRAS
HLA-A,NRN1
HLA-A,OASL
HLA-A,OPCML
HLA-A,P2RX5
HLA-A,PACS1
HLA-A,PCDHB11
HLA-A,PDIA2
HLA-A,PLEKHA7
HLA-A,PMEL
HLA-A,PTPN5
HLA-A,PTPRO
HLA-A,RNF4
HLA-A,RPN1
HLA-A,RPRD1B
HLA-A,RPS27A
HLA-A,RPSA
HLA-A,RRBP1
HLA-A,RSPRY1
HLA-A,SAFB
HLA-A,SCNN1D
HLA-A,SDC4
HLA-A,SDHA
HLA-A,SEC23B
HLA-A,SEC24A
HLA-A,SEC24B
HLA-A,SEC24D
HLA-A,SEC31A
HLA-A,SEH1L
HLA-A,SEPHS1
HLA-A,SERPINH1
HLA-A,SETD1A
HLA-A,SET
HLA-A,SF1
HLA-A,SFPQ
HLA-A,SGF29
HLA-A,SGTA
HLA-A,SH3GL1
HLA-A,SH3KBP1
HLA-A,SHKBP1
HLA-A,SIPA1L3
HLA-A,SLBP
HLA-A,SLC39A5
HLA-A,SMC2
HLA-A,SMN1
HLA-A,SMN2
HLA-A,SMTN
HLA-A,SNRNP70
HLA-A,SNW1
HLA-A,SNX9
HLA-A,SORBS1
HLA-A,SORBS2
HLA-A,SPTAN1
HLA-A,SPTBN1
HLA-A,SQSTM1
HLA-A,SRRM2
HLA-A,SRRT
HLA-A,SSR1
HLA-A,SSR4
HLA-A,STAT1
HLA-A,STAT2
HLA-A,STOML2
HLA-A,STON2
HLA-A,TCTN2
HLA-A,TCTN3
HLA-A,TDGF1
HLA-A,TMEM30B
HLA-A,TMPRSS11B
HLA-A,TMPRSS3
HLA-A,TOR1A
HLA-A,TRAC
HLA-A,TRAV19
HLA-A,TRAV21
HLA-A,TRAV29DV5
HLA-A,TRAV8-4
HLA-A,TRBC1
HLA-A,TRBV12-3
HLA-A,TRBV6-5
HLA-A,TRBV7-9
HLA-A,UBA52
HLA-A,UBE2J2
HLA-A,UGGT2
HLA-A,VIRMA
HLA-A,ZAP70
HLA-B,MAPK1
HLA-B,PFN2
HLA-B,PTPRO
HLA-B,RHOA
HLA-B,SFXN1
HLA-B,SOD2
HLA-B,TXN
HLA-B,USP14
HLA-F,HSPA5
HLA-F,IL17RB
HLA-F,IRF9
HLA-F,LILRA1
HLA-F,LILRA2
HLA-F,LILRA5
HLA-F,LILRA6
HLA-F,LILRB3
HLA-F,LILRB5
HLA-F,MYC
HLA-F,PTPRN
HLA-F,SEC24A
HLA-F,SEC24B
HLA-F,SEC24D
HLA-F,SEC31A
HLA-F,STAT1
HLA-F,STAT2
HLA-F,TAF1
HLA-F,TAPBPL
HLA-F,TRAC
HLA-F,TRAV19
HLA-F,TRAV29DV5
HLA-F,TRAV8-4
HLA-F,TRBC1
HLA-F,TRBV12-3
HLA-F,TRBV7-9
HMMR,KCMF1
HMMR,KHDRBS1
HSPA5,IGF1R
HSPA5,ITGA9
HSPA5,LMNA
HSPA5,METTL14
HSPA5,METTL3
HSPA5,MPO
HSPA5,PTEN
HSPA5,PTPN11
HSPA5,RNF123
HSPA5,SETD1A
HSPA5,SNAI1
HSPA5,TXN
HSPA5,WDR5
HSPA5,WTAP
HSPA5,YAP1
HSPA5,YBX1
HTR3A,PANX1
HTR6,MTOR
ICAM1,MZT2B
ICAM1,NCS1
ICAM1,NT5C1A
ICAM1,NUDT13
ICAM1,OTULIN
ICAM1,PAK1
ICAM1,PAK2
ICAM1,PEX1
ICAM1,RARA
ICAM1,RPL9P7
ICAM1,RPL9P8
ICAM1,RTL8C
ICAM1,SGK3
ICAM1,SLC7A8
ICAM1,SYNCRIP
ICAM1,TES
ICAM1,TMPO
ICAM1,TTC28
ICAM1,TUBB4A
ICAM1,TUBB8
ICAM1,TWF1
ICAM1,VIRMA
ICAM1,WDFY3
ICAM2,NRP1
ICOS,STAT3
IFITM1,STAT1
IFNAR1,IL1R1
IFNAR1,IL1RAP
IFNAR1,IL3RA
IFNAR1,LEPR
IFNAR1,TP53
IFNAR2,IL1R1
IFNAR2,IL1RAP
IFNAR2,IL3RA
IFNAR2,LEPR
IFNGR1,IL1R1
IFNGR1,IL1RAP
IFNGR1,IL3RA
IFNGR1,LEPR
IFNGR2,IL1R1
IFNGR2,IL1RAP
IFNGR2,IL3RA
IFNGR2,LEPR
IFNGR2,STAT3
IFNLR1,TRAF6
IGDCC3,RNF123
IGF1R,IGF2R
IGF1R,ILKAP
IGF1R,JUP
IGF1R,KDELR2
IGF1R,LYPD3
IGF1R,LYZL2
IGF1R,MAP2K1
IGF1R,MATK
IGF1R,MPZL2
IGF1R,NF2
IGF1R,PPM1A
IGF1R,PPM1F
IGF1R,PPP6C
IGF1R,PSMC5
IGF1R,RELA
IGF1R,RNF4
IGF1R,RPS16
IGF1R,RPS27A
IGF1R,RPS27
IGF1R,RPS3
IGF1R,RPS4X
IGF1R,RUVBL1
IGF1R,SLAMF1
IGF1R,SLC25A5
IGF1R,SOS2
IGF1R,SP1
IGF1R,STYX
IGF1R,TTYH2
IGF1R,TUBA4A
IGF1R,UBA52
IGF1R,UBB
IGF1R,UBQLN1
IGF1R,UNC5CL
IGF1R,VIRMA
IGF1R,YAP1
IGHM,PAPPA
IL10RA,IL3RA
IL10RA,LEPR
IL10RB,IL1R1
IL10RB,IL1RAP
IL10RB,IL3RA
IL10RB,LEPR
IL10RB,PTPN11
IL11RA,PPP1R12A
IL12RB1,IL1RAP
IL12RB1,IL3RA
IL12RB1,LEPR
IL12RB2,IL1RAP
IL12RB2,IL3RA
IL12RB2,LEPR
IL13,IL1RAP
IL13,IL3RA
IL13,LEPR
IL13RA1,IL1R1
IL13RA1,IL1RAP
IL13RA1,IL3RA
IL13RA1,LEPR
IL13RA2,IL1R1
IL13RA2,IL1RAP
IL13RA2,IL3RA
IL13RA2,LEPR
IL13RA2,STAT1
IL13RA2,STAT3
IL15RA,IL1R1
IL15RA,IL1RAP
IL15RA,IL3RA
IL15RA,LEPR
IL15RA,STAT1
IL17RA,IL1R1
IL17RA,IL1RAP
IL17RA,IL3RA
IL17RA,LEPR
IL17RA,RPS6KA1
IL17RA,STAT1
IL17RA,STAT3
IL18BP,WNK1
IL18,IL1R1
IL18,IL1RAP
IL18,IL3RA
IL18,LEPR
IL18R1,IL1R1
IL18R1,IL3RA
IL18R1,LEPR
IL18R1,STAT1
IL1R1,IL2RA
IL1R1,IL2RB
IL1R1,IL2RG
IL1R1,IL3RA
IL1R1,IL4R
IL1R1,IL5RA
IL1R1,IL6R
IL1R1,IL6ST
IL1R1,IL7R
IL1R1,LEPR
IL1R1,LIFR
IL1R1,LYN
IL1R1,MATR3
IL1R1,MFAP3
IL1R1,MPL
IL1R1,MYH10
IL1R1,OSMR
IL1R1,PDGFRB
IL1R1,PIK3CA
IL1R1,PIK3R2
IL1R1,PRLR
IL1R1,SRC
IL1R1,STAT1
IL1R1,STAT2
IL1R1,STAT4
IL1R1,STAT5A
IL1R1,STAT5B
IL1R1,STAT6
IL1R1,TNFRSF10B
IL1R1,TUBB8
IL1R1,TXLNA
IL1R1,YES1
IL1R2,IL3RA
IL1R2,LEPR
IL1R2,STAT1
IL1R2,STAT3
IL1RAP,IL1RL1
IL1RAP,IL1RL2
IL1RAP,IL2RA
IL1RAP,IL2RB
IL1RAP,IL2RG
IL1RAP,IL3RA
IL1RAP,IL4R
IL1RAP,IL5RA
IL1RAP,IL6R
IL1RAP,IL6ST
IL1RAP,IL7R
IL1RAP,IL9R
IL1RAP,KIT
IL1RAP,KPNA1
IL1RAP,LEPR
IL1RAP,LIFR
IL1RAP,MC4R
IL1RAP,MPL
IL1RAP,OSMR
IL1RAP,PCDHGB4
IL1RAP,PIK3CA
IL1RAP,PRKCI
IL1RAP,PRLR
IL1RAP,SMAD2
IL1RAP,STAT1
IL1RAP,STAT2
IL1RAP,STAT4
IL1RAP,STAT5A
IL1RAP,STAT5B
IL1RAP,STAT6
IL1RAP,TRAF3
IL1RAP,TXLNA
IL1RL1,IRAK1
IL21R,STAT1
IL21R,STAT3
IL22,PTPN11
IL22RA1,PTPN11
IL27RA,NRP1
IL2RA,IL3RA
IL2RA,LEPR
IL2RA,MAPK1
IL2RA,PIK3CD
IL2RA,PTPN11
IL2RB,IL3RA
IL2RB,LEPR
IL2RB,PIK3CD
IL2RB,PTPN11
IL2RG,IL3RA
IL2RG,LEPR
IL2RG,MAPK1
IL2RG,NEDD4L
IL2RG,PIK3CD
IL2RG,PTPN11
IL31RA,PROCR
IL3RA,IL4R
IL3RA,IL6R
IL3RA,IL6ST
IL3RA,IL7R
IL3RA,IL9R
IL3RA,INPPL1
IL3RA,JAGN1
IL3RA,LEPR
IL3RA,LIFR
IL3RA,MPL
IL3RA,OSMR
IL3RA,PAQR5
IL3RA,PAX5
IL3RA,PIK3CD
IL3RA,PIK3R2
IL3RA,PIK3R3
IL3RA,PRLR
IL3RA,SERP1
IL3RA,SMAGP
IL3RA,STAT1
IL3RA,STAT2
IL3RA,STAT3
IL3RA,STAT4
IL3RA,STAT6
IL3RA,TMEM128
IL3RA,TMEM254
IL3RA,TMEM65
IL3RA,TXLNA
IL3RA,VAMP5
IL4R,LEPR
IL4R,NEDD4L
IL4R,NET1
IL5RA,LEPR
IL5RA,PIK3CD
IL5RA,STAT1
IL6ST,LEPR
IL7R,LEPR
IL7R,PTMA
IL7R,STAT1
IL9R,LEPR
IL9R,STAT1
IL9R,STAT3
ILDR1,NEDD4L
INPP5K,NOTCH1
INSR,PIK3CD
INSR,SIRT1
ITGA10,ITGA9
ITGA10,ITGAM
ITGA10,ITGAX
ITGA10,ITGB2
ITGA11,ITGA9
ITGA11,ITGAM
ITGA11,ITGAX
ITGA11,ITGB2
ITGA1,ITGAM
ITGA1,ITGAX
ITGA1,ITGB2
ITGA1,PTK2
ITGA2B,ITGA9
ITGA2B,ITGAX
ITGA2B,KMT2A
ITGA2B,LMNA
ITGA2B,SETD1A
ITGA2B,WDR5
ITGA2,ITGA9
ITGA2,ITGAM
ITGA2,ITGAX
ITGA2,ITGB2
ITGA3,ITGA9
ITGA3,ITGAM
ITGA3,ITGAX
ITGA3,ITGB2
ITGA4,ITGA9
ITGA4,ITGAM
ITGA4,ITGAX
ITGA4,ITGB2
ITGA4,LMNA
ITGA4,PFN1
ITGA4,SLC2A1
ITGA5,ITGA9
ITGA5,ITGAM
ITGA5,ITGAX
ITGA5,ITGB2
ITGA5,KDR
ITGA5,NRP1
ITGA6,ITGA9
ITGA6,ITGAM
ITGA6,ITGAX
ITGA6,ITGB2
ITGA7,ITGA9
ITGA7,ITGAM
ITGA7,ITGAX
ITGA7,ITGB2
ITGA8,ITGA9
ITGA8,ITGAM
ITGA8,ITGAX
ITGA8,ITGB2
ITGA9,ITGAD
ITGA9,ITGAE
ITGA9,ITGAL
ITGA9,ITGAM
ITGA9,ITGAV
ITGA9,ITGAX
ITGA9,ITGB2
ITGA9,ITGB3
ITGA9,ITGB4
ITGA9,ITGB5
ITGA9,ITGB6
ITGA9,ITGB8
ITGA9,ITGBL1
ITGA9,IVL
ITGA9,KERA
ITGA9,KLK10
ITGA9,L1CAM
ITGA9,LCK
ITGA9,LIMS1
ITGA9,LIMS2
ITGA9,MICALL1
ITGA9,PARVA
ITGA9,PARVB
ITGA9,PCYOX1L
ITGA9,PPM1G
ITGA9,PSMD10
ITGA9,PTK2B
ITGA9,SAT1
ITGA9,SDC1
ITGA9,SDC2
ITGA9,SDC3
ITGA9,SDC4
ITGA9,SERPINB4
ITGA9,SHC1
ITGA9,SHC2
ITGA9,SHC3
ITGA9,SMC3
ITGA9,SMOC1
ITGA9,SPRR1B
ITGA9,TLN1
ITGA9,TLN2
ITGA9,TUBA4A
ITGA9,VCL
ITGAD,ITGAM
ITGAD,ITGAX
ITGAD,ITGB1
ITGAE,ITGAM
ITGAE,ITGB1
ITGAE,ITGB2
ITGAE,RNF123
ITGAL,ITGB1
ITGAM,ITGAV
ITGAM,ITGB1
ITGAM,ITGB3
ITGAM,ITGB4
ITGAM,ITGB5
ITGAM,ITGB6
ITGAM,ITGB7
ITGAM,ITGB8
ITGAM,ITGBL1
ITGAM,KCNJ6
ITGAM,KERA
ITGAM,LAMB4
ITGAM,LCK
ITGAM,LIMS1
ITGAM,LIMS2
ITGAM,LMNA
ITGAM,LRP1
ITGAM,MGST3
ITGAM,MICALL1
ITGAM,MMGT1
ITGAM,MMP2
ITGAM,MRM1
ITGAM,NAALADL2
ITGAM,PARVA
ITGAM,PARVB
ITGAM,PGRMC2
ITGAM,PTK2B
ITGAM,RAD21
ITGAM,REEP2
ITGAM,REEP4
ITGAM,SCN3B
ITGAM,SDC1
ITGAM,SDC2
ITGAM,SDC3
ITGAM,SDC4
ITGAM,SHC1
ITGAM,SHC2
ITGAM,SHC3
ITGAM,SLC10A6
ITGAM,SLC35C2
ITGAM,SMC3
ITGAM,SYT2
ITGAM,TLN1
ITGAM,TLN2
ITGAM,TMEM52B
ITGAM,VCL
ITGAV,ITGAX
ITGAV,MET
ITGAV,PVR
ITGAV,STAT1
ITGAX,ITGB1
ITGAX,ITGB3
ITGAX,ITGB4
ITGAX,ITGB6
ITGAX,ITGB7
ITGAX,ITGB8
ITGAX,ITGBL1
ITGAX,KERA
ITGAX,LAMB4
ITGAX,LIMS1
ITGAX,LIMS2
ITGAX,MIA3
ITGAX,MICALL1
ITGAX,PARVA
ITGAX,PARVB
ITGAX,PTK2B
ITGAX,PXN
ITGAX,SDC1
ITGAX,SDC2
ITGAX,SDC3
ITGAX,SDC4
ITGAX,SHC1
ITGAX,SHC2
ITGAX,SHC3
ITGAX,SMC3
ITGAX,SRC
ITGAX,TLN1
ITGAX,TLN2
ITGAX,VCL
ITGB1,ITGB4
ITGB1,ITGB5
ITGB1,ITGB6
ITGB1,ITGB7
ITGB1,ITGB8
ITGB1,KERA
ITGB1,KMT2A
ITGB1,KRAS
ITGB1,LAMP1
ITGB1,LAMTOR5
ITGB1,LCK
ITGB1,LIMS1
ITGB1,LIMS2
ITGB1,LMNA
ITGB1,MICALL1
ITGB1,MNT
ITGB1,MYH2
ITGB1,NCK2
ITGB1,NCKIPSD
ITGB1,NCOR1
ITGB1,NPM1
ITGB1,NPM2
ITGB1,NRAS
ITGB1,NTRK1
ITGB1,P2RY6
ITGB1,PARVA
ITGB1,PARVB
ITGB1,PECAM1
ITGB1,PHLPP1
ITGB1,PI4KA
ITGB1,PICALM
ITGB1,PIH1D1
ITGB1,PIK3R2
ITGB1,PIP5K1C
ITGB1,PLPP3
ITGB1,PPM1H
ITGB1,PRLR
ITGB1,PTPN2
ITGB1,PTPRO
ITGB1,RAB25
ITGB1,RAD18
ITGB1,RFC5
ITGB1,RNF4
ITGB1,RPS6KA1
ITGB1,RTN1
ITGB1,RTN3
ITGB1,SAT1
ITGB1,SCYL3
ITGB1,SDC2
ITGB1,SDC3
ITGB1,SH3BP2
ITGB1,SHARPIN
ITGB1,SHC2
ITGB1,SHC3
ITGB1,SIRPA
ITGB1,SLA
ITGB1,SLC7A6
ITGB1,SLC7A8
ITGB1,SMC3
ITGB1,SNAP25
ITGB1,SNX17
ITGB1,TACC3
ITGB1,TEK
ITGB1,TGFB1I1
ITGB1,TGFBR2
ITGB1,TNS4
ITGB1,TSPAN11
ITGB1,TSPAN15
ITGB1,TSPAN5
ITGB1,TSPAN7
ITGB1,VHL
ITGB1,VIRMA
ITGB1,YAP1
ITGB1,YWHAZ
ITGB2,ITGB4
ITGB2,ITGB5
ITGB2,ITGB6
ITGB2,ITGB7
ITGB2,ITGB8
ITGB2,KERA
ITGB2,KRT31
ITGB2,LAMB4
ITGB2,LIMS1
ITGB2,LIMS2
ITGB2,LRP1
ITGB2,MICALL1
ITGB2,MMP2
ITGB2,MPP3
ITGB2,PARVA
ITGB2,PARVB
ITGB2,PI4KA
ITGB2,PTPRB
ITGB2,SCML1
ITGB2,SDC1
ITGB2,SDC2
ITGB2,SDC3
ITGB2,SDC4
ITGB2,SELP
ITGB2,SHC1
ITGB2,SHC2
ITGB2,SHC3
ITGB2,SMC3
ITGB2,SNAPIN
ITGB2,SVIL
ITGB2,UPK1B
ITGB2,VCL
ITGB2,VNN2
ITGB3,LMNA
ITGB3,PVR
ITGB8,NME4
JAM3,NRAS
JAM3,PKHD1
JAM3,RHOU
JAM3,RNF4
JMJD6,LUC7L3
JMJD6,MLF2
JMJD6,NCL
JMJD6,NFKBIL1
JMJD6,NKAPD1
JMJD6,NKAP
JMJD6,NONO
JMJD6,NUDT21
JMJD6,PABPC1
JMJD6,PABPC4
JMJD6,PAWR
JMJD6,PAXBP1
JMJD6,PIK3R1
JMJD6,PIP4K2A
JMJD6,PPIG
JMJD6,PPIL4
JMJD6,PPM1G
JMJD6,PPP2R5C
JMJD6,PRPF38B
JMJD6,PRPF40A
JMJD6,PSMC1
JMJD6,PSPC1
JMJD6,PUF60
JMJD6,RABL6
JMJD6,RANBP6
JMJD6,RBM14
JMJD6,RBM26
JMJD6,RBM27
JMJD6,RBM39
JMJD6,RBMX2
JMJD6,RNF138
JMJD6,RNPC3
JMJD6,RPS7
JMJD6,SCAF11
JMJD6,SCAF1
JMJD6,SCAF4
JMJD6,SCAF8
JMJD6,SEC23B
JMJD6,SEC24A
JMJD6,SETD2
JMJD6,SFPQ
JMJD6,SFSWAP
JMJD6,SHMT2
JMJD6,SMARCD2
JMJD6,SNRNP70
JMJD6,SRC
JMJD6,SRSF11
JMJD6,STAT1
JMJD6,SWAP70
JMJD6,SYNCRIP
JMJD6,TAF15
JMJD6,TAF1A
JMJD6,TAF7
JMJD6,TFG
JMJD6,TFIP11
JMJD6,TP53
JMJD6,TULP3
JMJD6,U2AF2
JMJD6,U2SURP
JMJD6,UAP1
JMJD6,USP42
JMJD6,VPS26A
JMJD6,WDR33
JMJD6,WDR48
JMJD6,ZC3H4
JMJD6,ZMYM1
JMJD6,ZNF24
JMJD6,ZRSR2P1
JMJD6,ZRSR2
KCNA3,NEDD4L
KCNH1,METTL3
KCNJ15,MTOR
KCNJ2,KCNJ8
KDR,LRP8
KDR,MAPK3
KDR,MYO1C
KDR,NCK2
KDR,NPM1
KDR,PDCD6
KDR,PDCL3
KDR,PKM
KDR,PPM1A
KDR,PPM1B
KDR,RAB5A
KDR,RARA
KDR,S1PR2
KDR,S1PR3
KDR,S1PR5
KDR,STYX
KDR,TNFRSF25
KDR,UBC
KDR,VCL
KEL,SLC2A1
KIAA1549,LGALS4
KIDINS220,TNFRSF1A
KIDINS220,VCAM1
KIR2DL3,WNK1
KIR2DS2,KIR2DS5
KIR3DS1,SERPINB2
KLRC1,NCOA2
KLRC1,NCOA3
KLRC1,NKG7
KLRC1,PLP1
KLRC1,TMEM54
KLRC1,TSPO2
KLRC1,UNC93B1
KLRC1,UPK1B
KLRC1,VTI1B
KLRD1,PIK3CA
KLRD1,PIK3CB
KLRD1,PIK3R2
KLRG1,PTPN11
KREMEN2,LMNA
KRT1,LMNA
KRT1,METTL14
KRT1,METTL3
KRT1,PAPPA
KRT1,TRAF6
KRT1,WTAP
LAIR1,PTPN11
LAMP1,MET
LAMP1,MTOR
LAMP1,PVR
LAMP1,SLC7A5
LAMP1,VPS51
LAMP2,MTOR
LEPR,LIFR
LEPR,MPL
LEPR,NDN
LEPR,OSMR
LEPR,PIK3R1
LEPR,PIK3R2
LEPR,PRLR
LEPR,PTPRC
LEPR,SCGB1D1
LEPR,SRC
LEPR,STAT1
LEPR,STAT2
LEPR,STAT4
LEPR,STAT6
LEPR,TXLNA
LGALS1,LGALS2
LGALS1,LINGO2
LGALS1,LMAN1
LGALS1,MZF1
LGALS1,NLGN3
LGALS1,NPM1
LGALS1,NTRK3
LGALS1,PCBP1
LGALS1,PCBP2
LGALS1,PECAM1
LGALS1,PHB2
LGALS1,PIH1D1
LGALS1,PLIN3
LGALS1,PRKCZ
LGALS1,PSMG1
LGALS1,PTPRA
LGALS1,RAB10
LGALS1,RAB5C
LGALS1,RAC1
LGALS1,RAE1
LGALS1,RARA
LGALS1,RNF4
LGALS1,S1PR2
LGALS1,SERPINH1
LGALS1,SIGLEC7
LGALS1,SMN2
LGALS1,SNRPD1
LGALS1,SNRPD2
LGALS1,SNRPD3
LGALS1,SOD1
LGALS1,STUB1
LGALS1,TALDO1
LGALS1,TFAP2A
LGALS1,TYW3
LGALS1,U2AF2
LGALS1,UBE2N
LGALS1,UQCRFS1
LGALS1,VASN
LGALS1,VIPR2
LGALS1,VPREB1
LGALS1,ZNF131
LGALS3,LIM2
LGALS3,LPAR2
LGALS3,MAP1LC3A
LGALS3,MCPH1
LGALS3,MEFV
LGALS3,MFSD4A
LGALS3,MPZL1
LGALS3,MYL12B
LGALS3,MYO1E
LGALS3,NCR3
LGALS3,P2RY6
LGALS3,PARP1
LGALS3,PCBP2
LGALS3,PCCA
LGALS3,PDHX
LGALS3,PEBP1
LGALS3,PLIN3
LGALS3,POC5
LGALS3,PODXL
LGALS3,PRPF8
LGALS3,PTPRO
LGALS3,RAB7A
LGALS3,RNF167
LGALS3,SERINC1
LGALS3,SLC25A5
LGALS3,SLC3A2
LGALS3,SLC4A2
LGALS3,SMN1
LGALS3,SMN2
LGALS3,SNRPD1
LGALS3,SNRPD2
LGALS3,SNRPD3
LGALS3,SOD1
LGALS3,SPR
LGALS3,SQSTM1
LGALS3,SYPL1
LGALS3,TMEM182
LGALS3,TMEM219
LGALS3,TMEM63A
LGALS3,TMSB10
LGALS3,TRIM16
LGALS3,TRIM17
LGALS3,TRIM22
LGALS3,TRIM23
LGALS3,TRIM49
LGALS3,TRIM5
LGALS3,TRIM6
LGALS3,TSPAN2
LGALS3,TXN
LGALS3,UBE3A
LGALS3,VIM
LGR4,LRP6
LGR4,PDCD1
LGR4,PTK2
LGR4,SLC7A5
LGR5,LRP6
LILRA2,TNFRSF1A
LILRB2,NOTCH1
LPAR1,NEDD4L
LPAR5,RNF123
LPAR6,NFKB1
LPP,SERPINB2
LRP10,SPINT2
LRP1,NME4
LRP1,PTPN11
LRP2,RHOA
LRP2,RNF123
LRP6,MGAT4C
LRP6,NPC1
LRP6,PRSS37
LRP6,PTPRH
LRP6,SCGB1D1
LRP6,SDC1
LRP6,SDC2
LRP6,SDC3
LRP6,SDC4
LRP6,ST8SIA4
LRP6,TENT4A
LRP6,TGIF2LY
LRP6,VIRMA
LRRTM1,PNPLA6
LSR,SPINT2
LTB4R2,PKD1
LTB4R2,SLC2A1
LTK,RASA1
LVRN,SMAD4
LY9,PTPN11
LYPD3,STRN
MAGED1,NOD1
MAGED1,NOTCH1
MAS1,METTL15
MAS1,MTX1
MAS1,NCAPD2
MAS1,NCAPG
MAS1,PDS5A
MAS1,PDS5B
MAS1,PKN3
MAS1,PKP3
MAS1,POTEF
MAS1,PPP6R1
MAS1,RAB3B
MAS1,RELT
MAS1,RETREG3
MAS1,SELENBP1
MAS1,SFXN5
MAS1,SGPP1
MAS1,SLC30A5
MAS1,SLC35G2
MAS1,SLC4A7
MAS1,SLC7A6
MAS1,SPG7
MAS1,TBRG4
MAS1,TMEM11
MAS1,TTK
MAS1,TUBGCP2
MAS1,TYK2
MAS1,VMP1
MAS1,XPO7
MAS1,ZFPL1
MAS1,ZYX
MCC,NFKB1
MCC,SOD2
MCC,STRN
MCFD2,NLRP3
MET,MYC
MET,NF2
MET,PLXNB2
MET,RAF1
MET,RASSF1
MET,RPS27A
MET,S1PR1
MET,SCGB1D1
MET,SFN
MET,SH2B2
MET,SH2D1A
MET,SH2D1B
MET,SH3GL1
MET,SH3GL3
MET,SOCS2
MET,SOCS6
MET,SOS2
MET,STAM2
MET,STAM
MET,STK11
MET,TERT
MET,UBA52
MET,UBB
MET,VIRMA
MET,WASL
MET,YES1
MMP14,PTK2
MMP2,NCOA3
MMP2,PAK4
MMP2,PCOLCE
MMP2,RNF123
MMP2,USP12
MSN,PTMA
MSN,RGS2
MSN,TNFRSF1A
MUC1,THBD
MYLK,NPM1
MYLK,PIK3R1
MYLK,RELA
MYLK,SDR42E2
MYLK,VIRMA
NCAM1,NCSTN
NCAM1,OPCML
NCAM1,PRKCB
NCAM1,REEP1
NCAM1,REEP5
NCAM1,RNF4
NCAM1,SDC1
NCAM1,SPTA1
NCAM1,SPTBN2
NCAM1,ST8SIA3
NCAM1,TARDBP
NCAM1,TUBB
NCAM1,ZNF598
NCL,NRP1
NCL,PTMA
NCL,RNF123
NCL,SETD1A
NCL,SNAI1
NCL,YAP1
NCR1,RNF123
NCR2,RNF123
NCSTN,SLC2A1
NCSTN,SLC7A5
NECTIN3,NLRP3
NFASC,RNF123
NOTCH1,NRAS
NOTCH1,PAQR4
NOTCH1,PARP1
NOTCH1,PIK3CA
NOTCH1,PIK3R2
NOTCH1,PLXND1
NOTCH1,POLR2A
NOTCH1,POU2AF1
NOTCH1,PPP2R1A
NOTCH1,PRPF6
NOTCH1,PTBP3
NOTCH1,RAB4A
NOTCH1,RAB5A
NOTCH1,RFC1
NOTCH1,RFC4
NOTCH1,RFX1
NOTCH1,RHOA
NOTCH1,RNF40
NOTCH1,SART1
NOTCH1,SCAMP2
NOTCH1,SIRT6
NOTCH1,SMAD9
NOTCH1,SMARCA5
NOTCH1,SMCHD1
NOTCH1,SNAI1
NOTCH1,SQSTM1
NOTCH1,STUB1
NOTCH1,SUPT16H
NOTCH1,SUPT6H
NOTCH1,TFDP1
NOTCH1,TFDP2
NOTCH1,TGFBR1
NOTCH1,TLE3
NOTCH1,TNRC6A
NOTCH1,TNRC6B
NOTCH1,TNRC6C
NOTCH1,TRIM25
NOTCH1,TRIM3
NOTCH1,UBB
NOTCH1,UBC
NOTCH1,USP11
NOTCH1,USP12
NOTCH1,VAV1
NOTCH1,VIRMA
NOTCH1,WIZ
NOTCH1,ZBED4
NOTCH3,STAT1
NOTCH3,YBX1
NOTCH4,TP53
NPBWR2,PTPN11
NPFFR2,YWHAB
NPR1,SIRT1
NR1H3,STAT1
NR1H3,STRN
NR1H4,SETD7
NR3C1,SMAD4
NR3C1,TFPI2
NRP1,NSUN2
NRP1,ODF2
NRP1,PLXNB1
NRP1,PYHIN1
NRP1,ROBO1
NRP1,ST8SIA4
NRP1,TMPRSS11B
NRP1,TMX1
NRP1,TNFAIP1
NRP1,UBR1
NRP1,UBR2
NRP1,UBR4
NRP1,VIRMA
NT5E,PCDH7
NT5E,RAB11A
NT5E,RAD18
NT5E,RNF24
NT5E,RNF6
NT5E,SCAMP1
NT5E,SLC30A5
NT5E,SYNJ2BP
NT5E,TMEM177
NT5E,TMEM192
NT5E,TNPO2
NT5E,USP3
NT5E,ZNRF4
NTRK1,PPP1R12A
NTRK1,STRN
OCLN,SETD1A
OR5H6,PAPPA
OXTR,SIRT2
P2RY14,PLAT
P2RY6,PTMA
P4HB,PTPRO
P4HB,SETD1A
P4HB,SOD2
P4HB,USP5
P4HB,YAP1
PARD3,RHOA
PARD3,TP53
PARD3,YAP1
PCDH17,RNF123
PCDHA7,TP53
PCDHB12,RNF123
PCDHB14,RNF123
PCDHB15,RNF123
PCDHB16,PNPLA6
PCDHGC3,PROCR
PDCD1LG2,PTPN11
PDCD1,PNPLA6
PDCD1,POP5
PDCD1,PTPN9
PDCD1,RAB5IF
PDCD1,RHBDF2
PDCD1,ROCK2
PDCD1,RPTOR
PDCD1,RTEL1
PDCD1,RTL8C
PDCD1,SFXN3
PDCD1,SH3BP4
PDCD1,SLC25A15
PDCD1,SLC25A16
PDCD1,SLC25A23
PDCD1,SLC25A28
PDCD1,SLC25A46
PDCD1,SLC25A6
PDCD1,SLC26A6
PDCD1,SMDT1
PDCD1,SOCS1
PDCD1,SPPL3
PDCD1,STAT3
PDCD1,TMEM126B
PDCD1,TMEM184B
PDCD1,TMEM223
PDCD1,TUBGCP4
PDCD1,WDFY3
PDCD1,XPO7
PDCD1,XPR1
PGRMC1,PTPRO
PGR,PIAS2
PGR,SGTA
PGR,SPOP
PGR,SUMO2
PGR,TLE3
PGR,TRPS1
PIK3CB,RASA1
PIK3CB,STAT1
PIK3CB,TRAF6
PILRA,PTPN11
PITPNM3,RNF123
PKD1,PTPRG
PKD1,PTPRS
PKD1,RAB11A
PKD1,RAB11FIP3
PKD1,RAB8A
PKD1,RAP1A
PKD1,RNF123
PKD1,TTC8
PKD1,VIRMA
PKD2,PKD2L2
PKD2,PTGIR
PKD2,PTPRG
PKD2,RAB11A
PKD2,RAB11FIP3
PKD2,RAB3IP
PKD2,RAB8A
PKD2,RHOC
PKD2,TMPRSS12
PKD2,TPTE2
PLD1,RXRA
PLGRKT,SLC7A5
PLXNA4,RNF123
PLXNB2,PTPRO
PLXNB2,RND3
PLXNB3,RNF123
PPARD,STAT1
PPARG,PPM1B
PPARG,PRODH
PPARG,SAT1
PPARG,SELENOK
PPARG,SELENOS
PPARG,SFPQ
PPARG,STMN1
PPARG,STUB1
PPARG,SVIL
PPARG,THRAP3
PPARG,TNIP2
PPARG,TNP1
PPARG,TUBB
PPARG,UBC
PPARG,USP11
PPARG,XRCC5
PPARG,YWHAB
PRLR,STAT1
PRLR,STAT3
PRNP,PTPN11
PRNP,SETD7
PRNP,TPP1
PROCR,PRXL2B
PROCR,PSMD9
PROCR,RAB11B
PROCR,RNF4
PROCR,RPN1
PROCR,RPRD1B
PROCR,RPSA
PROCR,RRBP1
PROCR,RSPRY1
PROCR,SAFB
PROCR,SDC4
PROCR,SDHA
PROCR,SEC13
PROCR,SEC23A
PROCR,SEC23B
PROCR,SEC24C
PROCR,SEH1L
PROCR,SEPHS1
PROCR,SERPINH1
PROCR,SETD1A
PROCR,SET
PROCR,SF1
PROCR,SFPQ
PROCR,SGF29
PROCR,SGTA
PROCR,SH3GL1
PROCR,SH3KBP1
PROCR,SHKBP1
PROCR,SIPA1L3
PROCR,SLBP
PROCR,SMN1
PROCR,SMN2
PROCR,SMTN
PROCR,SNRNP70
PROCR,SNW1
PROCR,SNX9
PROCR,SORBS1
PROCR,SORBS2
PROCR,SPTAN1
PROCR,SPTBN1
PROCR,SQSTM1
PROCR,SRC
PROCR,SRRM2
PROCR,SRRT
PROCR,SSR1
PROCR,STOML2
PROCR,STON2
PROCR,TMEM185A
PROCR,VKORC1
PROCR,ZMYND11
PTCH1,TMPRSS2
PTCH1,YAP1
PTGDR,RYBP
PTGER1,RNF123
PTPN6,RASA1
PTPRF,RHOA
PTPRJ,RASA1
PTPRO,RAB29
PTPRO,RAB34
PTPRO,SDF2L1
PTPRO,SDF2
PTPRO,SDF4
PTPRO,SEC61A2
PTPRO,SEL1L
PTPRO,SELENOF
PTPRO,SIL1
PTPRO,SPCS3
PTPRO,SPTA1
PTPRO,SRPRB
PTPRO,TFRC
PTPRO,TMED10
PTPRO,TMED2
PTPRO,TMX1
PTPRO,TMX4
PTPRO,TXNDC12
PTPRO,UBE2G2
PTPRO,UGGT1
PTPRO,USP4
PTPRO,VCP
PTPRO,VIL1
PTPRO,YTHDF3
PVR,QSOX1
PVR,RAB5B
PVR,RETREG2
PVR,RFC3
PVR,RNF4
PVR,RYK
PVR,STAT3
PVR,TAS2R19
PVR,TRIM25
PVR,UBE2C
PVR,ULBP3
PVR,USP30
PVR,XPO5
PVR,XPO6
PVR,ZC3HAV1
RACK1,RHOA
RACK1,VCAM1
RACK1,YAP1
RACK1,YBX1
RARA,SNAI1
RARA,TXN
RARA,VCAM1
RARA,XPC
RARA,YAP1
RARB,VDR
RARG,YAP1
RASA3,TNFRSF1A
RASA3,TNFRSF1B
RGMA,XIAP
RGMB,XIAP
RIPK1,TLR4
RIPK1,TNFRSF1B
RNF43,TP53
ROBO4,RXRA
ROR2,STOX1
RORA,SIRT1
RORC,STAT3
RPSA,SETD1A
RPSA,SNAI1
RPSA,USP5
RPSA,WDR5
RPSA,XRN1
RPSA,YAP1
RPSA,YBX1
RRBP1,SETD1A
RRBP1,SLC2A1
RRBP1,USP5
RRBP1,WDR5
RRBP1,XRN1
RRBP1,YAP1
RRBP1,YBX1
RXRA,RXRG
RXRA,SFTPB
RXRA,SIN3B
RXRA,SIRT1
RXRA,SLC2A4
RXRA,SLC30A10
RXRA,SLCO1A2
RXRA,SMARCB1
RXRA,SMN2
RXRA,SQSTM1
RXRA,STAT5A
RXRA,TBL1X
RXRA,THRAP3
RXRA,TPM3
RXRA,TRIM25
RXRA,XRCC6
RXRB,TFCP2
RYK,TP53
SCARA3,XIAP
SCARA5,TP53
SCARB2,TPP1
SDC2,XPC
SDC4,SETD1A
SDC4,SLC2A1
SDC4,USP5
SDC4,WDR5
SDC4,XRN1
SDC4,YAP1
SDC4,YBX1
SFRP2,SFRP5
SFRP2,SIRT1
SFRP2,SMAD4
SIGLEC10,TLR8
SIGLEC11,TLR4
SIGLEC5,TLR4
SIGLEC5,TLR8
SIGLEC5,TLR9
SIGLEC6,TLR10
SIGLEC6,TLR3
SIGLEC6,TLR4
SIGLEC6,TLR5
SIGLEC6,TLR8
SIGLEC6,TLR9
SIGLEC7,TLR4
SIGLEC9,TLR4
SIGLEC9,TLR8
SIGLEC9,TLR9
SIRPA,STAT1
SLC16A1,SNAI1
SLC1A5,TNFRSF1A
SLC1A5,TNFRSF1B
SMAD1,TP53
SMAD2,YAP1
SMAD3,STAT3
SORT1,TRAF6
SORT1,XIAP
SORT1,YBX1
SUSD2,TP53
SV2B,YAP1
TGFBR1,YAP1
TGFBR2,YAP1
TGM2,YAP1
THBD,TMEM14B
THBD,TMEM35A
THBS1,WDR5
THBS1,YAP1
TLR8,UNC93B1
TLR9,TMPO
TLR9,TNFAIP3
TLR9,TOLLIP
TLR9,TPRN
TLR9,TRAF3
TLR9,TRIM69
TLR9,UNC45A
TLR9,UPF1
TLR9,XRN1
TNFRSF10D,USP5
TNFRSF1A,TNIP1
TNFRSF1A,TNIP2
TNFRSF1A,TNPO3
TNFRSF1A,TPCN1
TNFRSF1A,TRIM25
TNFRSF1A,TTYH3
TNFRSF1A,TUBA3D
TNFRSF1A,TUBB4A
TNFRSF1A,TUBB
TNFRSF1A,UBC
TNFRSF1A,UCHL1
TNFRSF1A,UTP15
TNFRSF1A,UTP20
TNFRSF1A,UTP6
TNFRSF1A,VANGL1
TNFRSF1A,VANGL2
TNFRSF1A,XIAP
TNFRSF1A,XPOT
TNFRSF1A,XPR1
TNFRSF1A,ZNF101
TNFRSF1A,ZNF865
TNFRSF1B,TRIM37
TNFRSF1B,TUBA3D
TNFRSF1B,TUBB4A
TNFRSF1B,TUBB
TNFRSF1B,UBB
TNFRSF1B,VIM
TNFRSF1B,XPO1
TNFRSF1B,XPOT
TRADD,XIAP
TRAF2,XIAP
TRAF3,WDR5
TRPV6,VDR
VCAM1,VCL
VCAM1,WDFY3
VCAM1,XRCC5
VCAM1,YES1
AQP1,GET1
BMPR2,RUSF1
CD93,RARS1
CNR1,H4C1
CNR1,H4C2
CNR1,H4C3
CNR1,H4C4
CNR1,H4C5
CNR1,H4C6
CNR1,H4C8
CNR1,H4C11
CNR1,H4C12
CNR1,H4C13
CNR1,H4C14
CNR1,H4C15
CNR1,H4-16
EGFR,H3C1
EGFR,H3C3
EGFR,H3C4
EGFR,H3C6
EGFR,H3C8
EGFR,H3C10
EGFR,H3C12
EGFR,H4C1
EGFR,H4C2
EGFR,H4C3
EGFR,H4C4
EGFR,H4C5
EGFR,H4C6
EGFR,H4C8
EGFR,H4C11
EGFR,H4C12
EGFR,H4C13
EGFR,H2AC19
EGFR,H4C14
EGFR,H4C15
EGFR,H4-16
EGFR,PRSS42P
EGFR,LDAF1
ENG,DYNLT4
ERAP1,H3-4
ESR1,FHIP1A
ESR1,H2AB1
ESR1,H2AJ
ESR1,H2AZ2
ESR1,H2AZ1
ESR1,H2BS1
ESR1,H2AC4
ESR1,H2AC6
ESR1,H2AC7
ESR1,H2AC8
ESR1,H2AC14
ESR1,H2BC1
ESR1,H2BC3
ESR1,H2BC9
ESR1,H2BC11
ESR1,H2BC12
ESR1,H2BC13
ESR1,H2BC14
ESR1,H2BC15
ESR1,H2BC17
ESR1,H4C1
ESR1,H4C2
ESR1,H4C3
ESR1,H4C4
ESR1,H4C5
ESR1,H4C6
ESR1,H4C8
ESR1,H4C9
ESR1,H4C11
ESR1,H4C12
ESR1,H4C13
ESR1,H2AC18
ESR1,H2AC19
ESR1,H2BC21
ESR1,H4C14
ESR1,H4C15
ESR1,H2BU1
ESR1,H4-16
ESR1,CRACDL
ESR1,CRACD
ESR1,ELAPOR1
ESR1,RARS1
ESR1,POLR1F
ESR1,VARS1
FAS,GET1
FN1,MACROH2A1
FN1,H2BS1
FN1,H2BC12
FN1,H4C1
FN1,H4C2
FN1,H4C3
FN1,H4C4
FN1,H4C5
FN1,H4C6
FN1,H4C8
FN1,H4C11
FN1,H4C12
FN1,H4C13
FN1,H3C15
FN1,H3C13
FN1,H4C14
FN1,H4C15
FN1,H4-16
ICAM1,CCN5
IL1RAP,MARCHF8
ITGB1,SSPOP
JMJD6,KARS1
PTPRO,PGAP4
NEO1,NET1
UNC5C,NET1
SDC3,EGFR
BMPR2,CD44
TLR9,ELOF1
SMAD2,MFN2
CXCR4,LASP1
TLR9,KRT85
TLR9,KRT82
IGF1R,ERG
TRAF3,IRAK1
ITPR1,BECN1
CCR2,STAT3
TLR7,BCL6
TLR9,PLS1
CXCR4,IRF1
TLR9,ELK1
TLR9,BCL6
ADRB2,COMT
TREM1,TLR4
TLR9,CAPZB
CXCR4,SP1
TLR9,LYAR
MET,FOXC2
TLR9,KRT36
EGFR,BAG1
CXCR4,USF2
CXCR4,MOGS
TLR1,BCL6
CXCR4,SP3
TLR9,CREB1
ROR1,EGFR
TRAF2,BCL6
SMAD2,HMGN3
ST14,CASP8
SMAD2,RASA1
KIT,KDM6B
NR1H4,ESR1
ESR1,DNM1L
CXCR1,CDK1
LAMP1,AIM2
RET,EGFR
P2RX7,ABL1
PTPRO,CBL
FAS,PRR12
ZNRF3,HSPB1
MET,BCAR3
ST14,AKT1
LAMP1,EGFR
LRP2,ABL1
PTPRJ,LEPR
LPP,LASP1
ESR1,EDF1
NTRK2,EGFR
JMJD6,GNA14
MET,MTRR
TRAM1,TRAF6
CAV1,RHO
ESR1,CUL4B
KIT,CDK1
THRB,AMBP
RHO,CASP8
DAG1,CAV1
VDR,MED6
NCAM1,EGFR
PPARG,MSX2
ESR2,EP300
ESR1,TAF1
VDR,NR2E3
SMAD2,KDM6B
IGF1R,ERBB2
SMAD1,FOXO3
VDR,FOXO3
SMO,BCL6
LPAR4,BCL6
TLR9,SRC
FAS,HDAC5
KIT,BAG6
ROBO4,PPARG
FAS,RAD21
FAS,ARRB2
PPARG,KLF4
FAS,CDK2
FAS,SHC1
FAS,AP2M1
RACK1,ANXA2
MET,LSM4
FAS,EMD
TRPV1,EGFR
ESR1,AIFM1
ESR1,RSS
VCAM1,ASNS
VCAM1,MYL1
VCAM1,RSS
VCAM1,CLIC1
VCAM1,CLC
VCAM1,FAS
VCAM1,UBC
VCAM1,EIF3D
VCAM1,DDX5
PKD1,CFTR
ICAM1,ACTN4
ICAM1,EIF3F
ICAM1,DDX3X
ICAM1,EIF3G
TPO,EP300
TRAF2,EP300
RACK1,AGTR1
SMAD2,PPARG
DERL1,CAV1
JMJD6,CAND1
MET,DPP9
JMJD6,DNM1L
JMJD6,RO60
CAV1,ATG12
LGR4,FAS
ALK,ACTN4
FAS,CUL7
NCL,EGFR
LSR,EGFR
RACK1,ESR1
JMJD6,DHX8
NCAM1,HAX1
GNAT2,ACSL4
P2RX4,KCNJ8
PTPRK,ADAM9
ZNRF3,DVL2
NTRK1,EGFR
NTRK1,DKC1
GPC4,ASCC2
NTRK1,EIF3D
NTRK1,MFN2
NTRK1,FADS2
NTRK1,FAS
NTRK1,MET
NTRK1,ACTN4
ESR1,AP2A2
ESR1,E2F6
JAM3,RHO
ERBB3,ANXA2
CAV1,ADCY6
CAV1,ADCY5
CCR5,EGFR
CSPG4,FHOD1
ALK,TRAF6
ESR1,BFAR
C1QBP,BAG6
ESR1,ALG1
CFTR,CSPG4
ANXA6,ANXA2
SDC1,MET
SMAD3,ARNT
MET,CRKL
MET,EPS15
RET,RASA1
VDR,SMAD4
AGTR2,GNA11
VDR,TOP2B
VDR,RELB
TRAF2,E2F1
TRAF2,BAG6
TRAF3,KEAP1
SEC63,KEAP1
LRP6,VMA21
CAV1,VMA21
LRP6,STX5
CAV1,STX5
LRP6,SNX3
CAV1,SNX3
LRP6,HGS
CAV1,HGS
LRP6,OCRL
CAV1,OCRL
LRP6,SCYL2
CAV1,SCYL2
LRP6,EMD
LRP6,GPAT4
CAV1,GPAT4
LRP6,ANK3
CAV1,ANK3
LRP6,UBXN4
LRP6,ESYT2
LRP6,EXOC3
LRP6,SCFD1
LRP6,SPCS3
LRP6,RABL3
LRP6,NSDHL
LRP6,BET1
LRP6,AP3M1
CAV1,AP3M1
LRP6,CLCN7
LRP6,VAMP3
LRP6,EPHB4
LRP6,VPS45
CAV1,DVL1
LRP6,NETO2
CAV1,NETO2
LRP6,COG3
LRP6,BTF3
CAV1,BTF3
LRP6,COPE
LRP6,ROR1
CAV1,ROR1
LRP6,STX16
CAV1,STX16
LRP6,IRS4
LRP6,EMC8
LRP6,UNC5B
CAV1,UNC5B
LRP6,SEC63
CAV1,SEC63
CKAP4,LRP6
MPZL1,LRP6
CD99,LRP6
PTK7,LRP6
PCDH7,LRP6
LSR,LRP6
DLG1,LRP6
DSG2,LRP6
INSR,LRP6
ROR2,LRP6
EFNB1,LRP6
LRP8,LRP6
DSC2,LRP6
CAV1,GORAB
CAV1,DHRS7
CAV1,COPD
CAV1,SMCR8
CAV1,ANO6
CAV1,B9D1
CAV1,WDR20
CAV1,HM13
CAV1,GGA3
CAV1,LIN7C
CAV1,RPF2
CAV1,AP1B1
CAV1,MPZL1
CAV1,EPN2
CAV1,ITM2C
CAV1,FRS2
CAV1,TFG
CAV1,WDR6
CAV1,CD99
CAV1,PTK7
CAV1,SMAP2
CAV1,HIP1
CAV1,MARK2
PCDH7,CAV1
LSR,CAV1
ROR2,CAV1
EFNB1,CAV1
LRP8,CAV1
DSC2,CAV1
PCDH7,VPS51
LSR,VPS51
EFNB1,VPS51
FZD5,VPS51
LRP8,VPS51
DSC2,VPS51
LSR,ALG9
DLG1,ALG9
INSR,ALG9
FZD5,ALG9
LRP8,ALG9
DSC2,ALG9
EFNB1,PANX1
FZD5,PANX1
LRP8,PANX1
DSC2,PANX1
FAS,FKBP5
LYPD3,RYBP
LYPD3,HSPB1
MAGT1,FADS2
EBP,FADS2
CKAP4,FADS2
RACK1,NFKB1
EPHA5,PRDX1
MCC,PRDX2
EPHA5,PRDX2
C1QBP,FADS2
LRP1,EIF3D
ANXA2,TMCO4
ANXA2,SOGA1
ANXA2,TMC4
THY1,TPP1
CNTN1,TPP1
FAS,MYO1C
FAS,FLNB
FAS,WDR6
FAS,CEP97
FAS,POTEE
FAS,MATR3
FAS,DSG2
FAS,CENPJ
FAS,MYO1B
FAS,GNAI1
FAS,SCRIB
FAS,WDR82
FAS,TACC1
FAS,CKAP5
FAS,DHX9
STX3,KEAP1
STX3,NSD1
STX3,DKC1
ANXA1,KEAP1
GPC4,KEAP1
GPC4,DIP2B
GPC4,HACD3
GPC4,CLPB
GPC4,NSUN4
GPC4,STK3
GPC4,CDC45
GPC4,CEP78
GPC4,PLEC
GPC4,SAV1
GPC4,MICU2
GPC4,NBR1
GPC4,TMX1
GPC4,MICU1
GPC4,EPDR1
GPC4,COX11
GPC4,CDC37
GPC4,LAGE3
GPC4,SYP
GPC4,STK4
EGFR,NONO
EGFR,FLNB
EGFR,TAOK2
EGFR,DDX6
ANXA6,EGFR
ITPR3,EGFR
ANXA6,ACTN4
ITPR3,ACTN4
ANXA6,HTRA1
ITPR3,HTRA1
ITPR3,GSTM1
ANXA6,PRDX1
ITPR3,PRDX1
CAV1,UNC5C
CAV1,ISCA1
CAV1,RAB5B
ADCY9,CAV1
PODXL,CAV1
LRP2,CAV1
LRP2,VPS51
LRP2,PANX1
GPC4,PARP1
GPC4,TBP
GPC4,RAI1
GPC4,MCM4
GPC4,SENP3
GPC4,XRCC5
GPC4,MDC1
GPC4,U2AF1
GPC4,CCAR2
GPC4,TCF20
GPC4,NSUN2
GPC4,CTCF
GPC4,SRRM2
GPC4,UBN2
GPC4,RAD50
GPC4,PPM1G
GPC4,RCN2
GPC4,CHD4
GPC4,FOXC1
GPC4,NCOA5
GPC4,BAZ1B
GPC4,SAFB2
GPC4,DDB1
GPC4,NUMA1
GPC4,SATB2
GPC4,XRCC6
GPC4,UCHL1
GPC4,PELP1
GPC4,MCM2
GPC4,ZMYM2
GPC4,H2AW
GPC4,RFX1
GPC4,ZMYM4
GPC4,PHIP
GPC4,MECP2
GPC4,PGK1
GPC4,RBBP7
GPC4,MBD1
GPC4,RREB1
GPC4,DAXX
GPC4,UBN1
GPC4,PARP2
GPC4,TTF2
GPC4,CBX5
GPC4,HUWE1
GPC4,MAP1B
GPC4,RSF1
GPC4,PHF14
GPC4,ATRX
GPC4,C1QBP
GPC4,NR2C2
GPC4,LAS1L
GPC4,TEX10
GPC4,SATB1
SDC1,GPC4
ANXA2,CWC27
MAGT1,FXR1
FAS,MYL6B
FAS,PRKDC
FAS,DDX5
FAS,XRCC5
FAS,AP3D1
FAS,DDX21
FAS,DUX4
ANXA2,VAT1
ANXA2,SUMF2
NRP1,SAP18
GPC4,SAP18
NRP1,RYBP
SDC2,RYBP
BCR,RYBP
GPC4,RYBP
NRP1,CCNL1
GPC4,CCNL1
NRP1,CCNL2
GPC4,CCNL2
NRP1,AUTS2
GPC4,AUTS2
NRP1,DCAF7
GPC4,DCAF7
NRP1,RING1
GPC4,RING1
NRP1,PCGF3
GPC4,PCGF3
BCR,NRP1
GPC4,NRP1
SDC2,WDR5
BCR,WDR5
GPC4,WDR5
GPC4,SRRM1
GPC4,NKAP
GPC4,NOLC1
GPC4,YAF2
GPC4,HAGHL
GPC4,BRD2
GPC4,EIF3B
GPC4,DEK
GPC4,RRP1B
GPC4,BCR
GPC4,COIL
GPC4,PLRG1
GPC4,EIF3J
GPC4,PCGF5
GPC4,FBRS
FAS,AAK1
FAS,CEP72
FAS,NUP62
FAS,PALLD
FAS,CRTC3
FAS,XPO5
FAS,CARF
FAS,STMN1
FAS,ANO3
FAS,WBP2
FAS,CPVL
FAS,LATS1
FAS,BZW2
FAS,DRG1
RXRB,FOXA1
RXRB,STAT1
FLOT1,BAG6
RACK1,BAG6
ABCA7,BAG6
FAS,NUDC
FAS,TFG
FAS,GANAB
FAS,DDX1
FAS,SFPQ
MAGT1,SFXN1
EBP,SFXN1
DSC1,FOXO3
ANXA2,STK4
ESR1,FXR2
ESR1,RBM10
ESR1,VPS41
ESR1,UBR3
ESR1,VMAC
ESR1,COIL
DAB2,ANXA2
CD44,ANXA2
DSG2,ANXA2
MYLK,ANXA2
MYLK,FLOT1
MYLK,FCHO2
MYLK,DAB2
MYLK,HIP1R
MYLK,FLOT2
MYLK,CLC
MYLK,CD44
MYLK,DSG2
MYLK,TOM1
MYLK,MYO1B
MYLK,GNAI1
MYLK,MPRIP
MYLK,INF2
MYLK,LUZP1
MYLK,MISP
MYLK,MYO5C
MYLK,ACTN4
MYLK,SIPA1
MYLK,MYO1E
MYLK,DOCK7
MYLK,PALLD
MYLK,MYO5B
MYLK,SSH2
MYLK,LIMA1
MYLK,RAI14
MYLK,EPS15
MYLK,TPM4
MYLK,ACTN1
MYLK,WDR1
MYLK,AFAP1
MYLK,TPM3
ITPR3,MYLK
FAS,STAG1
FAS,ZFHX4
FAS,UTP20
FAS,UTP6
FAS,COG5
FAS,HDAC2
FAS,RAD50
FAS,RBP2
FAS,SPIDR
FAS,NOVA1
FAS,SMC3
FAS,SNX2
FAS,SATB2
CUL5,PEG10
CUL5,ACTN4
HHIP,DKC1
FAS,EHMT1
FAS,PLOD3
FAS,CHD4
FAS,MTA3
FAS,STK38
FAS,WIZ
FAS,MTA2
FAS,GATA3
FAS,EHMT2
FAS,GNAI2
FAS,RSS
FAS,MYG1
FAS,NUMA1
FAS,ACTN1
TRAM1,FADS2
DERL1,FADS2
FAT1,GANAB
RACK1,XPC
CD59,XIAP
MMP2,SAP18
MMP2,PGAM5
MMP2,CUL1
MMP2,SRRM2
MMP2,AP2B1
MMP2,CLPB
MMP2,PAIP1
MMP2,UCHL5
MMP2,WDR48
MMP2,DHX8
MMP2,WDR20
RRBP1,MOV10
MET,XRN2
MET,ARMC8
MET,AP2M1
MET,AP2B1
ERBB2,GSTT1
MET,GSTT1
ANXA1,GSTT1
MET,NELL1
MET,SUSD1
MET,HSPB1
MET,AP1B1
MET,ANO5
MET,AP2A1
MET,SFPQ
ANXA1,MET
BCR,XRN1
ANXA2,FOSL1
ANXA2,ETV3
ANXA2,QPCTL
ANXA2,ADNP
CKAP4,ANXA2
CAV1,TROAP
CAV1,CRTC2
CAV1,FCHO2
CAV1,DAB2
CAV1,HIP1R
CAV1,HELZ
CAV1,EDC3
CAV1,VTI1B
XPR1,CAV1
ANXA1,MUS81
CAV1,MLEC
DYSF,MTOR
DYSF,BAG6
DYSF,DKC1
DYSF,ACSL4
STX3,WNK1
STX3,PRDX1
FAS,CTBP2
FAS,MECP2
FAS,PBX2
FAS,XPO7
FAS,PUM1
FAS,WAPL
FAS,DLX5
MET,RCN3
MET,CMC2
MET,NUP93
MET,RBM5
MET,PPIL4
MET,BRCA2
MET,UBR5
MET,MED24
MET,SF3B1
MET,FKBP8
MET,RBM10
MET,TECR
MET,NCL
CKAP4,MET
CAV1,PEX14
CAV1,COX6C
CAV1,NANP
CAV1,ZFPL1
CAV1,EIF3K
CAV1,ZMYM1
CAV1,PARD3
CAV1,TTC1
CAV1,VAPB
ROBO2,CAV1
ITPR1,ACTN4
SDC1,MOV10
SDC1,DKC1
CSPG4,APTX
RET,CSPG4
ABCA7,CSPG4
RET,XIAP
ABCA7,XIAP
TRADD,PRDX1
ANXA2,PKP2
ANXA2,MGST1
ANXA1,XRN1
ANXA2,CAT
FAS,SNX27
FAS,NCK1
FAS,NCK2
CADM1,DKC1
JMJD6,CCNT2
JMJD6,CCNT1
CXCR4,LMNB1
CXCR4,RPN1
CXCR4,HMMR
CXCR4,ABCD3
CXCR4,TMCO1
CXCR4,APOL2
CXCR4,VDAC2
CXCR4,OASL
CKAP4,CXCR4
FAS,PKP2
FAS,ADNP
FAS,CMC2
FAS,SRRM2
FAS,LMNB1
FAS,LIMS1
FAS,RCN2
FAT1,FAS
RRBP1,PARK7
FAS,CRKL
FAS,CSDE1
FAS,CSRP2
FAS,NUP93
FAS,API5
FAS,CBS
FAS,CAND1
FAS,AGK
FAS,TLN1
FAS,FUBP1
FAS,BPNT1
FAS,FKBP3
FAS,CCNB1
FAS,ARF4
FAS,PDCD5
FAS,NSUN2
FAS,MCM6
FAS,COPD
FAS,IDH3B
FAS,RCC2
FAS,PPM1G
FAS,LBR
FAS,ERP29
CKAP4,BAG6
FAS,ELOC
FAS,PSMF1
FAS,ILKAP
FAS,SYAP1
FAS,ACLY
ANXA1,KCMF1
CKAP4,XPC
NCL,WDR5
SMAP1,WDR5
C1QBP,FOXO3
LSR,FOXO3
LSR,HDAC4
CAV1,XPOT
CAV1,CBLB
EFNB1,STAT3
EFNB1,HSPB1
EFNB1,CDK1
FAS,MED14
FAS,RBM28
FAS,BRPF1
FAS,NOL7
MPZL1,ACTN4
MPZL1,DOCK1
BCR,DKC1
ESR2,ACTN4
PIGR,EZH2
HMMR,CAV1
ABCA7,ZEB1
RACK1,MUS81
TGM2,ACTN4
OR5H6,HBB
HMMR,SETD7
MAGT1,PRDX4
GRM1,PRDX4
ROBO1,FOXM1
PARD3,FOXM1
ROBO2,FOXM1
CAV1,RBM5
CAV1,RC3H2
CAV1,PPIL4
CAV1,EMC4
CAV1,MED24
CAV1,DEK
CAV1,SF3B1
CAV1,BRWD1
CAV1,RBM10
BMPR2,ARMC2
BMPR2,MYO1C
BMPR2,NAA15
BMPR2,MCM4
BMPR2,DRC7
BMPR2,TPM4
LSR,DKC1
FAS,ZBTB4
FAS,SACS
FAS,CENPE
FAS,CPSF6
S1PR5,FAS
CSPG4,EHMT1
CSPG4,WIZ
FAS,TDRD9
FAS,MISP
FAS,OFD1
FAS,HERC4
FAS,SVIL
FAS,SYNPO
FAS,CLC
STX3,SFXN1
STX3,ACTN4
MET,MTMR6
MET,STK24
MET,TBCE
FAS,MYH10
FAS,SF3B1
MET,DNMT1
MET,TASOR
MET,WDR33
MET,DCAF7
MET,YLPM1
MET,NUP98
MET,BCOR
MET,NUP85
SMAD3,NFKB1
SMAD2,NFKB1
ANXA1,BAG6
ANXA1,TPP1
LIFR,KEAP1
OSMR,KEAP1
OSMR,HSPB1
FAS,TBR1
FAS,KRT35
FAS,MYLK2
FAS,DDX17
FAS,RARB
FAS,PRDX3
FAS,ACTN4
FAS,SEMG1
FAS,KRT37
FAS,MYH14
FAS,COPG2
FAS,PCAT1
ESR1,PCAT1
FAS,GALK1
RACK1,EGFR
PARD3,HDAC4
FAS,POTEF
FAS,DCAF7
FAS,XRN1
FAS,DDB1
EGFR,MEA1
FAS,RBBP7
FAS,PARVB
FAS,CDIPT
FAS,HAUS5
FAS,ILVBL
FAS,FANCI
FAS,TRABD
FAS,CNNM3
FAS,LIMS2
MET,EPHA3
FAS,DLG1
FAS,MAP7
ANXA2,PLPP2
ANXA2,ELP6
RRBP1,ANXA2
AGR2,VPS51
ANXA6,VPS51
RRBP1,VPS51
ANXA2,SHC2
ANXA2,PDK3
MYLK,PDK3
FAS,PDK3
SMAD2,ANXA2
CAP1,ANXA2
C1QBP,ANXA2
CRLF3,ANXA2
LRP5,ANXA2
FAS,ANXA2
SMAP1,ANXA2
CUL5,ANXA2
MAGT1,ANXA2
HMMR,ANXA2
MYLK,CMC2
MYLK,SYK
MYLK,LARP4
FAS,LARP4
MYLK,MSI1
FAS,MSI1
MYLK,ELOB
FAS,ELOB
MYLK,SF3A3
FAS,SF3A3
MYLK,NOC3L
FAS,NOC3L
MYLK,FXR2
FAS,FXR2
MYLK,XRCC5
MYLK,DDX5
MYLK,DHX37
FAS,DHX37
MYLK,NMD3
FAS,NMD3
MYLK,VAPB
FAS,VAPB
MYLK,SRSF6
FAS,SRSF6
MYLK,EIF3L
FAS,EIF3L
MYLK,SGPL1
FAS,SGPL1
MYLK,NOP56
FAS,NOP56
MYLK,DES
FAS,DES
MYLK,SMAD2
FAS,SMAD2
MYLK,MGST2
FAS,MGST2
MYLK,NAA50
FAS,NAA50
MYLK,ALDH2
FAS,ALDH2
MYLK,SF3B4
FAS,SF3B4
MYLK,TBR1
MYLK,WDR82
MYLK,NUDC
MYLK,CAP1
MYLK,RO60
FAS,RO60
MYLK,SCFD1
FAS,SCFD1
MYLK,MTA1
MYLK,PA2G4
MYLK,MCM7
MYLK,RPN2
MYLK,SMC4
MYLK,DHX16
FAS,DHX16
MYLK,PHF6
FAS,PHF6
MYLK,SRSF1
MYLK,DDX49
FAS,DDX49
MYLK,LSM12
FAS,LSM12
MYLK,LARP7
FAS,LARP7
MYLK,XRN2
FAS,XRN2
MYLK,VN1R5
FAS,VN1R5
MYLK,HACD3
FAS,HACD3
MYLK,CMC1
FAS,CMC1
MYLK,AP3M1
FAS,AP3M1
MYLK,PELO
FAS,PELO
MYLK,G3BP2
FAS,G3BP2
MYLK,PRDX6
MYLK,PGK1
MYLK,THOC2
FAS,THOC2
MYLK,CPNE2
FAS,CPNE2
MYLK,IMP3
FAS,IMP3
MYLK,CPSF7
FAS,CPSF7
MYLK,APEX1
MYLK,RACK1
FAS,RACK1
MYLK,DHX30
MYLK,DKC1
C1QBP,DKC1
CRLF3,DKC1
CKAP4,DKC1
LRP5,DKC1
FAS,DKC1
SMAP1,DKC1
CUL5,DKC1
MAGT1,DKC1
RRBP1,DKC1
HMMR,DKC1
MYLK,CPSF6
MYLK,SF3B3
MYLK,MAP1B
FAS,MAP1B
MYLK,DRG1
C1QBP,MYLK
CRLF3,MYLK
CKAP4,MYLK
LRP5,MYLK
FAS,MYLK
SMAP1,MYLK
CUL5,MYLK
MAGT1,MYLK
RRBP1,MYLK
HMMR,MYLK
FAS,LARP1
FAS,SRP68
FAS,PRPS1
FAS,ERI3
FAS,CSN2
FAS,EIF3C
FAS,ATF3
FAS,C1QBP
FAS,DCTN1
FAS,NOP2
FAS,ILF2
FAS,CDK12
FAS,CREB5
FAS,SRP72
FAS,PUF60
CRLF3,EIF3D
CKAP4,EIF3D
LRP5,EIF3D
FAS,EIF3D
SMAP1,EIF3D
CUL5,EIF3D
MAGT1,EIF3D
RRBP1,EIF3D
HMMR,EIF3D
FAS,NCBP1
FAS,SRSF7
FAS,LUC7L
FAS,PTCD3
FAS,FAHD1
FAS,SRSF5
FAS,RRP1
FAS,DDX54
FAS,CRLF3
FAS,ACTB
FAS,SYNC
FAS,NMT1
FAS,HAT1
FAS,RBM39
LRP5,MOV10
FAS,MOV10
SMAP1,MOV10
HMMR,MOV10
CKAP4,WDR5
LRP5,WDR5
FAS,WDR5
CUL5,WDR5
MAGT1,WDR5
FAS,DDX6
FAS,PSPC1
FAS,UFM1
FAS,SRRT
FAS,COX2
FAS,TPM1
FAS,DCAF6
FAS,NOP58
FAS,FMR1
FAS,COPB2
FAS,RRP12
FAS,MCM3
FAS,TSR1
FAS,XPOT
FAS,TBL2
FAS,GRWD1
FAS,AP2B1
FAS,MYH11
FAS,NAT10
FAS,ABCF1
FAS,ZYX
FAS,ARSJ
FAS,PSMD4
FAS,EIF3B
FAS,MYL6
FAS,TBL3
FAS,RBM4B
FAS,WDR18
FAS,DHX8
FAS,PSMD6
FAS,DDX52
FAS,SNX1
CKAP4,DNMT1
LRP5,DNMT1
FAS,DNMT1
SMAP1,DNMT1
CUL5,DNMT1
MAGT1,DNMT1
RRBP1,DNMT1
HMMR,DNMT1
FAS,PPIB
FAS,GTF2I
FAS,MRE11
FAS,FHOD1
FAS,CIRBP
FAS,RPF2
FAS,KRR1
FAS,PLRG1
FAS,SRBD1
LRP5,PRDX1
SMAP1,PRDX1
MAGT1,PRDX1
RRBP1,PRDX1
HMMR,PRDX1
LRP5,SFXN1
CUL5,SFXN1
RRBP1,SFXN1
HMMR,SFXN1
LRP5,PRDX2
SMAP1,PRDX2
CUL5,PRDX2
MAGT1,PRDX2
RRBP1,PRDX2
HMMR,PRDX2
FAS,GTSE1
FAS,DDX20
FAS,SYNE2
FAS,IPO8
FAS,TMCO1
FAS,EXD2
FAS,ECH1
FAS,STIM1
FAS,PSME4
FAS,AP1B1
FAS,PTBP2
FAS,STON2
FAS,HSDL2
FAS,WDR3
FAS,GYS1
FAS,PLK1
FAS,LYAR
FAS,DHX15
FAS,CNOT1
FAS,RFC4
FAS,RFC1
FAS,RBM14
FAS,DDX46
FAS,DDX18
FAS,GNL3
FAS,KRI1
FAS,NOM1
FAS,SRSF2
FAS,CDC42
FAS,BRCA1
FAS,NBR1
FAS,DDX23
FAS,RFC3
FAS,ATF2
FAS,KIFC1
FAS,ISOC1
FAS,DDX31
FAS,PYM1
FAS,NXF1
FAS,DDX24
LRP5,FUS
SMAP1,FUS
MAGT1,FUS
RRBP1,FUS
HMMR,FUS
FAS,GYS2
FAS,PHAX
FAS,LRP5
FAS,NOC4L
FAS,TES
FAS,SND1
FAS,VASP
FAS,DDX56
FAS,SF3B2
SMAP1,XRN1
CUL5,XRN1
MAGT1,XRN1
HMMR,XRN1
FAS,SRPK1
FAS,SRSF4
FAS,NRDC
FAS,PSMD3
SMAP1,FAS
CUL5,FAS
MAGT1,FAS
RRBP1,FAS
HMMR,FAS
CUL5,FXR1
RRBP1,FXR1
HMMR,FXR1
CUL5,TFCP2
MAGT1,TFCP2
RRBP1,TFCP2
HMMR,TFCP2
RRBP1,GPX4
CXCR4,MLEC
CAV1,ASTE1
CXCR4,ASTE1
CXCR4,ACBD5
CAV1,ITSN2
CXCR4,ITSN2
CAV1,PDCD6
CXCR4,PDCD6
CXCR4,RAB5C
CXCR4,VAPB
CXCR4,ABCG2
CXCR4,DSG2
CAV1,UBAC2
CXCR4,UBAC2
ANXA1,CAV1
LIFR,CAV1
LRP10,CAV1
DDR2,CAV1
C1QBP,CAV1
CXCR4,LBR
LIFR,CXCR4
LRP10,CXCR4
PCDH7,CXCR4
DDR2,CXCR4
C1QBP,CXCR4
XPR1,CXCR4
CKAP4,HTRA1
LIFR,HTRA1
PCDH7,HTRA1
DDR2,HTRA1
C1QBP,HTRA1
XPR1,HTRA1
CAV1,VAT1
CAV1,BSDC1
CAV1,TEX2
CAV1,TMF1
EPHA7,CAV1
EPHA7,ALG9
FAS,RBM45
FAS,LUZP1
FAS,MTUS1
FAS,HSPB8
FAS,ZGRF1
FAS,DDX51
FAS,DGCR8
FAS,NOLC1
FAS,PNMA3
FAS,ANKS6
FAS,PRR3
FAS,IRAK4
FAS,TRIP4
FAS,EIF3I
ANXA1,FAS
GPC4,TROAP
GPC4,NDC80
GPC4,HAUS4
GPC4,MED4
GPC4,CSPP1
GPC4,HAUS1
GPC4,CEP55
GPC4,TCHP
GPC4,CCNB1
GPC4,NOP58
GPC4,HAUS2
GPC4,SPAG5
GPC4,SPC24
GPC4,TOP2B
GPC4,CENPJ
GPC4,TEX9
GPC4,MCTS1
GPC4,NEDD1
GPC4,LUZP1
GPC4,CEP95
GPC4,HAUS5
GPC4,RBM15
GPC4,MAP1S
GPC4,MAP7
GPC4,HAUS6
GPC4,C2CD3
GPC4,MAP9
GPC4,SKA3
GPC4,RALY
GPC4,TXLNG
GPC4,TPGS1
GPC4,KIF14
GPC4,MTUS1
GPC4,CEP72
GPC4,TRA2B
GPC4,SMG7
GPC4,CKAP2
GPC4,OFD1
GPC4,LTV1
GPC4,NOL10
GPC4,HAUS8
GPC4,PIBF1
GPC4,IPO7
GPC4,RPF2
GPC4,SKA2
GPC4,SKA1
GPC4,GTSE1
GPC4,RFC5
GPC4,SSRP1
GPC4,RBMX
GPC4,IPO8
GPC4,HMMR
GPC4,HAUS7
GPC4,IPO4
GPC4,BTF3
GPC4,HAUS3
GPC4,ECH1
GPC4,RAB35
GPC4,DCLK1
GPC4,HMGN1
GPC4,KIF7
GPC4,SRP72
GPC4,CEP44
GPC4,DDX54
RACK1,PEG10
C1QBP,PEG10
EBP,HDAC2
CD44,ANXA5
CAP1,ANXA5
MCC,MOV10
DSC1,KEAP1
DSC1,HSPB1
DSG1,XIAP
EGFR,BRAF
ICAM1,LAT2
VDR,MED17
VDR,MED26
FN1,AOPEP
FN1,SGCB
FN1,TRPM5
NR1I2,PROCR
FN1,MMP19
FN1,XPNPEP1
CD93,SNU13
FN1,MITF
HSPA5,PPP1R3A
FN1,UBA7
FN1,CARD14
FN1,NEAT1
FN1,ATP8A2
FN1,PITX2
FN1,RSC1A1
FN1,OPA6
FN1,PSPHP1
FN1,CFB
HSPA5,NEAT1
PROCR,FYTTD1
P2RY14,ATM
ATP6AP2,C6orf58
ATP6AP2,RERE
TFRC,NEAT1
NR3C1,IL1R1
KLRC1,KLRC3
KLRC4,KLRC1
KLRC2,KLRC1
ATP6AP2,SLC31A2
ATP6AP2,SCYL3
ATP6AP2,SLC3A2
ATP6AP2,MCAM
ATP6AP2,STAM
ATP6AP2,WDR77
GRIK4,ATP6AP2
NR3C2,HIF1A
ATP6AP2,FDXR
ATP6AP2,MBOAT7
ATP6AP2,HSPA5
ATP6AP2,DDOST
ATP6AP2,ARL6IP5
ATP6AP2,P4HB
ATP6AP2,NUS1P3
ATP6AP2,BNIP1
ITGAM,DCDC2
ITGAM,U2SURP
ITGAM,RBM17
ITGAM,PRPF31
ITGAM,EIF3A
ATP6AP2,NUP35
ATP6AP2,MTDH
ATP6AP2,GOLT1B
ATP6AP2,RASAL2
ATP6AP2,CEMIP2
ATP6AP2,TENM3
ITGAM,CCDC59
ITGAM,GTPBP4
ITGAM,HADHB
ITGAM,CSNK2B
ITGAM,BCAS2
FN1,P4HB
IL3RA,TP53BP2
IL3RA,NME7
IL3RA,TJP2
ATP6AP2,POLR2A
ATP6AP2,SREBF1
ATP6AP2,SARDH
ATP6AP2,SLC37A4
ATP6AP2,SLC30A7
ATP6AP2,UGT8
CD247,PPP1R3A
IL3RA,CEP20
IL3RA,RASAL2
IL3RA,PPP1R13B
IL3RA,POLR2A
IL3RA,RERE
IL3RA,TP53
TFRC,HNRNPK
IL3RA,KNSTRN
IL3RA,TRAF3IP1
IL3RA,GNAO1
MCHR2,HNRNPK
CD93,STUB1
FN1,IFNG-AS1
FN1,MICOS13
FN1,MID2
FN1,FDX1
FN1,DNTT
ITGAM,SAFB
ITGAM,MGAM
ITGAM,SNRPD1
ITGAM,XAB2
ITGAM,SNRPD3
ITGAM,SNRPD2
ITGAM,RBM8A
ITGAM,OPA6
CD1A,HNRNPK
IL3RA,INTS9
IL3RA,APC
ITGAM,B3GALT4
ITGAM,LCMT2
NFASC,HNRNPK
P4HB,HNRNPK
CD1A,PPP1R3A
TFRC,PPP1R3A
P4HB,PPP1R3A
CD1A,PPP1R12A
TFRC,PPP1R12A
P4HB,PPP1R12A
P4HB,TP53
IL3RA,KNL1
ATP6AP2,F11R
ATP6AP2,COPB1
FN1,VPS45
CTLA4,CD8A
IL1R2,IL1R1
TLR5,TP53
TLR6,TP53
TLR9,CEBPA
TLR2,TP53
ERAP1,ARFGEF2
ESR1,ELAVL1
JMJD6,PIAS2
IGF1R,SLC2A1
PTPRJ,PPP1R12A
CD177,SLC2A1
RACK1,BAK1
EGFR,TBXT
KIT,TP53
ESR1,CENPU
CAV1,NR1I2
KIT,BAK1
ESR1,BAK1
ESR1,TBXT
MET,POLR2L
VDR,RB1
RYR2,PPP1R3A
VDR,POLR2A
PPARG,GTF3A
VDR,PPP1R3A
DAG1,NEAT1
PPARG,BAAT
CAV1,PPA1
ESR1,OPA6
ESR1,PPA1
ESR1,RSC1A1
BMPR2,PPP1R3A
FXYD6,PPP1R3A
SFRP1,PPP1R3A
VCAM1,HNRNPC
VCAM1,OPA6
ICAM1,CLIC4
ICAM1,OPA6
ICAM1,DCDC2
ICAM1,REG1CP
ICAM1,PITX2
TRAF3,PPP1R3A
KCND2,SLC2A1
AGTR1,CNGA1
PPARG,IKBKB
EGFR,ERF
EGFR,TRX-CAT1-2
EGFR,ATP8A2
C1QB,ATM
AGTR1,ATM
IGF1R,FDPS
NTRK1,ATM
NTRK1,NEAT1
STX3,NEAT1
LRP1,NEAT1
RACK1,NEAT1
ASGR1,EIF2AK2
KCND1,SLC2A1
LRP6,SLC31A2
CAV1,SLC31A2
LRP6,SCYL3
CAV1,SCYL3
LRP6,SLC3A2
LRP6,MCAM
LRP6,SRPRA
LRP6,STAM
LRP6,WDR77
ROR1,ATP6AP2
MPZL1,ATP6AP2
PTK7,ATP6AP2
PCDH7,ATP6AP2
LSR,ATP6AP2
FZD5,ATP6AP2
LRP8,ATP6AP2
DSC2,ATP6AP2
CAV1,ACBD3
CAV1,CYP51A1
CAV1,LCA10
FZD5,NSD1
LRP8,NSD1
DSC2,NSD1
FAS,GIGYF2
FAS,TOMM34
EPHA5,HIF1A
ANXA6,ITGAM
SEC63,TP53
ANXA2,FTSJ3
FAS,ELAVL1
FAS,VBP1
FAS,OPA6
GPC4,HADHB
GPC4,NFASC
GPC4,SARS2
GPC4,RAD54L2
GPC4,EPPK1
ANXA2,NOL3
EGFR,NOL3
ANXA6,HNRNPK
ITPR3,HNRNPK
ANXA6,PPP1R12A
CAV1,RASAL2
LRP2,ATP6AP2
GPC4,SAFB
GPC4,KCNJ4
GPC4,DCAF1
GPC4,CLIC4
GPC4,ZNF215
GPC4,GTPBP4
GPC4,CROT
GPC4,ATP6V1B2
GPC4,SUPT5H
GPC4,H1-10
GPC4,ZNF214
GPC4,GTF3A
GPC4,CARD16
EGFR,BLOC1S1
FAS,ACTG1
FAS,CAVIN1
NRP1,PRPF19
GPC4,PRPF19
NRP1,CCDC59
GPC4,CCDC59
NRP1,GTPBP4
NRP1,HADHB
NRP1,CSNK2B
GPC4,CSNK2B
GPC4,BCAS2
GPC4,CD1A
FAS,RAD51D
FAS,KNSTRN
FAS,RNF40
FAS,N6AMT1
FAS,PATJ
FAS,PALS1
RXRB,ITGAM
FAS,ATP8A2
FAS,TAF15
FAS,CDSN
FAS,CLIC4
FAS,GFM1
ESR1,CHPT1
ESR1,CDSN
MYLK,ACTG1
MYLK,DENND2B
MYLK,CPSF4
MYLK,RERE
MYLK,CLINT1
MYLK,MANF
MYLK,SPTBN1
MYLK,TJP2
MYLK,PPP1R3A
ITPR3,PPP1R3A
MYLK,MYO5A
MYLK,SPECC1
ITPR3,ADAM12
FAS,TOMM40
FAS,HK2
FAS,ECPAS
FAS,DHFR
FAS,KDM1A
MMP2,CLINT1
RRBP1,TP53
MET,SLC3A2
MET,ATP8A2
MET,HSPA5
MET,ORC3
MET,H1-10
BCR,IL3RA
CAV1,RAD51D
ANXA2,U2SURP
CAV1,CHPT1
ABCA7,HNRNPK
DYSF,HNRNPK
FAS,UQCRC1
FAS,TIMM8B
MET,RBM17
MET,TOMM22
MET,EIF3A
ESR1,PCLAF
ESR1,ABCC5
ITPR1,PPP1R3A
ITPR1,PPP1R12A
RACK1,PPP1R3A
SDC1,PPP1R3A
EGFR,PITX2
CXCR4,ATP5ME
CXCR4,ATP5PO
CXCR4,ATP8A2
FAS,TOMM22
FAS,ATP5MK
FAS,RRM1
FAS,UQCRC2
FAS,SELENOK
FAS,ACAA1
FAS,HSD17B10
FAS,UQCRH
FAS,SGTA
FAS,TPT1
FAS,ACAT1
EPHA2,HNRNPK
CKAP4,HNRNPK
ERBB2,HNRNPK
EFNB1,HNRNPK
FAS,DECR1
LRP6,FBXW11
CAV1,B3GALT4
CAV1,COX4I1
CAV1,RBM17
BMPR2,LEMD3
BMPR2,PPIAP11
DCLK3,BAK1
LSR,PPP1R12A
FAS,SAFB
S1PR5,HNRNPK
FAS,HNRNPR
CSPG4,CDYL
CSPG4,TCTN3
CSPG4,UBQLN2
FAS,CLINT1
FAS,MAU2
MET,LEMD3
FAS,PPP6R1
FAS,POLR2B
FAS,RHOT2
FAS,RHOT1
FAS,PFDN5
MYLK,U2SURP
FAS,U2SURP
MYLK,ATP5PO
FAS,ATP5PO
MYLK,SNRPD1
FAS,SNRPD1
MYLK,EIF3A
MYLK,TRX-CAT1-2
FAS,TRX-CAT1-2
MYLK,SLC3A2
FAS,SLC3A2
MYLK,GTPBP4
FAS,GTPBP4
MYLK,BLOC1S1
FAS,BLOC1S1
MYLK,SNRPD2
MYLK,CARD14
FAS,CARD14
MYLK,RORC
FAS,RORC
MYLK,PRPF31
FAS,PRPF31
MYLK,SRPRA
FAS,SRPRA
MYLK,EEF1G
FAS,EEF1G
MYLK,MASP1
RACK1,HNRNPK
MYLK,HNRNPK
CRLF3,HNRNPK
LRP5,HNRNPK
SMAP1,HNRNPK
MAGT1,HNRNPK
RRBP1,HNRNPK
HMMR,HNRNPK
MYLK,NFASC
FAS,NFASC
MYLK,EEF1D
C1QBP,PPP1R3A
CRLF3,PPP1R3A
CKAP4,PPP1R3A
LRP5,PPP1R3A
FAS,PPP1R3A
SMAP1,PPP1R3A
CUL5,PPP1R3A
MAGT1,PPP1R3A
RRBP1,PPP1R3A
HMMR,PPP1R3A
MYLK,ALYREF
MYLK,DIS3
FAS,DIS3
MYLK,MTDH
FAS,MTDH
C1QBP,PPP1R12A
CRLF3,PPP1R12A
CKAP4,PPP1R12A
LRP5,PPP1R12A
FAS,PPP1R12A
SMAP1,PPP1R12A
CUL5,PPP1R12A
MAGT1,PPP1R12A
RRBP1,PPP1R12A
HMMR,PPP1R12A
MYLK,ADAR
FAS,TRMT61A
FAS,CHAF1A
FAS,RPL14
FAS,MCAT
FAS,POLDIP3
FAS,PDCD11
FAS,WDR45B
FAS,COPS4
FAS,GTF2H1
FAS,GLDC
FAS,PLAG1
FAS,H1-0
FAS,H1-10
FAS,DCDC2
FAS,MTPAP
FAS,AKAP13
FAS,ATP6V1B1
FAS,GOLGB1
FAS,FBXO22
FAS,UBE2M
FAS,SARS2
FAS,IKBIP
FAS,H2AC18
FAS,TOMM20
FAS,CSNK2B
FAS,ERF
FAS,NAPSA
FAS,ELANE
FAS,TRIP12
FAS,TRMT1L
FAS,TRG
CAV1,ALDH18A1
CXCR4,ALDH18A1
CXCR4,COX4I1
CAV1,UQCRC2
CXCR4,UQCRC2
CAV1,ATP5PF
CXCR4,MBOAT7
CXCR4,UQCRC1
EPHA7,ATP6AP2
FAS,MLST8
FAS,APOBEC3H
GPC4,KNSTRN
GPC4,SSX2IP
GPC4,TBXT
GPC4,TP53
GPC4,KIF2A
GPC4,MPHOSPH9
GPC4,BANF1
GPC4,RAB2A
GPC4,CHAMP1
EGFR,GTF3A
FAS,TRAPPC6B
CR1,CFTR
CD1C,CTLA4
KCNQ1,PPP1R3A
DSC3,NET1
ITGAM,CCND3
CFTR,STAT1
CFTR,FOXO3
CCKBR,ABL1
CFTR,VDR
IL3RA,HSPB1
ITGAM,KAT7
ITGAM,EIF3F
PGRMC1,STAT3
ITGAM,RNPS1
ITGAM,URM1
NFASC,NR4A2
GRIK1,CXCR4
CTLA4,UBTD1
ITGAM,CDK7
CD1A,CASP3
ITGAM,CASP1
ITGAM,CASP8
CD1A,CASP8
ITGAM,CASP3
GLRA2,BMPR2
AGTRAP,AGTR2
ITGAM,MEPCE
ITGAM,CDC37
ITGAM,VDR
CD46,ACSL4
ITGAM,ESR1
ITGAM,AP3D1
IL3RA,ZPR1
FN1,BAG2
FN1,SYNC
FN1,AP2A2
FN1,COPE
FN1,PC
FN1,MRT4
FN1,RSS
FN1,CLIC1
FN1,CLC
FN1,BUB3
FN1,FAS
FN1,EIF3D
FN1,DDX3X
CFTR,EP300
CD93,BAG6
ITGAM,AP2M1
ITGAM,TPPP
CD93,BAG4
CD46,EGFR
PROCR,CD27
AGTR1,NPDC1
P2RY12,CAV1
ITGAM,NTRK1
IL3RA,PCM1
IL3RA,XPO1
ATP6AP2,RHO
ITGAM,KMT2E
FN1,ABL1
CD93,AHSA1
ATP6AP2,STX5
ATP6AP2,SNX3
ATP6AP2,HGS
ATP6AP2,OCRL
ATP6AP2,SCYL2
ATP6AP2,GPAT4
ATP6AP2,ANK3
ATP6AP2,UBXN4
ATP6AP2,EXOC3
ATP6AP2,BET1
ATP6AP2,AP3M1
ATP6AP2,VAMP3
ATP6AP2,EPHB4
ATP6AP2,VPS45
ATP6AP2,DVL1
ATP6AP2,NETO2
ATP6AP2,COG3
ATP6AP2,EPN1
ATP6AP2,BTF3
TFRC,LRP6
IGF2R,LRP6
IGF2R,CAV1
IGF2R,PANX1
NR3C2,ARNT
NR3C2,CPEB4
NR3C2,YAP1
ATP6AP2,MLEC
ATP6AP2,PIGS
ATP6AP2,TMTC3
ATP6AP2,PRAF2
ATP6AP2,CERS1
ATP6AP2,EMC4
ATP6AP2,PDIA4
ATP6AP2,DERL2
ATP6AP2,CHPT1
ATP6AP2,ASIC1
ATP6AP2,ALG3
ATP6AP2,TBL2
ATP6AP2,ERP29
ATP6AP2,RCN2
ATP6AP2,SPCS2
ATP6AP2,RTN3
ATP6AP2,LMF2
ATP6AP2,EMC6
ATP6AP2,SAMD8
ATP6AP2,DHCR7
ATP6AP2,TLCD1
P4HB,FADS2
ATP6AP2,FADS2
ATP6AP2,RPN2
ATP6AP2,EBP
ATP6AP2,PPIB
ATP6AP2,APOL2
ATP6AP2,DAD1
ATP6AP2,VMP1
ATP6AP2,WLS
ATP6AP2,RCN1
ATP6AP2,ALG6
ATP6AP2,EI24
ATP6AP2,PIGT
ATP6AP2,RPN1
ATP6AP2,PLOD3
ATP6AP2,STT3B
ATP6AP2,TMCO1
ATP6AP2,DGKE
ATP6AP2,FAF2
ATP6AP2,VAPB
ATP6AP2,SGPL1
ATP6AP2,TECR
ATP6AP2,RAB31
ATP6AP2,ARF5
ATP6AP2,TLCD2
ATP6AP2,SNX19
ATP6AP2,REEP2
ATP6AP2,SEC62
ATP6AP2,HACD3
ATP6AP2,SURF4
ATP6AP2,SPCS1
ATP6AP2,JAGN1
ATP6AP2,TAP2
ATP6AP2,RAB10
ATP6AP2,C1QBP
ATP6AP2,EMC10
CRCP,KEAP1
ITGAM,EIF3C
ITGAM,TOE1
ITGAM,SF3A3
ITGAM,U2AF2
ITGAM,SMU1
ITGAM,PCNP
ITGAM,SRRT
ITGAM,SAFB2
ITGAM,SF3B2
ITGAM,DDX42
ITGAM,SF3B5
ITGAM,PUF60
ITGAM,SF3B1
ITGAM,U2AF1
ITGAM,NCBP1
ITGAM,SRSF6
ITGAM,DDX23
ATP6AP2,CYB5B
ATP6AP2,GBA2
ATP6AP2,USE1
ATP6AP2,RTN4
ATP6AP2,PCAT1
ATP6AP2,TMX4
ATP6AP2,AGK
ATP6AP2,DDX47
ATP6AP2,DHX30
ATP6AP2,SCD5
NFASC,KEAP1
HSPA5,ANXA2
ATP6AP2,PKP2
ATP6AP2,UNC5C
ATP6AP2,ISCA1
ATP6AP2,RAB5B
ATP6AP2,ADCY9
ATP6AP2,EFR3B
ATP6AP2,PODXL
ATP6AP2,PRRT3
ATP6AP2,STIM2
ATP6AP2,RAI14
ATP6AP2,APBB1
ATP6AP2,AKAP5
ATP6AP2,ABCE1
KCNJ4,MOV10
MCHR2,MOV10
MCHR2,HDAC2
MCHR2,AIM2
MCHR2,TFCP2
ATP6AP2,MOGS
P4HB,ANXA5
ITGAM,RYBP
CD1A,RYBP
ITGAM,CCNL1
ITGAM,AUTS2
ITGAM,DCAF7
ITGAM,RING1
ITGAM,PCGF3
ITGAM,NRP1
CD1A,NRP1
ITGAM,WDR5
ITGAM,SRRM1
ITGAM,NKAP
ITGAM,NOLC1
ITGAM,YAF2
ITGAM,HAGHL
ITGAM,BRD2
ITGAM,EIF3B
ITGAM,DEK
ITGAM,RRP1B
ITGAM,BCR
ITGAM,COIL
ITGAM,EIF3J
FN1,TGM4
FN1,PNMA1
FN1,SPEF2
ITGAM,PRKDC
ITGAM,RXRG
ITGAM,PARP1
ITGAM,FOXA1
ITGAM,MED4
ITGAM,STAT1
ITGAM,RPA1
ITGAM,XRCC5
ITGAM,MED1
ITGAM,FOS
ITGAM,GATA3
ITGAM,TBK1
ITGAM,XRCC6
ITGAM,TANK
ITGAM,CARM1
FN1,CLK1
FN1,CPSF3
FN1,WDR33
FN1,ELMO3
NFASC,ESR1
NR3C1,FAS
HSPA5,XIAP
IL3RA,TNIP1
IL3RA,HAUS4
IL3RA,DLG5
IL3RA,ALMS1
IL3RA,MED4
IL3RA,CSPP1
IL3RA,HAUS1
IL3RA,CEP55
IL3RA,LZTS2
IL3RA,TCHP
IL3RA,CEP97
IL3RA,ODF2L
IL3RA,NEDD1
IL3RA,LUZP1
IL3RA,AP2B1
IL3RA,HAUS5
IL3RA,HSBP1
IL3RA,HAUS6
IL3RA,LIMD1
IL3RA,CYLD
IL3RA,TOX3
IL3RA,CEP72
IL3RA,PALLD
IL3RA,SMG7
IL3RA,OFD1
IL3RA,NEK2
IL3RA,HAUS8
IL3RA,PIBF1
IL3RA,WDR83
IL3RA,DVL3
ATP6AP2,P4HA1
ATP6AP2,ILVBL
ATP6AP2,SENP3
ATP6AP2,GSTK1
ATP6AP2,SRSF2
ATP6AP2,TAPT1
ATP6AP2,GRM1
ATP6AP2,NCL
ATP6AP2,CDS2
ATP6AP2,DGAT1
ATP6AP2,GPAA1
ATP6AP2,SUN2
ATP6AP2,YIF1B
TFRC,FADS2
GRIK4,FADS2
ATP6AP2,SUN1
ATP6AP2,TMED9
ATP6AP2,TRAM1
ATP6AP2,TRPM7
ATP6AP2,DERL1
ATP6AP2,UFL1
ATP6AP2,DEGS1
ATP6AP2,TCTE1
ATP6AP2,MGST1
NR3C1,KDM5C
ATP6AP2,GRM5
NFASC,EGFR
HSPA5,GSTT1
IL3RA,STK3
IL3RA,DTNB
IL3RA,NINL
IL3RA,NDE1
IL3RA,BICD2
IL3RA,IFT81
IL3RA,PKN2
IL3RA,SRSF2
IL3RA,BICD1
IL3RA,PCBP3
IL3RA,HAUS2
IL3RA,CCNB1
IL3RA,OCRL
IL3RA,DHX35
IL3RA,TANC1
IL3RA,NAV1
IL3RA,AP2S1
IL3RA,TEX9
IL3RA,TRIM9
IL3RA,GID8
IL3RA,RAD50
IL3RA,IFT57
IL3RA,CEP95
IL3RA,PEF1
IL3RA,NRBF2
IL3RA,CKAP5
IL3RA,ZDBF2
IL3RA,MIB2
IL3RA,CPVL
IL3RA,XRN1
IL3RA,IPO11
IL3RA,BMI1
IL3RA,AP2A1
IL3RA,IQCB1
IL3RA,CNTRL
IL3RA,C2CD3
IL3RA,IFT22
IL3RA,NPHP1
IL3RA,CEP63
IL3RA,NPHP4
IL3RA,TPGS1
IL3RA,TXLNG
IL3RA,KIF14
IL3RA,CMC1
IL3RA,VPS45
IL3RA,DDX47
IL3RA,ASCC3
IL3RA,LTV1
IL3RA,AMOT
IL3RA,DVL1
IL3RA,SCLT1
IL3RA,CDK5
IL3RA,TTF2
IL3RA,FBF1
FN1,FOSL1
FN1,ETV3
FN1,QPCTL
FN1,ADNP
TFRC,ANXA2
TFRC,HDAC2
TFRC,FUS
PLAUR,ANXA2
IL3RA,NDC80
IL3RA,SPC24
IL3RA,TTC12
IL3RA,TTLL4
IL3RA,IFT20
IL3RA,MED29
IL3RA,CKAP2
IL3RA,NUF2
ATP6AP2,ABCD3
ATP6AP2,PSMD1
ATP6AP2,KCNC4
NR3C1,ZEB2
P4HB,BAG6
P4HB,FAS
P4HB,PRDX1
PTK2B,CAV1
PTK2B,HSPB1
P4HB,ACTN4
MCHR2,FUS
MCHR2,PUM1
MCHR2,EIF3D
CD1A,SMYD3
FN1,HBB
ALCAM,CAV1
P4HB,IRAK1
CD93,DDX6
FN1,TTC1
FN1,GKAP1
FN1,ARNT
IGF2R,WNK1
ITGAM,RBM39
ITGAM,AQR
ITGAM,NONO
ITGAM,DDX17
ITGAM,SRSF2
ITGAM,DDX5
ITGAM,SRSF8
ITGAM,FMR1
ITGAM,MATR3
ITGAM,SFPQ
ITGAM,RBM10
ITGAM,FUS
ITGAM,RBM15
ITGAM,PWP2
ITGAM,MFAP1
ITGAM,ISY1
ITGAM,SRSF4
ITGAM,IWS1
ITGAM,DHX9
FN1,RPP30
FN1,LEO1
FN1,RPP38
FN1,ELL2
FN1,ELL
CD1A,SMAD4
IL3RA,MTMR6
IL3RA,STK24
IL3RA,TBCE
IL3RA,MET
IL3RA,HBS1L
IL3RA,RABL6
IL3RA,ILKAP
IL3RA,EDC3
IL3RA,MSH6
IL3RA,MSH2
IL3RA,AP3D1
IL3RA,FKBP3
IL3RA,NCK2
ITGAM,SUGP1
ITGAM,SRPK1
NR1I2,ANXA2
ITGAM,AP4M1
ITGAM,ARID2
ITGAM,AP4E1
ITGAM,AKT2
ITGAM,WDR76
ITGAM,MED31
ITGAM,HMGA1
ITGAM,CBX4
ITGAM,AP4S1
RORC,ANXA2
NFASC,ANXA2
CD1A,ANXA2
CD1A,DKC1
HSPA5,DKC1
P4HB,DKC1
CD1A,MYLK
HSPA5,MYLK
TFRC,MYLK
P4HB,MYLK
CD1A,EIF3D
HSPA5,EIF3D
TFRC,EIF3D
P4HB,EIF3D
TFRC,MOV10
P4HB,MOV10
TFRC,WDR5
P4HB,WDR5
TFRC,DNMT1
P4HB,DNMT1
TFRC,PRDX2
P4HB,FUS
TFRC,XRN1
TFRC,FAS
TFRC,FXR1
P4HB,FXR1
TFRC,TFCP2
P4HB,TFCP2
TFRC,CXCR4
TFRC,HTRA1
TFRC,ACTN4
IL3RA,FANCI
IL3RA,WDCP
ATP6AP2,VAT1
ATP6AP2,BSDC1
ATP6AP2,TEX2
ATP6AP2,TMF1
F11R,CAV1
ATP6AP2,SYAP1
ATP6AP2,STX18
ATP6AP2,LSG1
MCHR2,PEG10
MCHR2,DNMT1
MCHR2,DKC1
TFRC,ANXA5
FN1,ASPG
FN1,CMC2
FN1,AMPD3
FN1,CLCA2
FN1,RBP2
FN1,PHC3
FN1,DGKG
FN1,MYLK3
FN1,DMD
FN1,DCD
PPARA,ABCC9
ITGAM,MED6
ITGAM,MED14
ITGAM,MED23
ITGAM,MED15
ITGAM,MED25
ITGAM,MED13
ITGAM,MED21
ITGAM,MED29
ITGAM,MED18
ITGAM,MED8
ITGAM,MED26
ITGAM,MED20
ITGAM,MED19
ITGAM,MED16
ITGAM,MED24
ITGAM,CDK8
CTLA4,CD1B
FN1,CD36
CTLA4,TRBC1
ACVR1B,FKBP1C
CAV1,NF2
IL1RAP,SIRPB1
IL1RAP,SIRPG
ITGB1,THY1
LPAR3,CD74
PLAUR,ITGB1
PTK2B,ABL1
SLAMF1,PTPN11
TRIM27,EIF3D
HLA-DPB1,CD74
HLA-DPA1,CD74
RXRA,MED19
PPARG,MED19
VCAM1,CNOT1
RXRA,CNOT1
NOTCH1,CNOT1
KDR,MAP1LC3B2
VCAM1,SMCHD1
EGFR,ARHGAP32
ESR1,SFI1
GPER1,GNAT3
LGALS1,HEPACAM2
PPARG,MIF4GD
ICAM1,EIF3CL
NOTCH1,KIF2A
ADORA2B,GPR25
CALCRL,GPR25
GPC3,MYO1C
TNFRSF1A,HAX1
TNFRSF1B,HAX1
CXCR4,KCNK1
CAV1,KCNK1
TRADD,TLR4
NOTCH1,APBB1
PROCR,LGALS8
CNR1,GRM8
FPR2,GRM8
APLNR,GRM8
AGTR2,GRM8
CXCR4,GRM8
GPER1,GRM8
VCAM1,PSMD11
VCAM1,PSMD12
GPC3,PSMD12
VCAM1,PSMD9
FPR2,F2RL2
AGTR1,F2RL2
GPR4,F2RL2
NPFFR2,F2RL2
PPARG,MEN1
PPARA,MEN1
SMAD2,MEN1
VCAM1,HIP1
NCAM1,CACNB4
NOTCH1,WWP2
RXRA,ARNTL
RET,PIK3CD
MPL,PIK3CD
GRIN1,PIK3CD
GRIN2B,PIK3CD
FPR2,P2RY10
AGTR1,P2RY10
GPR4,P2RY10
NPFFR2,P2RY10
ITGB1,WASL
LGALS3,IPO5
NOTCH1,IPO5
TNFRSF1A,TRAF5
ANXA2,PLOD2
PKD1,EXOC5
HLA-F,NDUFA4
TLR9,NDUFA4
NRP1,CHL1
ITGB1,CHL1
VCAM1,PES1
NOTCH1,CACNA1A
VCAM1,SDCBP
VCAM1,NOP56
CNR1,CXCR6
FPR2,CXCR6
APLNR,CXCR6
AGTR2,CXCR6
CXCR4,CXCR6
GPER1,CXCR6
VDR,PODXL
ITGB1,E2F3
ITGB1,NME4
RARA,NME4
HSPA5,NME4
RYR1,NME4
RORA,NME4
FKBP1B,NME4
DLG4,NME4
CAP1,NME4
PGR,ARID1A
RARB,ARID1A
RARG,ARID1A
SMAD3,ARID1A
SMAD2,ARID1A
SMAD1,ARID1A
RXRA,BHLHE40
LEPR,SOCS6
MUSK,DVL2
LDLR,DVL2
OXTR,DVL2
AVPR1A,DVL2
AVPR1B,DVL2
PTK7,DVL2
SMAD2,DVL2
SMAD1,DVL2
VANGL2,DVL2
TNFRSF1B,IRS4
RXRA,KMT2D
TNFRSF1A,CDIPT
TNFRSF1B,CDIPT
VCAM1,PRMT5
PKD2,CHEK1
TNFRSF1A,TNFRSF10B
TNFRSF1B,TNFRSF10B
CFTR,TPP1
VCAM1,TCERG1
TYROBP,NRP1
PLXNA2,NRP1
ENO1,NRP1
TGFBR1,NRP1
TGFBR2,NRP1
PLXNA3,NRP1
TGFBR3,NRP1
PLXNA4,NRP1
TREM2,NRP1
PLXND1,NRP1
VCAM1,PSMA7
NOTCH1,PSMA7
FPR2,FFAR1
AGTR1,FFAR1
GPR4,FFAR1
NPFFR2,FFAR1
FPR2,FFAR3
AGTR1,FFAR3
GPR4,FFAR3
NPFFR2,FFAR3
TRIM27,AIM2
LVRN,IFIT3
ITGB1,TIMM23
IGF1R,CASK
FN1,MYL12A
LGALS3,MYL12A
VCAM1,MYL12A
NOTCH1,MYL12A
TLR9,CASQ2
NOTCH1,HGS
TLR9,CLGN
VCAM1,HNRNPDL
GPC3,XPO1
TNFRSF1B,ATP2A1
ESR1,CEP290
TNFRSF1B,CHUK
LGALS1,UBD
ERAP1,UBD
ANXA2,NPHP1
FN1,ATXN7
RXRA,ALOX15B
PPARG,ALOX15B
CNR1,GRM6
FPR2,GRM6
APLNR,GRM6
AGTR2,GRM6
CXCR4,GRM6
GPER1,GRM6
RPSA,EIF3D
MCC,EIF3D
ICAM1,EIF3H
RXRA,HDAC3
NOTCH1,HDAC3
F2RL1,BIRC5
ESR1,NCAM2
TNFRSF1A,IPO8
TNFRSF1B,IPO8
LGALS3,ABCC4
GJA1,ARPC5
RXRA,POLR2D
RXRA,CLOCK
ACE2,FABP7
RXRA,KDM6A
FPR2,FFAR2
AGTR1,FFAR2
GPR4,FFAR2
NPFFR2,FFAR2
NOTCH1,DHX15
GPC3,DHX15
VCAM1,PHGDH
TNFRSF1B,PHGDH
FPR2,MLNR
AGTR1,MLNR
GPR4,MLNR
NPFFR2,MLNR
PPARG,SIAH2
NOTCH1,MAP3K13
VANGL2,SPINT2
LGALS3,ADCY6
NOTCH1,PPIP5K2
VCAM1,EEF1E1
VCAM1,PRPF3
GPC3,SYNJ1
ESR1,EIF4G3
VCAM1,AKR7A2
NCAM1,CACNA1G
RXRA,MED7
PPARG,MED7
NT5E,FOXO3
GPC4,SMAD6
NOTCH1,SPRY2
CNR1,GALR2
FPR2,GALR2
APLNR,GALR2
AGTR2,GALR2
CXCR4,GALR2
GPER1,GALR2
NOTCH1,SPRY3
FPR2,HCRTR1
AGTR1,HCRTR1
GPR4,HCRTR1
NPFFR2,HCRTR1
FPR2,HCRTR2
AGTR1,HCRTR2
GPR4,HCRTR2
NPFFR2,HCRTR2
VCAM1,TRAPPC3
VDR,SNAI2
VCAM1,CHMP2A
VCAM1,NDUFA2
BMPR2,GET3
CHRNA1,ACTN4
ITGB3,ACTN4
AR,ACTN4
RARA,ACTN4
CDH1,ACTN4
ITGA4,ACTN4
ATP1A3,ACTN4
GJA1,ACTN4
MSN,ACTN4
MTTP,ACTN4
DLG4,ACTN4
GRIN1,ACTN4
GRIN2B,ACTN4
P2RX7,ACTN4
KDR,GATC
NOTCH1,HTATSF1
CD74,AP1G1
TNFRSF1A,SGTA
C1QBP,STRN
GPC3,PEX1
GJA1,AKR1B10
VCAM1,DHX16
RXRA,MED14
CAV1,PRKN
KCNJ4,GNG7
KCNJ2,GNG7
KCNJ10,GNG7
KCNJ15,GNG7
VCAM1,SMARCA5
LGALS3,ADCY3
CAV1,ADCY3
PPARG,MARCHF6
NOTCH1,KDM1A
ITGB1,FZD6
ANXA2,PPL
APP,ACSL4
ATP5F1B,ACSL4
P4HB,ACSL4
RPSA,ACSL4
ACTR2,ACSL4
SLC1A5,ACSL4
LGALS3,ADCY9
GPC3,ADCY9
VCAM1,SYNCRIP
TNFRSF1A,SYNCRIP
ANXA2,PLOD3
EGFR,DIAPH1
VCAM1,DIAPH1
PKD1,EXOC3
ENPEP,UGT1A9
CNR1,GALR3
FPR2,GALR3
APLNR,GALR3
AGTR2,GALR3
CXCR4,GALR3
GPER1,GALR3
NOTCH1,USO1
ICAM1,H2BC12
VCAM1,H2BC12
NOTCH1,CCDC22
RPSA,DKC1
EGFR,DNAJA2
ADORA2B,RAMP1
ADORA2B,RAMP2
ADORA2B,RAMP3
TNFRSF1A,SMPD2
NOTCH1,TBL1X
GJA1,CTSV
NOTCH1,NBN
ESR1,ATP9A
GPC3,CLUH
ANXA2,NPHP4
PKD1,NPHP4
VCAM1,ANKRD17
RXRA,GADD45B
ENPEP,UGT2B11
NOTCH1,PPFIA2
VCAM1,MACROH2A1
LGALS1,FLNB
GJA1,FLNB
CAV1,FLNB
RXRA,NCOR1
NOTCH1,NCOR1
EGFR,VAMP4
TNFRSF1B,ULK1
ADORA2B,GPR32
CALCRL,GPR32
NOTCH1,CS
IL1R1,MAF
VCAM1,ERLIN1
GPR183,GPC4
GPC5,GPC4
VCAM1,NDUFS3
TNFRSF1A,TNFRSF21
TNFRSF1B,TNFRSF21
FN1,EED
LGALS1,EED
GJA1,EED
TNFRSF1A,EED
RXRA,EED
RNF43,LRP6
RXRA,MED6
PPARG,MED6
GJA1,USP2
VCAM1,USP2
VCAM1,LYPLA1
VCAM1,SNRNP200
VCAM1,NUP155
GJA1,GJB3
ATP5F1B,ATP6AP2
ENO1,ATP6AP2
LGALS1,ATP6AP2
KIDINS220,ATP6AP2
ENPEP,UGT2B17
CNR1,GABBR2
FPR2,GABBR2
APLNR,GABBR2
AGTR2,GABBR2
GPER1,GABBR2
LGALS3,PIAS1
VCAM1,FLOT1
VCAM1,RSL1D1
TNFRSF1A,RNF8
CAV1,SLC22A5
ADGRE5,SRP72
ESR1,URI1
NOTCH1,FRYL
NOTCH1,UBOX5
CD74,AP2A2
VCAM1,SEC31A
CNR1,S1PR2
FPR2,S1PR2
APLNR,S1PR2
AGTR2,S1PR2
CXCR4,S1PR2
GPER1,S1PR2
NCAM1,CACNA1H
KDR,EPN2
VCAM1,LYPLA2
VCAM1,IPO7
TNFRSF1B,IPO7
NOTCH1,ARIH2
RXRA,MED26
PPARG,MED26
PPARG,ZFYVE9
CANX,ABCA1
TLR9,ABCA1
TNFRSF1A,STAMBP
FPR2,NTSR2
AGTR1,NTSR2
GPR4,NTSR2
NPFFR2,NTSR2
HLA-A,HERC2
GPC3,HERC2
GPC3,RAB3D
ESR1,SNAP29
VCAM1,SNAP29
VCAM1,LSM8
CD74,AP2A1
GJA1,STAU1
TNFRSF1A,BAG2
TNFRSF1B,BAG2
PPARG,MAP4K4
TNFRSF1B,AIFM1
GPR4,GNA14
NPFFR2,GNA14
ADORA2B,GLP2R
CALCRL,GLP2R
PTCH1,SNAI1
PTCH2,SNAI1
NOTCH1,WDPCP
CNR1,S1PR4
FPR2,S1PR4
APLNR,S1PR4
AGTR2,S1PR4
CXCR4,S1PR4
GPER1,S1PR4
TNFRSF1A,BCL10
VCAM1,LDHA
ESR1,CYB5R3
GJA1,SOD1
VCAM1,PNP
ITGB2,ABL1
ITGB1,ABL1
AR,ABL1
AGTR1,ABL1
GPC1,ABL1
EPHA4,ABL1
CNTNAP1,ABL1
CAP1,ABL1
BOC,ABL1
CELSR3,ABL1
GABBR1,ABL1
NOTCH3,ABL1
PCDHA7,ABL1
CD3D,EGFR
KRT1,EGFR
HLA-A,EGFR
ITGB3,EGFR
ITGB2,EGFR
CHRM2,EGFR
LGALS1,EGFR
IGF2R,EGFR
LGALS3,EGFR
M6PR,EGFR
AVPR2,EGFR
BMPR1A,EGFR
LRP2,EGFR
PTCH1,EGFR
SCARB2,EGFR
SLC1A5,EGFR
SLC18A3,EGFR
IL17RD,EGFR
PNPLA2,EGFR
LINGO1,EGFR
FZD4,EGFR
ENPEP,PGK1
PTPRK,PLAT
PLGRKT,PLAT
HSPA5,REN
P4HB,ASS1
SORT1,ASS1
BMPR2,SERPINA3
ITGA4,HBZ
TLR9,CRYAB
VCAM1,KRT6A
NTRK1,LMNA
LAMP1,LMNA
LAMP2,LMNA
VCAM1,LMNA
NCL,LMNA
GJA1,SPTA1
GPC3,APOA1
FN1,C9
VTN,C9
ENO1,AMBP
CD79A,AMBP
RXRA,FTL
MTNR1B,FTL
SCARA5,FTL
KRT1,ESR1
RPSA,ESR1
HSPA5,ESR1
NCL,ESR1
SLC37A1,ESR1
GJA1,ALDOA
VCAM1,ALDOA
NOTCH1,ALDOA
ATP5F1B,SOD2
ENO1,SOD2
GJA1,OAT
HLA-F,CD3D
BSG,TUBB4A
ICAM1,GAPDH
GJA1,GAPDH
VCAM1,GAPDH
TNFRSF1B,GAPDH
PGR,ERBB2
TNFRSF1B,NTRK1
VCAM1,CAPNS1
TRIM27,TP53
VIPR2,TP53
TSPAN10,TP53
IGF1R,AMY2A
ITGA4,HSPB1
PTPRA,HSPB1
BMPR1A,HSPB1
MTNR1A,HSPB1
INPP5K,HSPB1
MAGED1,HSPB1
TNFRSF1A,CYBB
GJA1,GNAI2
GPER1,GNAI2
TNFRSF1A,H2AC8
CXCR4,H2AC8
GJA1,ATP1A1
LGALS3,ATP1A1
TNFRSF1A,ATP1A1
TNFRSF1B,ATP1A1
GJA1,ALDOB
NOTCH1,ALDOB
IGF1R,APP
NCAM1,APP
LGALS3,APP
CNR1,APP
APLNR,APP
GPR4,APP
AGTR2,APP
CXCR4,APP
TEK,APP
PTPRO,APP
HAVCR2,APP
GPER1,APP
NPFFR2,APP
RPSA,ARG1
GPR18,ARG1
IGF1R,CYP17A1
PTPRJ,CYP17A1
PTCH1,ITGB2
P2RX7,ITGB2
PTCH2,ITGB2
ITGB1,SLC25A5
GJA1,SLC25A5
VCAM1,SLC25A5
TNFRSF1A,SLC25A5
TNFRSF1B,SLC25A5
VCAM1,EIF2S1
NCL,ICAM1
GJA1,RPLP1
GJA1,RPLP2
GJA1,RPLP0
VCAM1,RPLP0
ITGAX,JUN
PKD1,JUN
CAV1,JUN
PKD2,JUN
MYLK,JUN
ITGB1,FABP3
NOTCH1,SSB
MMP2,ITGB1
PDGFRB,ITGB1
IGF2R,ITGB1
LGALS3,ITGB1
NCL,ITGB1
L1CAM,ITGB1
JAM2,ITGB1
CDH17,ITGB1
PTCH1,ITGB1
FAT1,ITGB1
SLC1A5,ITGB1
NCSTN,ITGB1
PTCH2,ITGB1
TNFRSF1A,PRKCB
VCAM1,KRT18
ENPEP,UGT2B4
IL3RA,FYN
HAVCR2,FYN
DLG4,PGR
ITGA4,CDK1
EZR,CDK1
FOLR1,CDK1
BSG,CDK1
SORT1,CDK1
GJA1,ATP5F1B
VCAM1,ATP5F1B
PKD1,ATP5F1B
TLR9,ATP5F1B
CR1,C2
VCAM1,EIF4E
HAVCR2,CEACAM5
GJA1,ENO1
VCAM1,ENO1
ERAP1,ENO1
GPC3,PYGL
ENPEP,PYGL
VCAM1,H2BC11
JMJD6,H2BC11
RXRA,EPHX1
PTGER3,EPHX1
TREML2,EPHX1
TSPAN17,EPHX1
GJA1,NEFL
GJA1,NEFM
ENPEP,PGK2
HLA-F,FES
ITGA4,ANXA2
CEACAM1,ANXA2
GJA1,ANXA2
FLT1,ANXA2
MCC,ANXA2
LGALS3,CAPN1
VCAM1,CAPN1
VCAM1,TUBB
ADORA2B,ADRB2
CALCRL,ADRB2
GJA1,CTSL
GJA1,PFN1
VCAM1,PFN1
VIPR1,PFN1
GLRB,PFN1
CAP1,PFN1
HLA-F,CD3E
VCAM1,EPRS1
IGF1R,HSP90AA1
MMP2,HSP90AA1
MET,HSP90AA1
GJA1,HSP90AA1
VCAM1,HSP90AA1
PPARG,HSP90AA1
NOTCH1,HSP90AA1
TNFRSF1B,HNRNPC
MSN,IGF1R
ADCYAP1R1,IGF1R
IL13RA2,IGF1R
PKD1,RHO
CNR1,CHRM2
FPR2,CHRM2
APLNR,CHRM2
AGTR2,CHRM2
CXCR4,CHRM2
GPER1,CHRM2
CNR1,CHRM4
FPR2,CHRM4
APLNR,CHRM4
AGTR2,CHRM4
CXCR4,CHRM4
GPER1,CHRM4
LGALS3,ABCB1
RXRA,NR3C2
MET,HSP90AB1
GJA1,HSP90AB1
LGALS3,HSP90AB1
VCAM1,HSP90AB1
PPARG,HSP90AB1
NOTCH1,HSP90AB1
ITGA5,MMP2
NCL,MMP2
MTNR1A,MMP2
MTNR1B,MMP2
SLC16A1,MME
VCAM1,PDHA1
ADORA2B,ADRB1
CALCRL,ADRB1
MYLK,MYL3
VCAM1,SNRNP70
RXRA,HCK
GJA1,ITGA5
VCAM1,ITGA5
GJA1,VIM
PPARG,VIM
GJA1,RPS17
VCAM1,RPS17
GJA1,GNAI3
VCAM1,GNAI3
GPER1,GNAI3
DLG4,ANXA5
DDR1,ANXA5
VCAM1,KRT16
FZD5,IGFBP1
FZD8,IGFBP1
CNR1,HTR1A
FPR2,HTR1A
APLNR,HTR1A
AGTR2,HTR1A
CXCR4,HTR1A
GPER1,HTR1A
FPR2,CHRM5
AGTR1,CHRM5
GPR4,CHRM5
NPFFR2,CHRM5
CNR1,ADRA2A
FPR2,ADRA2A
APLNR,ADRA2A
AGTR2,ADRA2A
CXCR4,ADRA2A
GPER1,ADRA2A
LGALS3,CD63
PROCR,HOXB5
RXRA,POU2F2
AR,ENO2
HSPA5,ENO2
MSN,ENO2
MTNR1A,ENO2
ACTR2,ENO2
RACK1,ENO2
FKBP1B,ENO2
SEC63,ENO2
VCAM1,CLTA
VCAM1,HNRNPA1
VCAM1,SNRPA1
VCAM1,CTSH
HLA-F,CD3G
MST1R,FURIN
CXCR4,H2AZ1
CXCR4,H2AC13
NOTCH1,ATXN1L
VDR,UBC
NCAM1,UBC
IL1R1,UBC
PVR,UBC
GJA1,UBC
FLT1,UBC
TNFRSF1B,UBC
NT5E,UBC
ADORA2B,UBC
AQP1,UBC
HLA-F,UBC
ACVR1B,UBC
CD151,UBC
ADGRE5,UBC
GPC3,UBC
PKD1,UBC
TEK,UBC
PKD2,UBC
BMPR2,UBC
MYLK,UBC
JMJD6,UBC
CSPG4,UBC
GPER1,UBC
JAM3,UBC
TREM1,UBC
IL1RAP,UBC
TLR9,UBC
TLR8,UBC
ERAP1,UBC
PROCR,UBC
CNR1,ADORA3
FPR2,ADORA3
APLNR,ADORA3
AGTR2,ADORA3
CXCR4,ADORA3
GPER1,ADORA3
VCAM1,HSPA1A
ACVR1B,ZBTB48
VCAM1,H1-4
EPHB2,BCL2
TRIM27,TXN
VCAM1,TXN
FKBP1B,TXN
DLG4,TXN
STX1A,CHGA
IL3RA,KIT
VCAM1,ESD
GJA1,HSPD1
VCAM1,HSPD1
GJA1,HSPA5
VCAM1,HSPA5
TNFRSF1A,HSPA5
TNFRSF1B,HSPA5
TLR9,HSPA5
LGALS3,ACP2
LAMP2,HSPA8
ITGA4,HSPA8
GJA1,HSPA8
VCAM1,HSPA8
TNFRSF1B,HSPA8
TGM2,HSPA8
IL4R,HSPA8
HTR7,HSPA8
TGFBR1,HSPA8
MTNR1A,HSPA8
STX1B,HSPA8
RACK1,HSPA8
FKBP1B,HSPA8
DLG4,HSPA8
KCNJ10,HSPA8
CAP1,HSPA8
MST1R,HSPA8
GRIN1,HSPA8
TRAF2,HSPA8
GRIN2B,HSPA8
STX3,HSPA8
SCARB2,HSPA8
TRADD,HSPA8
SLC18A3,HSPA8
ALG10B,HSPA8
CATSPER1,HSPA8
PARD3,HSPA8
P2RX7,HSPA8
TLR9,HSPA8
XPR1,HSPA8
SEC63,HSPA8
VCAM1,SLC2A1
BMPR1A,SLC2A1
DLG4,SLC2A1
TNFRSF1B,DBT
GPC3,PYGB
ENPEP,PYGB
GPC3,PYGM
ENPEP,PYGM
FPR2,CHRM1
AGTR1,CHRM1
GPR4,CHRM1
NPFFR2,CHRM1
NOTCH1,LAMP1
GPC3,FGFR1
VCAM1,TOP2A
VCAM1,MTHFD1
VCAM1,IGF2R
VCAM1,PABPC1
GJA1,SLC25A4
TNFRSF1B,SLC25A4
TNFRSF1A,SLC25A6
TNFRSF1B,SLC25A6
VCAM1,TPR
GJA1,ACTN1
KDR,CDH1
NOTCH1,XRCC5
VCAM1,GP1BB
LGALS3,LAMP2
TNFRSF1A,CYBA
TRADD,CYBA
LGALS3,CFTR
SIGLEC9,NCAM1
JAM3,ITGA4
GJA1,EEF2
CLEC4M,CEACAM1
ADORA2B,ADRB3
CALCRL,ADRB3
NOTCH1,HCLS1
BSG,ATP1B2
CNR1,DRD2
FPR2,DRD2
APLNR,DRD2
AGTR2,DRD2
CXCR4,DRD2
GPER1,DRD2
GJA1,PKM
VCAM1,PKM
RXRA,PKM
NOTCH1,PKM
TEK,PKM
HLA-F,SLC2A4
RORC,IL1R1
IL1RL1,IL1R1
GJA1,DARS1
VCAM1,DARS1
PTPN6,IDO1
GJA1,AKR1B1
TNFRSF12A,PVR
CSPG4,GSPT1
TNFRSF1A,EZR
GJA1,ATF2
PKD1,ATF2
IL3RA,CSF2RA
CR1,CD46
VCAM1,NQO1
GPC3,PAX1
VCAM1,RPS2
PKD1,TCF3
PKD2,TCF3
TNFRSF1A,MUC1
NT5E,COX7C
CXCR4,H2AX
SFRP5,H2AX
LGALS3,GLB1
TNFRSF1A,GLB1
GJA1,H1-5
VCAM1,H1-3
ADORA2B,TSHR
CALCRL,TSHR
KCNJ4,GNB3
ACTR2,GNB3
STX1B,GNB3
KCNJ2,GNB3
KCNJ10,GNB3
STX3,GNB3
STX1A,GNB3
KCNJ15,GNB3
XPR1,GNB3
TNFRSF1A,ATP2A2
TNFRSF1B,ATP2A2
TLR9,ATP2A2
ENPEP,UGT2B7
TNFRSF1A,HSPA6
TNFRSF1B,HSPA6
VCAM1,HMGA1
CAV1,JUNB
LGALS3,ITGA2
KDR,ITGA2
NT5E,GJA1
GJB2,GJA1
GJA5,GJA1
GJC1,GJA1
EFNB2,GJA1
ACTR2,GJA1
DLG1,GJA1
EFNB3,GJA1
CNTN4,GJA1
HTR3C,GJA1
TSPAN17,GJA1
GPR52,GJA1
SCN10A,GJA1
GJA3,GJA1
PPARG,DES
ACTR2,CTPS1
CUL5,CTPS1
MMP14,ENG
NOTCH1,DDX5
VCAM1,PFKL
TNFRSF1A,PFKL
SCARB1,FLT1
ROBO4,FLT1
VCAM1,TCP1
TNFRSF1B,TCP1
LEPR,ITGB5
PKD1,ARF4
CNR1,ADRA2B
FPR2,ADRA2B
APLNR,ADRA2B
AGTR2,ADRA2B
CXCR4,ADRA2B
GPER1,ADRA2B
VCAM1,RPL7
CNR1,ADRA2C
FPR2,ADRA2C
APLNR,ADRA2C
AGTR2,ADRA2C
CXCR4,ADRA2C
GPER1,ADRA2C
TNFRSF1A,ATF6
PTPRO,CDH2
TNFRSF1A,MYL12A
LEPR,PLCG1
ENPEP,UGT1A6
RXRA,POLR2C
RXRA,POLR2E
TRAF3,TNFRSF1A
TRPC5,TNFRSF1A
TRAF2,EIF2AK2
TRAF3,EIF2AK2
SCARB2,EIF2AK2
RRBP1,EIF2AK2
NOTCH1,EN2
RXRB,RXRA
CXADR,RXRA
TRAF2,RXRA
ESR2,RXRA
FCGRT,NFKB1
BAMBI,NFKB1
SLC1A5,NFKB1
TNFRSF18,NFKB1
BMPR1A,ATP2B1
ITPR3,ATP2B1
LGR4,ATP2B1
FPR2,CHRM3
AGTR1,CHRM3
GPR4,CHRM3
NPFFR2,CHRM3
TRADD,TNFRSF1B
TNFRSF25,TNFRSF1B
BSG,ATP4A
CAV1,ATP4A
CD163,ATP4A
CXCR4,H2AC7
NPFFR2,HNF1A
EPHB4,RASA1
EPHB1,RASA1
RASA3,RASA1
NEO1,RASA1
HLA-F,CD247
PPARG,ATP6V1C1
NOTCH1,ATP6V1C1
FPR2,TACR2
AGTR1,TACR2
GPR4,TACR2
NPFFR2,TACR2
CNR1,S1PR1
FPR2,S1PR1
APLNR,S1PR1
AGTR2,S1PR1
GPER1,S1PR1
CNR1,FPR1
FPR2,FPR1
APLNR,FPR1
AGTR2,FPR1
CXCR4,FPR1
GPER1,FPR1
C5AR1,CNR1
DRD4,CNR1
CXCR1,CNR1
CXCR2,CNR1
FPR3,CNR1
FPR2,CNR1
ACKR3,CNR1
NPY1R,CNR1
HTR1D,CNR1
HTR1B,CNR1
HTR2A,CNR1
HTR1E,CNR1
BDKRB2,CNR1
ADORA1,CNR1
SSTR1,CNR1
SSTR2,CNR1
HTR1F,CNR1
SSTR4,CNR1
CCR1,CNR1
CCR7,CNR1
CXCR5,CNR1
SSTR3,CNR1
CNR2,CNR1
SSTR5,CNR1
OPRM1,CNR1
APLNR,CNR1
DRD3,CNR1
OPRD1,CNR1
OPRK1,CNR1
OPRL1,CNR1
CASR,CNR1
CCR2,CNR1
PTGER3,CNR1
CCR10,CNR1
BDKRB1,CNR1
GALR1,CNR1
HTR5A,CNR1
MTNR1A,CNR1
NPBWR1,CNR1
NPBWR2,CNR1
HCAR3,CNR1
NPY2R,CNR1
MTNR1B,CNR1
CXCR3,CNR1
AGTR2,CNR1
NPY4R,CNR1
P2RY4,CNR1
CCR3,CNR1
CCR4,CNR1
CCR5,CNR1
CCR6,CNR1
CCR8,CNR1
CCR9,CNR1
TAS2R38,CNR1
TAS2R39,CNR1
TAS2R40,CNR1
TAS2R41,CNR1
TAS2R43,CNR1
TAS2R31,CNR1
TAS2R46,CNR1
TAS2R30,CNR1
TAS2R19,CNR1
TAS2R20,CNR1
TAS2R50,CNR1
TAS2R60,CNR1
CXCR4,CNR1
GPR17,CNR1
GPR18,CNR1
GRM2,CNR1
GRM7,CNR1
GRM3,CNR1
GRM4,CNR1
P2RY14,CNR1
NPY5R,CNR1
C3AR1,CNR1
HCAR2,CNR1
OXER1,CNR1
RXFP4,CNR1
LPAR1,CNR1
MCHR2,CNR1
OXGR1,CNR1
S1PR3,CNR1
GPER1,CNR1
MCHR1,CNR1
P2RY13,CNR1
SUCNR1,CNR1
HCAR1,CNR1
NMUR2,CNR1
LPAR5,CNR1
S1PR5,CNR1
P2RY12,CNR1
HRH4,CNR1
NMUR1,CNR1
LPAR2,CNR1
RXFP3,CNR1
TAS2R16,CNR1
TAS2R14,CNR1
TAS2R13,CNR1
TAS2R10,CNR1
TAS2R9,CNR1
TAS2R8,CNR1
TAS2R7,CNR1
TAS2R5,CNR1
TAS2R4,CNR1
TAS2R3,CNR1
TAS2R1,CNR1
GABBR1,CNR1
LPAR3,CNR1
GPR55,CNR1
HRH3,CNR1
PTGDR2,CNR1
SLC16A2,NT5E
VANGL2,NT5E
FAS,TAF1
PKD1,TAF1
CAV1,TAF1
ENPEP,GPD1
ADORA2B,DRD1
CALCRL,DRD1
FPR2,C5AR1
APLNR,C5AR1
AGTR2,C5AR1
CXCR4,C5AR1
GPER1,C5AR1
FPR2,TBXA2R
AGTR1,TBXA2R
GPR4,TBXA2R
NPFFR2,TBXA2R
GPC3,FGFR2
TLR9,SDHB
FPR2,DRD4
APLNR,DRD4
AGTR2,DRD4
CXCR4,DRD4
GPER1,DRD4
ADORA2B,DRD5
CALCRL,DRD5
MCC,COMT
MTNR1A,COMT
NOTCH1,FBL
ENPEP,UGT1A1
ENPEP,UGT1A4
JMJD6,HNRNPA2B1
ADORA2B,LHCGR
CALCRL,LHCGR
KDR,RPS6KB1
BSG,ATP2B4
ADORA2B,FSHR
CALCRL,FSHR
PPARG,GADD45A
PPARD,GADD45A
PTPRK,GADD45A
FPR2,EDNRB
AGTR1,EDNRB
GPR4,EDNRB
NPFFR2,EDNRB
NOTCH1,MYL9
PPARG,CCNC
CAV1,POLR2A
ADORA2B,HRH2
CALCRL,HRH2
FPR2,CXCR1
APLNR,CXCR1
AGTR2,CXCR1
CXCR4,CXCR1
GPER1,CXCR1
FPR2,CXCR2
APLNR,CXCR2
AGTR2,CXCR2
GPER1,CXCR2
APLNR,FPR3
AGTR2,FPR3
CXCR4,FPR3
GPER1,FPR3
ADRA1D,FPR2
EDNRA,FPR2
TACR1,FPR2
PTAFR,FPR2
ACKR3,FPR2
F2R,FPR2
NPY1R,FPR2
HTR1D,FPR2
HTR1B,FPR2
HTR2A,FPR2
HTR2C,FPR2
NMBR,FPR2
HTR1E,FPR2
TACR3,FPR2
BDKRB2,FPR2
ADORA1,FPR2
GRPR,FPR2
AGTR1,FPR2
OXTR,FPR2
SSTR1,FPR2
SSTR2,FPR2
HTR1F,FPR2
GNRHR,FPR2
NTSR1,FPR2
SSTR4,FPR2
CCKAR,FPR2
CCKBR,FPR2
CCR1,FPR2
CCR7,FPR2
CXCR5,FPR2
SSTR3,FPR2
CNR2,FPR2
TRHR,FPR2
PTGER1,FPR2
SSTR5,FPR2
ADRA1A,FPR2
HRH1,FPR2
ADRA1B,FPR2
OPRM1,FPR2
APLNR,FPR2
DRD3,FPR2
AVPR1A,FPR2
OPRD1,FPR2
OPRK1,FPR2
OPRL1,FPR2
CASR,FPR2
P2RY2,FPR2
GRM5,FPR2
HTR2B,FPR2
CCR2,FPR2
PTGFR,FPR2
PTGER3,FPR2
LPAR6,FPR2
CCR10,FPR2
GPR4,FPR2
XCR1,FPR2
BDKRB1,FPR2
GALR1,FPR2
GCGR,FPR2
HTR5A,FPR2
P2RY1,FPR2
AVPR1B,FPR2
MTNR1A,FPR2
NPBWR1,FPR2
NPBWR2,FPR2
HCAR3,FPR2
NPY2R,FPR2
MTNR1B,FPR2
CXCR3,FPR2
AGTR2,FPR2
NPY4R,FPR2
P2RY4,FPR2
CCR3,FPR2
CCR4,FPR2
CCR6,FPR2
CCR8,FPR2
CCR9,FPR2
F2RL1,FPR2
TAS2R38,FPR2
TAS2R39,FPR2
TAS2R40,FPR2
TAS2R41,FPR2
TAS2R43,FPR2
TAS2R31,FPR2
TAS2R46,FPR2
TAS2R30,FPR2
TAS2R19,FPR2
TAS2R20,FPR2
TAS2R50,FPR2
TAS2R60,FPR2
CXCR4,FPR2
GRM1,FPR2
GPR17,FPR2
GPR18,FPR2
GRM2,FPR2
GRM7,FPR2
GRM3,FPR2
GRM4,FPR2
P2RY6,FPR2
P2RY14,FPR2
LTB4R,FPR2
GPR68,FPR2
NPY5R,FPR2
C3AR1,FPR2
GPRC6A,FPR2
NPSR1,FPR2
GPR65,FPR2
PROKR2,FPR2
PROKR1,FPR2
HCAR2,FPR2
OXER1,FPR2
RXFP4,FPR2
LPAR1,FPR2
GHSR,FPR2
KISS1R,FPR2
MCHR2,FPR2
P2RY11,FPR2
QRFPR,FPR2
OXGR1,FPR2
F2RL3,FPR2
S1PR3,FPR2
GPER1,FPR2
LPAR4,FPR2
MCHR1,FPR2
P2RY13,FPR2
SUCNR1,FPR2
HCAR1,FPR2
NMUR2,FPR2
NPFFR1,FPR2
LPAR5,FPR2
S1PR5,FPR2
P2RY12,FPR2
HRH4,FPR2
NMUR1,FPR2
LPAR2,FPR2
LTB4R2,FPR2
CYSLTR2,FPR2
RXFP3,FPR2
TAS2R16,FPR2
TAS2R14,FPR2
TAS2R13,FPR2
TAS2R10,FPR2
TAS2R9,FPR2
TAS2R8,FPR2
TAS2R7,FPR2
TAS2R5,FPR2
TAS2R4,FPR2
TAS2R3,FPR2
TAS2R1,FPR2
GABBR1,FPR2
LPAR3,FPR2
OPN4,FPR2
UTS2R,FPR2
GPR132,FPR2
CYSLTR1,FPR2
GPR55,FPR2
HRH3,FPR2
NPFFR2,FPR2
PTGDR2,FPR2
AGTR1,ADRA1D
GPR4,ADRA1D
NPFFR2,ADRA1D
AGTR1,EDNRA
GPR4,EDNRA
NPFFR2,EDNRA
AGTR1,TACR1
GPR4,TACR1
NPFFR2,TACR1
AGTR1,PTAFR
GPR4,PTAFR
NPFFR2,PTAFR
APLNR,ACKR3
AGTR2,ACKR3
GPER1,ACKR3
AGTR1,F2R
GPR4,F2R
CXCR4,F2R
NPFFR2,F2R
NOTCH1,MCM3
MSN,FAS
TRAF2,FAS
TRAF3,FAS
TLR9,ATP5F1A
JAM3,CTSS
APLNR,NPY1R
AGTR2,NPY1R
CXCR4,NPY1R
GPER1,NPY1R
DLG4,DNMT1
SFRP5,DNMT1
SFRP4,DNMT1
ESR2,DNMT1
SFRP2,DNMT1
NPFFR2,U2AF2
TLR9,RPL13
GPC3,IVD
IL5RA,IL3RA
BMPR2,ACVR2A
TEK,MAPK3
PTPRO,MAPK3
IL1RAP,MAPK3
ENPEP,ATP6V0C
GRIN1,ARNT
GRIN2B,ARNT
HLA-F,CANX
TLR9,CANX
PPARG,POU1F1
APLNR,HTR1D
AGTR2,HTR1D
CXCR4,HTR1D
GPER1,HTR1D
APLNR,HTR1B
AGTR2,HTR1B
CXCR4,HTR1B
GPER1,HTR1B
AGTR1,HTR2A
GPR4,HTR2A
NPFFR2,HTR2A
AGTR1,HTR2C
GPR4,HTR2C
NPFFR2,HTR2C
AGTR1,NMBR
GPR4,NMBR
NPFFR2,NMBR
RYK,MAPK1
EFNB2,MAPK1
FKBP1B,MAPK1
EFNB1,MAPK1
GRIN1,MAPK1
GRIN2B,MAPK1
PTGDR,MAPK1
EFNB3,MAPK1
RHBDF2,MAPK1
STAB2,MAPK1
IL1RAP,MAPK1
APLNR,HTR1E
AGTR2,HTR1E
CXCR4,HTR1E
GPER1,HTR1E
NOTCH1,PTPN4
GPC3,PTPN4
ADORA2B,ADORA2A
CALCRL,ADORA2A
AVPR2,ADORA2B
CALCR,ADORA2B
VIPR1,ADORA2B
MC4R,ADORA2B
MC5R,ADORA2B
HTR7,ADORA2B
CRHR1,ADORA2B
PTGER4,ADORA2B
ADCYAP1R1,ADORA2B
VIPR2,ADORA2B
MC3R,ADORA2B
PTGER2,ADORA2B
PTGIR,ADORA2B
GLP1R,ADORA2B
GCGR,ADORA2B
SCTR,ADORA2B
GIPR,ADORA2B
PTH2R,ADORA2B
GPR15,ADORA2B
HTR6,ADORA2B
MC2R,ADORA2B
MC1R,ADORA2B
GHRHR,ADORA2B
PTH1R,ADORA2B
PTGDR,ADORA2B
CRHR2,ADORA2B
HTR4,ADORA2B
GPR176,ADORA2B
CALCRL,ADORA2B
NPSR1,ADORA2B
GPR150,ADORA2B
GPBAR1,ADORA2B
RXFP2,ADORA2B
P2RY11,ADORA2B
TAAR1,ADORA2B
GPR20,ADORA2B
RXFP1,ADORA2B
GPR84,ADORA2B
GPR27,ADORA2B
GPR83,ADORA2B
GPR45,ADORA2B
AGTR2,PTPN6
AGTR1,TACR3
GPR4,TACR3
NPFFR2,TACR3
PPARG,MPG
GPR4,GNA11
NPFFR2,GNA11
PKD2,PPP2R1A
NOTCH1,PPP2R1B
PKD2,PPP2R1B
NOTCH1,CDC27
APLNR,BDKRB2
GPR4,BDKRB2
AGTR2,BDKRB2
CXCR4,BDKRB2
GPER1,BDKRB2
NPFFR2,BDKRB2
CALCRL,AVPR2
APLNR,ADORA1
AGTR2,ADORA1
CXCR4,ADORA1
GPER1,ADORA1
AGTR1,GRPR
GPR4,GRPR
NPFFR2,GRPR
OXTR,AGTR1
GNRHR,AGTR1
NTSR1,AGTR1
CCKAR,AGTR1
CCKBR,AGTR1
TRHR,AGTR1
PTGER1,AGTR1
ADRA1A,AGTR1
HRH1,AGTR1
ADRA1B,AGTR1
AVPR1A,AGTR1
CASR,AGTR1
P2RY2,AGTR1
GRM5,AGTR1
HTR2B,AGTR1
PTGFR,AGTR1
LPAR6,AGTR1
GPR4,AGTR1
XCR1,AGTR1
BDKRB1,AGTR1
GCGR,AGTR1
P2RY1,AGTR1
AVPR1B,AGTR1
AGTR2,AGTR1
F2RL1,AGTR1
TRAF3,AGTR1
GRM1,AGTR1
GPR17,AGTR1
P2RY6,AGTR1
LTB4R,AGTR1
GPR68,AGTR1
GPRC6A,AGTR1
NPSR1,AGTR1
GPR65,AGTR1
PROKR2,AGTR1
PROKR1,AGTR1
LPAR1,AGTR1
GHSR,AGTR1
KISS1R,AGTR1
MCHR2,AGTR1
P2RY11,AGTR1
QRFPR,AGTR1
F2RL3,AGTR1
LPAR4,AGTR1
MCHR1,AGTR1
NMUR2,AGTR1
NPFFR1,AGTR1
LPAR5,AGTR1
NMUR1,AGTR1
LPAR2,AGTR1
LTB4R2,AGTR1
CYSLTR2,AGTR1
LPAR3,AGTR1
OPN4,AGTR1
UTS2R,AGTR1
GPR132,AGTR1
CYSLTR1,AGTR1
NPFFR2,AGTR1
GPR4,OXTR
NPFFR2,OXTR
GPR4,GNA15
NPFFR2,GNA15
APLNR,SSTR1
AGTR2,SSTR1
CXCR4,SSTR1
GPER1,SSTR1
APLNR,SSTR2
AGTR2,SSTR2
CXCR4,SSTR2
GPER1,SSTR2
APLNR,HTR1F
AGTR2,HTR1F
CXCR4,HTR1F
GPER1,HTR1F
GPR4,GNRHR
NPFFR2,GNRHR
CALCRL,CALCR
GPR4,NTSR1
NPFFR2,NTSR1
APLNR,SSTR4
AGTR2,SSTR4
CXCR4,SSTR4
GPER1,SSTR4
GRIN2A,AKT1
IL13RA2,AKT1
NOTCH1,HIBADH
NOTCH1,INPP5B
FKBP1B,PRDX2
DLG4,PRDX2
GRIN2B,PRDX2
NOTCH1,ARRB2
BMPR2,ARRB2
GPR4,CCKAR
NPFFR2,CCKAR
GPR4,CCKBR
NPFFR2,CCKBR
CALCRL,VIPR1
CALCRL,MC4R
APLNR,CCR1
AGTR2,CCR1
CXCR4,CCR1
GPER1,CCR1
APLNR,CCR7
AGTR2,CCR7
GPER1,CCR7
APLNR,CXCR5
AGTR2,CXCR5
GPER1,CXCR5
APLNR,SSTR3
AGTR2,SSTR3
CXCR4,SSTR3
GPER1,SSTR3
CALCRL,MC5R
PPARG,CIITA
BSG,ABCD1
NOTCH1,MCM5
GPC3,MCM5
CALCRL,HTR7
APLNR,CNR2
AGTR2,CNR2
CXCR4,CNR2
GPER1,CNR2
GPR4,TRHR
NPFFR2,TRHR
GPR4,PTGER1
NPFFR2,PTGER1
CALCRL,CRHR1
GLRB,PFN2
CAP1,PFN2
PTPRO,CTNNB1
NOTCH1,PHB
GPC3,RFC1
APLNR,SSTR5
AGTR2,SSTR5
CXCR4,SSTR5
GPER1,SSTR5
GPR4,ADRA1A
NPFFR2,ADRA1A
GPR4,HRH1
NPFFR2,HRH1
GPR4,ADRA1B
NPFFR2,ADRA1B
APLNR,OPRM1
AGTR2,OPRM1
GPER1,OPRM1
CALCRL,PTGER4
DRD3,APLNR
OPRD1,APLNR
OPRK1,APLNR
OPRL1,APLNR
CASR,APLNR
CCR2,APLNR
PTGER3,APLNR
CCR10,APLNR
BDKRB1,APLNR
GALR1,APLNR
HTR5A,APLNR
MTNR1A,APLNR
NPBWR1,APLNR
NPBWR2,APLNR
HCAR3,APLNR
NPY2R,APLNR
MTNR1B,APLNR
CXCR3,APLNR
AGTR2,APLNR
NPY4R,APLNR
P2RY4,APLNR
CCR3,APLNR
CCR4,APLNR
CCR5,APLNR
CCR6,APLNR
CCR8,APLNR
CCR9,APLNR
TAS2R38,APLNR
TAS2R39,APLNR
TAS2R40,APLNR
TAS2R41,APLNR
TAS2R43,APLNR
TAS2R31,APLNR
TAS2R46,APLNR
TAS2R30,APLNR
TAS2R19,APLNR
TAS2R20,APLNR
TAS2R50,APLNR
TAS2R60,APLNR
CXCR4,APLNR
GPR17,APLNR
GPR18,APLNR
GRM2,APLNR
GRM7,APLNR
GRM3,APLNR
GRM4,APLNR
P2RY14,APLNR
NPY5R,APLNR
C3AR1,APLNR
HCAR2,APLNR
OXER1,APLNR
RXFP4,APLNR
LPAR1,APLNR
MCHR2,APLNR
OXGR1,APLNR
S1PR3,APLNR
GPER1,APLNR
MCHR1,APLNR
P2RY13,APLNR
SUCNR1,APLNR
HCAR1,APLNR
NMUR2,APLNR
LPAR5,APLNR
S1PR5,APLNR
P2RY12,APLNR
HRH4,APLNR
NMUR1,APLNR
LPAR2,APLNR
RXFP3,APLNR
TAS2R16,APLNR
TAS2R14,APLNR
TAS2R13,APLNR
TAS2R10,APLNR
TAS2R9,APLNR
TAS2R8,APLNR
TAS2R7,APLNR
TAS2R5,APLNR
TAS2R4,APLNR
TAS2R3,APLNR
TAS2R1,APLNR
GABBR1,APLNR
LPAR3,APLNR
GPR55,APLNR
HRH3,APLNR
PTGDR2,APLNR
AGTR2,DRD3
CXCR4,DRD3
GPER1,DRD3
ENPEP,UGT1A3
ENPEP,UGT1A5
NCSTN,BSG
DCC,FUS
GRIN2B,FUS
FZD5,FUS
ITPR1,FUS
SLC1A5,FUS
NEO1,FUS
GPR101,FUS
FZD8,FUS
GPC3,HMGCL
ENPEP,UGT2B10
CAV1,BMPR1A
BAMBI,ACVR1B
PTCH1,ACVR1B
TSPAN17,ACVR1B
SMO,ACVR1B
PTCH2,ACVR1B
GPC3,GNL1
DLG4,GPX4
GPR4,AVPR1A
NPFFR2,AVPR1A
GPC3,ANP32A
NOTCH1,CCT6A
RACK1,PBX3
EFNB2,STAT3
EFNB3,STAT3
RACK1,USP8
SMO,USP8
AGTR2,OPRD1
CXCR4,OPRD1
GPER1,OPRD1
AGTR2,OPRK1
CXCR4,OPRK1
GPER1,OPRK1
AGTR2,OPRL1
CXCR4,OPRL1
GPER1,OPRL1
GPR4,CASR
AGTR2,CASR
GPER1,CASR
NPFFR2,CASR
PPARA,BCL6
GPR4,P2RY2
NPFFR2,P2RY2
ITGA9,HNF4A
IL1RAP,HNF4A
CALCRL,ADCYAP1R1
CALCRL,VIPR2
GPR4,GRM5
NPFFR2,GRM5
GPR4,HTR2B
NPFFR2,HTR2B
AGTR2,CCR2
GPER1,CCR2
CALCRL,MC3R
SEC63,MTOR
NTRK3,CASP3
CDON,CASP3
NOTCH1,HTT
GPR4,PTGFR
NPFFR2,PTGFR
AGTR2,PTGER3
CXCR4,PTGER3
GPER1,PTGER3
CALCRL,PTGER2
CALCRL,PTGIR
CALCRL,GLP1R
NOTCH1,SSR1
GPR4,LPAR6
NPFFR2,LPAR6
NOTCH1,PSMC4
MTNR1A,USP5
AGTR2,CCR10
CXCR4,CCR10
GPER1,CCR10
XCR1,GPR4
BDKRB1,GPR4
GCGR,GPR4
P2RY1,GPR4
AVPR1B,GPR4
F2RL1,GPR4
GRM1,GPR4
GPR17,GPR4
P2RY6,GPR4
LTB4R,GPR4
GPR68,GPR4
GPRC6A,GPR4
NPSR1,GPR4
GPR65,GPR4
PROKR2,GPR4
PROKR1,GPR4
LPAR1,GPR4
GHSR,GPR4
KISS1R,GPR4
MCHR2,GPR4
P2RY11,GPR4
QRFPR,GPR4
F2RL3,GPR4
LPAR4,GPR4
MCHR1,GPR4
NMUR2,GPR4
NPFFR1,GPR4
LPAR5,GPR4
NMUR1,GPR4
LPAR2,GPR4
LTB4R2,GPR4
CYSLTR2,GPR4
LPAR3,GPR4
OPN4,GPR4
UTS2R,GPR4
CYSLTR1,GPR4
NPFFR2,GPR4
NPFFR2,XCR1
MTNR1A,BAG6
PLXNA3,BAG6
SMAD3,BAG6
CAP1,BAG6
HAVCR2,BAG6
MAGED1,BAG6
GPC3,NSF
NOTCH2,NOTCH1
SUSD2,NOTCH1
NOTCH3,NOTCH1
AGTR2,BDKRB1
CXCR4,BDKRB1
GPER1,BDKRB1
NPFFR2,BDKRB1
GPC3,NEDD4
AGTR2,GALR1
CXCR4,GALR1
GPER1,GALR1
ENPEP,RABIF
CALCRL,GCGR
NPFFR2,GCGR
CALCRL,SCTR
AGTR2,HTR5A
CXCR4,HTR5A
GPER1,HTR5A
NPFFR2,P2RY1
NPFFR2,AVPR1B
AGTR2,MTNR1A
CXCR4,MTNR1A
GPER1,MTNR1A
TLR9,ATP5PO
GPC3,CPA2
AGTR2,NPBWR1
CXCR4,NPBWR1
GPER1,NPBWR1
AGTR2,NPBWR2
CXCR4,NPBWR2
GPER1,NPBWR2
LRP1,LEPR
PLAUR,GCLM
TNFRSF14,GCLM
COL17A1,CD151
CALCRL,GIPR
LPAR1,ADGRE5
AGTR2,HCAR3
CXCR4,HCAR3
GPER1,HCAR3
AGTR2,NPY2R
CXCR4,NPY2R
GPER1,NPY2R
CALCRL,PTH2R
AGTR2,MTNR1B
CXCR4,MTNR1B
GPER1,MTNR1B
CXCR4,CDK8
AGTR2,CXCR3
GPER1,CXCR3
CALCRL,GPR15
NPY4R,AGTR2
P2RY4,AGTR2
CCR3,AGTR2
CCR4,AGTR2
CCR5,AGTR2
CCR6,AGTR2
CCR8,AGTR2
CCR9,AGTR2
TAS2R38,AGTR2
TAS2R39,AGTR2
TAS2R40,AGTR2
TAS2R41,AGTR2
TAS2R43,AGTR2
TAS2R31,AGTR2
TAS2R46,AGTR2
TAS2R30,AGTR2
TAS2R19,AGTR2
TAS2R20,AGTR2
TAS2R50,AGTR2
TAS2R60,AGTR2
CXCR4,AGTR2
GPR17,AGTR2
GPR18,AGTR2
GRM2,AGTR2
GRM7,AGTR2
GRM3,AGTR2
GRM4,AGTR2
P2RY14,AGTR2
NPY5R,AGTR2
C3AR1,AGTR2
HCAR2,AGTR2
OXER1,AGTR2
RXFP4,AGTR2
LPAR1,AGTR2
MCHR2,AGTR2
OXGR1,AGTR2
S1PR3,AGTR2
GPER1,AGTR2
MCHR1,AGTR2
P2RY13,AGTR2
SUCNR1,AGTR2
HCAR1,AGTR2
NMUR2,AGTR2
LPAR5,AGTR2
S1PR5,AGTR2
P2RY12,AGTR2
HRH4,AGTR2
NMUR1,AGTR2
LPAR2,AGTR2
RXFP3,AGTR2
TAS2R16,AGTR2
TAS2R14,AGTR2
TAS2R13,AGTR2
TAS2R10,AGTR2
TAS2R9,AGTR2
TAS2R8,AGTR2
TAS2R7,AGTR2
TAS2R5,AGTR2
TAS2R4,AGTR2
TAS2R3,AGTR2
TAS2R1,AGTR2
GABBR1,AGTR2
LPAR3,AGTR2
GPR55,AGTR2
HRH3,AGTR2
PTGDR2,AGTR2
NPFFR2,GNAQ
CXCR4,NPY4R
GPER1,NPY4R
CALCRL,HTR6
ESR2,CPT1A
LGR4,CPT1A
GPC3,KNTC1
CXCR4,CDK9
GPC3,NOVA1
CXCR4,SMARCA4
CXCR4,P2RY4
GPER1,P2RY4
TNFRSF17,IRAK1
NOTCH2,IRAK1
TRAF2,IRAK1
MAGED1,IRAK1
PKD2,PSMD7
CXCR4,CCR3
GPER1,CCR3
CXCR4,CCR4
GPER1,CCR4
GPER1,CCR5
CXCR4,CCR6
GPER1,CCR6
CXCR4,CCR8
GPER1,CCR8
CXCR4,CCR9
GPER1,CCR9
NPFFR2,RAP1GDS1
DLG4,DAPK1
GRIN1,DAPK1
UNC5D,DAPK1
MCFD2,CTSC
SMO,CTSC
GABRA6,USP14
ENPEP,UGT2B15
PKD2,VCP
NPFFR2,F2RL1
CXCR4,NAP1L1
PTCH1,CASP9
CDON,CASP9
TLR9,TMEM33
CXCR4,TAS2R38
GPER1,TAS2R38
CXCR4,TAS2R39
GPER1,TAS2R39
CXCR4,TAS2R40
GPER1,TAS2R40
CXCR4,TAS2R41
GPER1,TAS2R41
CXCR4,TAS2R43
GPER1,TAS2R43
CXCR4,TAS2R31
GPER1,TAS2R31
CXCR4,TAS2R46
GPER1,TAS2R46
CXCR4,TAS2R30
GPER1,TAS2R30
CXCR4,TAS2R19
GPER1,TAS2R19
CXCR4,TAS2R20
GPER1,TAS2R20
CXCR4,TAS2R50
GPER1,TAS2R50
CXCR4,TAS2R60
GPER1,TAS2R60
NPFFR2,GNG2
PKD2,KRTAP10-3
DLG4,PTEN
GRIN1,PTEN
LRP8,PTEN
QRFPR,PTEN
CAV1,SNAP25
GPR17,CXCR4
GPR18,CXCR4
GRM2,CXCR4
GRM7,CXCR4
GRM3,CXCR4
GRM4,CXCR4
P2RY14,CXCR4
NPY5R,CXCR4
C3AR1,CXCR4
HCAR2,CXCR4
OXER1,CXCR4
RXFP4,CXCR4
LPAR1,CXCR4
MCHR2,CXCR4
OXGR1,CXCR4
GPER1,CXCR4
MCHR1,CXCR4
P2RY13,CXCR4
SUCNR1,CXCR4
HCAR1,CXCR4
NMUR2,CXCR4
LPAR5,CXCR4
S1PR5,CXCR4
P2RY12,CXCR4
HRH4,CXCR4
NMUR1,CXCR4
LPAR2,CXCR4
RXFP3,CXCR4
TAS2R16,CXCR4
TAS2R14,CXCR4
TAS2R13,CXCR4
TAS2R10,CXCR4
TAS2R9,CXCR4
TAS2R8,CXCR4
TAS2R7,CXCR4
TAS2R5,CXCR4
TAS2R4,CXCR4
TAS2R3,CXCR4
TAS2R1,CXCR4
LPAR3,CXCR4
GPR55,CXCR4
HRH3,CXCR4
PTGDR2,CXCR4
TLR9,MAX
EFNB1,RHOA
APLP2,RHOA
EFNB3,RHOA
SMAD2,RHOA
EPHA10,RHOA
SEC63,WDR5
DLG4,HNRNPK
TLR9,RPS15A
TLR9,RPS16
TLR9,RPL23
TLR9,RPS24
NPFFR2,GNB1
GPER1,GNAI1
PKD1,CSNK2B
PTCH1,ADAM17
CAV1,SMAD3
DDR1,PKD1
CNGB1,PKD1
CNGA2,PKD1
CNGA4,PKD1
PKD2L1,PKD1
BEX3,XIAP
NOTCH2,XIAP
NOTCH3,XIAP
EBP,E2F1
TRAM1,E2F1
SLC1A5,E2F1
CALCRL,MC2R
CALCRL,MC1R
CALCRL,GHRHR
FAP,CAV1
PTCH1,CAV1
SCARB2,CAV1
STX1A,CAV1
FAT4,KMT2A
SIGLEC10,KMT2A
SIGLEC11,KMT2A
LGR4,KMT2A
CNTNAP2,KMT2A
CALCRL,PTH1R
EFNB3,PTK2
TLR9,PRKCZ
UNC5D,PTPN11
UNC5A,PTPN11
UNC5B,PTPN11
LILRA3,PTPN11
TNFRSF14,PTPN11
SLAMF6,PTPN11
SIGLEC10,PTPN11
SIGLEC11,PTPN11
SLAMF7,PTPN11
SIGLEC9,PTPN11
GRIN2B,PRDX1
TRAF2,KHDRBS1
RIPK1,KHDRBS1
LGR4,KHDRBS1
NPY5R,EP300
IL23R,EP300
IL17RA,EP300
NOTCH3,EP300
MAGED1,EP300
IL23R,FOXO1
BMPR2,FSTL1
MYLK,ACACA
TREM2,KLRD1
NPFFR2,GRM1
CALCRL,PTGDR
GPER1,GPR17
NPFFR2,GPR17
CD99L2,ATM
CD274,ATM
CALCRL,CRHR2
CD274,ATR
RYR2,PKD2
CALCRL,HTR4
BMPR2,ACVR2B
IL1RAP,CCNI
SMAD2,KEAP1
SMAD1,KEAP1
TLR9,RCN2
GPER1,GPR18
GPER1,GRM2
CALCRL,GPR176
STX1A,BECN1
JMJD6,KCTD2
JMJD6,DIP2A
NEO1,GANAB
TNFRSF10D,GANAB
S1PR5,MBTPS1
VANGL1,CASP8
TNFRSF10D,CASP8
VANGL2,CASP8
GPER1,GRM7
GPER1,GRM3
GPER1,GRM4
ESR2,EFTUD2
NPFFR2,P2RY6
GPER1,P2RY14
ERAP1,DHCR24
CD300LF,NR0B2
NPFFR2,LTB4R
NPFFR2,GPR68
GPER1,NPY5R
TSPAN17,KCNJ8
SFRP5,EZH2
SFRP4,EZH2
SFRP2,EZH2
MAGED1,EZH2
SFRP5,E2F4
HAVCR1,E2F4
STAB2,MAPK14
ROBO1,MAPK14
GPER1,C3AR1
NPSR1,CALCRL
GPR150,CALCRL
GPBAR1,CALCRL
RXFP2,CALCRL
P2RY11,CALCRL
TAAR1,CALCRL
GPR20,CALCRL
RXFP1,CALCRL
GPR84,CALCRL
GPR27,CALCRL
GPR83,CALCRL
GPR45,CALCRL
IL23R,HIF1A
IL17RA,HIF1A
HAVCR2,LGALS9B
JMJD6,HS1BP3
NPFFR2,GPRC6A
JMJD6,ARL6IP4
HAVCR2,LGALS9C
SORT1,CSPG4
NPFFR2,NPSR1
ROBO2,METTL3
PARD3,SIRT2
TSPAN17,PNPLA6
NPFFR2,GPR65
TLR9,STK11IP
JAM3,PALS1
TLR9,PIK3C3
NPFFR2,PROKR2
NPFFR2,PROKR1
GPER1,HCAR2
GPER1,OXER1
GPER1,RXFP4
GPER1,LPAR1
NPFFR2,LPAR1
NOTCH3,HDAC2
IL17RA,CREBBP
NR1H4,CREBBP
NOTCH4,CREBBP
NOTCH3,CREBBP
NPFFR2,GHSR
NPFFR2,KISS1R
GPER1,MCHR2
NPFFR2,MCHR2
NPFFR2,P2RY11
SORT1,MUS81
NPFFR2,QRFPR
GPER1,OXGR1
NOTCH3,NEDD4L
PTCH2,NEDD4L
SMO,PANX1
NPFFR2,F2RL3
GPER1,S1PR3
MCHR1,GPER1
P2RY13,GPER1
SUCNR1,GPER1
HCAR1,GPER1
NMUR2,GPER1
LPAR5,GPER1
S1PR5,GPER1
P2RY12,GPER1
HRH4,GPER1
NMUR1,GPER1
LPAR2,GPER1
RXFP3,GPER1
TAS2R16,GPER1
TAS2R14,GPER1
TAS2R13,GPER1
TAS2R10,GPER1
TAS2R9,GPER1
TAS2R8,GPER1
TAS2R7,GPER1
TAS2R5,GPER1
TAS2R4,GPER1
TAS2R3,GPER1
TAS2R1,GPER1
GABBR1,GPER1
LPAR3,GPER1
GPR55,GPER1
HRH3,GPER1
PTGDR2,GPER1
TLR9,PIK3R4
NPFFR2,LPAR4
NPFFR2,MCHR1
TLR9,CNPY3
TLR8,CNPY3
NPFFR2,NMUR2
NPFFR2,NPFFR1
NPFFR2,LPAR5
PROCR,OR51E2
NPFFR2,NMUR1
NPFFR2,LPAR2
NPFFR2,LTB4R2
RRBP1,AVEN
NPFFR2,CYSLTR2
NPFFR2,LPAR3
NPFFR2,OPN4
NPFFR2,UTS2R
NPFFR2,GPR132
SORCS3,NOVA2
NRXN3,NOVA2
NPFFR2,CYSLTR1
OXER1,LASP1
THBD,RHBDD2
SIGLEC6,PAX6
PVR,HHATL
KLRC1,CLDN11
FXYD6,CD74
CLEC7A,CD74
PTCH1,CD74
PPARA,HOXC8
PPARG,MAPK9
MYLK,APPBP2
THBD,SLC35C2
KLRC1,CD82
CD68,AQP6
ITGAM,AQP6
BSG,AQP6
THBD,AQP6
LGALS3,KIF16B
ITGAM,CERS4
SLC16A7,COMT
GPR42,COMT
TRHR,COMT
GPR152,COMT
FFAR3,COMT
CNR2,COMT
S1PR3,COMT
KLRC1,ERMP1
SLC16A7,HMOX1
KLRC1,CGRRF1
TIGIT,PLLP
MIP,AQP9
FZD7,AQP9
ITGAM,CD79A
THBD,CD79A
ATP6AP2,NKG7
LGALS3,CRX
IL3RA,TMEM147
TRAF2,CHCHD2
P4HB,CHCHD2
JAM3,MEOX2
CD68,AGR2
ATP6AP2,UPK2
RACK1,ARRDC3
ATP6AP2,TIMMDC1
SELE,FXR1
KLRC1,ATP6V0B
ITGAM,ELOVL4
ITGAM,GORAB
ITGAM,GJA8
KLRC1,GJB6
ITGB2,MTIF3
THBD,MTIF3
THBD,PHF24
THBD,FAM209A
TRAF2,SNAI1
ITGAM,ERGIC3
THBD,ERGIC3
AQP1,AMOT
ITGAM,GPR42
ITGB2,APOL2
MUC1,CD68
PPARG,GATA5
KLRC1,EMP1
KLRG1,KLRC1
GJB2,APLNR
MSN,LMO2
THBD,SLC19A3
ATP6AP2,CD72
ITGAM,TMEM14B
ITGAM,RUSF1
IL3RA,EMP3
ITGB2,ADAMTSL4
THBD,AIG1
THBD,EBP
ITGAM,CREB3L1
THBD,FCER1G
ITGAM,KASH5
THBD,PDZK1IP1
ITGAM,CLRN1
IL3RA,CLDN19
THBD,GPX8
GPR152,AQP3
MUC1,AQP3
ITGAM,ARL13B
CD151,ARL13B
THBD,MMGT1
ITGAM,GJB1
MUC1,ITGAM
IL3RA,NINJ2
TIGIT,MAL
IL3RA,C2CD2L
CD3E,BNIP3
AQP1,NUTM1
AQP1,NBPF6
AQP1,PPARA
AQP1,RIMBP3C
CCR10,ANXA2
EGFR,SELE
CEACAM1,CD300C
VCAM1,H4C8
VCAM1,LGALS14
FN1,LGALS14
CALCRL,MMVP1
CALCRL,RAB6A
TLR4,AMPD3
LGALS1,EPHB6
LGALS1,AMPD3
CAV1,MTCYBP44
LGALS1,TRAV24
CEACAM1,SKP2
ITGB2,ITGB1
IL9R,MIR27B
CD151,TRIAP1
THBD,SPRING1P1
CAV1,IGKV2D-29
ADGRE5,LOC110121048
LGALS1,SHLD2P1
CEACAM1,SMAD5
GPER1,GPR25
CEACAM1,MIR210
SORCS3,SLC2A1
NT5E,NDUFB4P12
GJA1,FRA1E
PVR,RPS25P8
CACNA1C,ENPEP
CD151,VCX3A
ADGRE5,RNU2-52P
GPER1,ALOX15B
GPER1,RSRC1
CEACAM1,BRWD1
CAV1,GRK4
EDAR,PVR
ADGRA2,TRIM51HP
CD163,UBE2E2
CAV1,FFAR1
CD151,SNORA98
ADGRE5,LOC110120706
CD151,KRT16
ATP6AP2,LOC110121048
ADGRA2,LOC112268079
RASA3,GPER1
CFTR,CTSC
DDR1,PCSK6
PVR,ATM
ADGRE5,EIF2S2
PVR,OR5J1P
CD151,PLA1A
PVR,MIR664B
PVR,EMX2
TNFRSF25,PVR
ATP6AP2,LOC110120706
LGALS1,FRG1
TEK,POLR2LP1
PVR,DTHD1
CEACAM1,ACADM
MC2R,CTLA4
CEACAM1,CTNNA1P1
PDE1B,HLA-DRB1
CAV1,LOC112533686
GABBR2,LGALS13
PVR,ATP1A2
CAV1,GPR39
PVR,LOC401478
PVR,POP5
CHRM4,TREM1
PVR,MSX1
BSG,BRS3
RECK,CEACAM1
PVR,MAP2K5
NT5E,HCLS1
PVR,RPL23AP64
LGALS1,RBM11
TNFRSF1A,RPL15P12
MC1R,CTLA4
PVR,NUTM2A-AS1
IL1R1,LINC00229
ATP6AP2,RNU2-52P
NT5E,CDKN2A-DT
PVR,LINC02363
PVR,REEP3
IL1RAP,LINC00229
CHRNA1,ADAM12
PPARG,GEMIN4
NFASC,TPP1
ZP2,GPER1
TEK,C1QBP
CNTNAP2,CTLA4
HCRTR1,MIR222
IGF1R,FREM1
TEK,TUFT1
CALCRL,HEPH
CEACAM1,RNU2-1
ADGRA2,VN2R15P
ADGRA2,HOXC@
CAV1,TAF15
PVR,C11orf71
CHRNE,CRIM1
PVR,MRX20
FRZB,MTOR
PDE1B,PCSK6
ANXA2,SLC25A5
SSTR3,MIR203A
CALCRL,TRBV25OR9-2
TNFRSF1A,CWC15
PLG,MIR153-2
TEK,RAB3B
IGF1R,MIR103A1
CEACAM1,STYXL1
CALCRL,OSGIN1
CAV1,SERF1AP1
ADGRE5,ATP6AP2
PVR,ABCA4
GPER1,GPR27
PVR,TRAJ55
CR1,CPA1
PVR,PLEKHO1
PVR,IGLV3-1
CAV1,ZNF593
ADCY9,CTSC
PVR,IGLV3-31
CD68,GSK3B
ADGRE5,IGKV2D-14
FAS,GLRB
IGF1R,RNASEH1
NCSTN,PVR
FAS,MT2P1
TNFRSF1A,PDZRN4
CAV1,SPIN3
EDAR,FUS
PPARG,MYH6
ATP6AP2,EIF2S2
CAV1,FOXA2
LRP6,IBD6
SORCS3,FUS
CD151,MIR605
ITGB1,GAPDHP61
MC2R,IL1RAP
ATP6AP2,LOC110121204
PTGDR,SERPINB2
PGR,PGAM2
CD70,CD68
TNFRSF1B,TAF13P1
FAS,MRX42
CSPG4,SLC45A2
CHRNB2,HDAC4
CD72,CD68
CAV1,PFAS
TNFRSF1B,PDZRN4
PGR,PGM3
CEACAM1,MMP1
HAVCR1,CDKN1C
TFR2,PDCD1
TACR3,HIPK3
CAV1,GOLGA2P3Y
FAS,CDIP1
GPER1,SPDYE14
EGFR,MEGF9
TNFRSF1B,INPP5K
MMP14,IL1RAP
CALCRL,SNORA5C
IL1R1,HCRTR1
CD74,RPL39
CDH11,MIR150
PVR,CYP1A2
CD79A,CD68
TNFSF8,LRP6
CAV1,HNF4G
SV2B,CDKN1A
CD69,CD68
CD68,CD63
IL3RA,GNB2
SEC63,GPC4
ENG,TIMM21
TEK,LOC110121212
CD74,RAP2B
SSTR3,SNHG22
IL3RA,FRA10C
TNFRSF10A,SERPINB2
PVR,SPIN3
LGALS1,IMPDH1P9
MC1R,SERPINA10
ITGB2,GAPDHP61
CD74,LOC108178984
TNFRSF1B,TUBBP11
TLR4,RPS19P7
MC1R,IL1RAP
PROCR,RN7SL1
SFRP5,GXYLT1P4
PROCR,PAXBP1P1
SIGLEC6,CLDN1
CD74,LOC112163551
BEX3,IDO1
ADGRA2,RPS11P6
PGR,PGA5
CDH6,STAT3
BSG,BRCA2
TECTA,SNAI1
CD274,CLEC2D
MRC2,PVR
PDCD1,PHOBS
TEK,IGLV10-67
PVR,FZD10-AS1
ITGB1,TRF-GAA9-1
CD151,PEX19
CD151,MIR34C
APLP2,DUSP5
NT5E,QRSL1P1
TNFRSF10C,ENG
NCAM1,MUC5B
CD200,MOV10
BSG,SLC2A5
FAS,MSR1
FAS,CRYGGP
DDR1,FAS
TNFRSF6B,CACNB2
EGFR,RPL23AP49
CCR5,MEN1
TNFRSF18,CASP8
SSTR3,SOD2
SIGLEC6,CLDN6
FPR2,DEFB104A
IL1R1,ADSS2
TEK,MSI1
FZD10,TP63
C1QB,MIR302A
TNFRSF6B,HDAC4
ADGRA2,MTND4LP24
COL13A1,CD68
PVR,NAP1L2
SSTR4,TRIM72
KCNQ3,HLA-DRB1
PROKR1,MIR411
PDCD1,ELK2AP
CHRNB1,HDAC4
BSG,BNIP2
PDPN,MIR216A
KLRD1,DLG1
ENG,CCDC183-AS1
PDCD1,PCOS1
CD151,LOC107986968
TNFRSF1A,MTAP
TNFRSF1A,FBXL12P1
PDE1C,CHCHD2
SIGLEC6,CEP83
TRPM2,KCNJ8
ADGRA2,GLYCTK
KCNJ10,SNHG22
ASIC3,MIR190A
ADGRA2,IKZF3
ADGRB1,UCA1
CD74,BMS1P18
PCDHGA12,TFCP2
LILRB5,ZEB2
CD8B2,MIR411
GPR182,EGFR
PROCR,OTX2P1
LTB,CYBA
GABBR1,MIR20B
PVR,KRT8P25
CAV1,DDR1
TLR4,HABP2
TLR6,GBP1
GPC3,SCARNA20
FLRT3,TERC
CAV1,LOC107986555
IL18RAP,XRN1
PVR,CERCAM
PDCD1,LGALS13
TNFRSF1A,FKBP1AP3
CAV1,DM1-AS
PVR,LINC02181
PVR,FRA11E
CD68,UBB
GPR55,CACNB2
ENG,IGKV1D-42
SLAMF1,PDCD1
TRAF2,KCNJ8
PDCD1,GNAI1
PVR,FGF7P4
CTLA4,COMMD5
CCKBR,MIR302A
PROCR,LOC106783503
TNFRSF13B,ENG
TGFBR1,SIGLEC6
SCARB2,CACNB2
HAVCR1,LOC108254692
IL1RAP,LOC402229
CD74,MAGEA2
ATP6AP2,PPP1R1A
IL1RAP,LINC02908
ADGRA2,FAM27E3
CAV1,ALG11
PVR,IL1R1
SIGLEC6,PXDN
SIGLEC6,MIR133A1
GPR68,PTPN11
CAV1,LOC115945157
CAV1,DENND6B
EPHB1,CR1
CD74,MIR219A2
HAVCR1,FAM74A4
PVR,BRCA1P1
TLR4,AMPH
NT5E,GUCY1B2
CSF1R,ADORA2B
CDH4,MIR29A
CD74,UBE2D2
TNFRSF1B,MIR17HG
PPARG,MYH2
TEK,MT3
ST14,PLAT
ADGRA2,WDR91
LGALS1,TRBD2
CD74,RUNX1T1
CD74,RNU6-461P
SFRP5,JCHAINP1
CD81,MIR139
SCARB1,CDKN1A
TEK,LOC112163668
TNFRSF1A,CTNND2
CAV1,FAUP1
FCGR1A,SERPINA10
PCDHGA12,ENG
MSR1,MIR20B
NT5E,OR51A4
CAV1,EXTL3
FOLR1,NFKB1
CD81,GNB3
CEACAM1,PEX19
TACR1,ASS1
PPARG,TRNN
NGFR,LGALS13
LGALS1,PLPP6
TLR5,KCNJ8
CAV1,LOC110599586
BSG,ACSL1
TEK,DAG1
SFRP5,TRR-ACG2-4
GPC4,FBN2
AGTR1,DYNC1I1
CAV1,LOC110806262
PPARG,IL4R
GPER1,MAGEC2
GPER1,POP5
RHO,DNMT1
THBD,MUC20P1
IL1R2,GPC4
ENG,SMAJ
GJA1,HDDC2
CAV1,RPL21P29
IL1RAP,GLB1
CEACAM1,GHR
CAV1,LINC00850
LGALS1,KRT6A
CAV1,SPTBN5
JAG1,MAPK14
TECTA,PROCR
FLRT3,GSTM1
PTGER4,MIR20B
HAVCR1,RPS12P17
SIGLEC6,TYMS
IGF1R,PAIP2
STX1A,NFE2L2
CD151,RFX3
ADGRA2,RN7SL5P
ADGRA2,GUCY2D
TLR4,CELA1
CCKBR,CYBB
CALCRL,ASAH1
IGF1R,GLTP
TNFRSF1B,KCNG1
BEX3,DNMT1
CHRNA5,HDAC4
IL1RAPL1,THBD
RAMP1,DUSP5
IGF1R,PKP4P1
CAV1,EIF2AK2
HLA-F,UBQLN2
HAVCR1,GOLGA8S
CD74,TRAJ3
NCR2,MIR222
TEK,GPLD1
SIGLEC6,GJB2
TENM4,CYBA
PECAM1,MIR491
CELSR1,MIR296
IL1RAP,GLC1B
AXL,MIRLET7D
HAVCR1,SNORD115-13
HAVCR1,ACKR4
CD74,ANK1
CAV1,GOLGA8S
HAVCR1,PLEK2
TEK,NR5A2
CD151,LOC110120749
CAV1,RPL23AP64
RAMP2,DUSP5
CEACAM1,CXXC1
TFR2,PNPLA6
RYR2,BCL2
TEK,RAB3A
LILRB3,PRDX4
LRP6,UTS2R
CAV1,MIR10401
TNFRSF14,CD74
HAVCR1,LOC110121059
SIGLEC6,GRM6
HAVCR1,PREPL
HAVCR1,RNU6-428P
SFRP5,DLX1
ITGB2,FRA6E
HAVCR1,F11R
HLA-B,GSTM1
RET,MIR29A
TIE1,TERC
TMEM115,MAPK14
PROCR,IGKV3-15
CAV1,DUOX2
CAV1,CTNND2
TEK,MBTPS2
LGALS1,DCDC2
THBS1,MIR204
CASR,NFE2L2
TEK,C1QC
IL1RAP,LPAR4
CTLA4,IGLV3-1
THBD,PLPPR5
ADGRL3,PLAT
SIGLEC6,PTMAP2
GJB2,DNMT1
TNFRSF25,ADAM17
TNFRSF1A,LRRD1
CTLA4,CWC15
NCSTN,TEK
CD74,IGHA2
CAV1,LOC106627982
PVR,KCNA7
PTCH1,FPR2
PROCR,TMBIM6
PCDHGA12,BAG6
CAV1,HSPB11
TEK,MT1B
ATP6AP2,DUXAP11
CXCR5,MIR106B
DDR1,ANXA2
SPHK1,MIR652
HAVCR1,RALB
ATRN,NR0B2
ATP6AP2,ZBTB11-AS1
PPARG,CRK
SFRP5,SFRP4
SCARB2,MIR216A
FCAR,CPT1A
SIGLEC1,KMT2A
ITGA5,MIR20B
PPARG,MPC1
CAV1,LOC107987467
GPC3,FOSL2
TNFRSF1B,FDPSP3
CD74,MIR759
IL3RA,LOC401589
PCDHGA8,PUM1
HAVCR1,MIR26B
TNFRSF10D,MIR203A
CACNA1C,LMO2
SIGLEC6,SNORA105B
ATP6AP2,LOC110120712
ATP6AP2,PGBD4P1
LPAR3,ASCL2
CD151,ITIH3
CD74,HFM1
CD68,DGKQ
CHRNA2,MIR106B
CD151,PPM1M
IL4R,LGALS13
PDCD1,KCNE1
AGTR1,IGLVI-42
TNFRSF4,MIR25
NT5E,FRA4C
IL3RA,MED15
FLRT1,NFE2L2
FCAR,CYBB
CDH6,ATM
CD74,RNU6-1055P
IL18RAP,PVR
LGALS1,TRIM33
CD48,HTRA1
PVR,IGKV3-15
ADGRA2,UQCRB
BSG,DUSP3
ADGRE5,DUXAP11
NR3C2,ACSL4
CAV1,FRA12B
SIGLEC6,SNORA90
CASR,CPT1A
CAV1,THOP1
FAS,NT5E
HAVCR1,PDK2
PDCD1,KCNC3
THBD,RPL34P27
C5AR1,MIR203A
CAV1,ST8SIA3
GPER1,FUCA2
BSG,DUSP5
HAVCR1,LOC110120937
PROCR,TRQ-CTG18-1
ITGA10,NFE2L2
LRP6,MIR8054
IL1RAPL2,PTK2
ITGB2,LOC440792
CEACAM1,IGLV3-30
GPR55,BAK1
ATP6AP2,FFAR2
SEC63,MPO
ADGRE5,PGBD4P1
CAV1,LGALS9C
CAV1,FDPSP8
IGF1R,IGKV2D-19
PDPN,LMX1B
RHAG,DNMT1
TNFRSF11A,PTK2
THBD,GPR179
PVR,EEGV1
HAVCR1,SURF1
HAVCR1,PRKCZ
IL1RAP,GPR39
CD59,ATM
CEACAM1,IGLV3-22
CD74,RAPGEF6
PVR,FTH1P21
CDH8,PPP1R3A
CDH3,MIR181A1
PCDHGB4,MIR203A
HAVCR1,PIK3R4
TEK,OTX2P1
PVR,LOC728452
LILRB5,PVR
PVR,GMPR2
ENG,EN1
ADGRA2,CACNA1D
HAVCR1,LOC112267904
BSG,IGKV2D-10
PROCR,CCA1
NCAM1,DPYS
FAS,ZNF124
CAV1,KIF11
ANXA2,FECH
ADORA2B,IGKV3OR2-5
GPC3,GAA
CXCR5,TRIM72
TEK,SNORD173
CALCRL,IGKC
CD74,RNU6-654P
IGF1R,ZDHHC8
CAV1,NR6A1
TEK,SDHAP1
CD74,LINC01348
LRP6,IRAG2
CAV1,RPL23P2
FAS,MMP14
HAVCR1,TRAM1
CALCRL,TRIAP1
LRP10,SIGLEC6
ATP1A3,E2F1
CALCRL,RNU1-151P
CALCRL,LTC4S
CAV1,FAM30C
IL3RA,LOC649133
CANX,PTK2
ITGB1,LOC401957
THBD,IGLV3-6
CD151,ACAD9
CAV1,LOC440059
HAVCR1,LOC110121180
HAVCR1,LOC108281160
HAVCR1,UBE2N
TNFRSF14,ENO2
TACR1,STRN
SFRP5,RPS3AP15
PVR,RPS29P12
TECTA,IGF1R
HAVCR1,PRKXP2
HAVCR1,PEPB
CHRNB4,CTPS1
ADGRA2,LOC107882133
ADGRE5,GPR39
CAV1,NKX3-2
ITGB2,TUBBP4
HAVCR1,MIR23A
TEK,SMG1P2
HAVCR1,HPCAL4
BSG,DUSP4
SIGLEC6,TUBA1A
RET,HBA1
PVR,ECSIT
TNFRSF1B,LRRC37A5P
NT5E,MT1L
TEK,CYP3A54P
CEACAM1,SCN4B
CHRNA2,AMBP
ADGRG1,ACTN4
ATP6AP2,C6
RAMP2,ENG
NCAM1,ACAA1
ATP6AP2,CELSR2
CD151,MIR585
NCSTN,MIR187
ADGRE5,TSHZ1
CD151,LOC112469014
SFRP5,RNPEP
CTLA4,MBTPS2
CCR6,MIR29C
SDC2,LMO2
LGALS1,MIR571
LGALS1,MIR103A2
LGALS1,OR2A20P
IFITM1,CX3CR1
SIGLEC6,MMP9
LRP6,OR4D5
PPARG,HNF4G
CALM1,MEN1
GJA1,CLEC4A
NOTCH2,ABCA1
CD74,TRAJ1
CAV1,ANO7
SFRP5,PREP
CALCRL,SLC1A4
CAV1,KCNQ1
CAV1,RNA18SN5
TEK,COMMD4P2
TYRO3,TEK
ATP6AP2,LOC112529905
ENG,TRAJ51
BSG,PRD
TNFRSF6B,PVR
SFRP5,KCNC2
EDAR,CYP21A2
THBD,FZR1
ITGB2,A4GALT
EFNA1,ALG5
THBD,POTEG
ADCYAP1R1,HDAC5
HAVCR1,SNORA105C
NT5E,MSD
HAVCR1,SPD3
TEK,TRN-GTT19-1
CCR6,TP63
TNFRSF11A,SLC7A5
CAV1,FLJ46875
CD74,HPCAL4
SFRP5,GNAI1
GJA1,FTH1P12
GJA1,BACH1-IT3
GJA1,RAB6B
P2RX6,MIR139
NFASC,TEK
SORL1,PVR
CAV1,ABCB11
CHRNA1,CDKN1A
SORCS3,CYP21A2
LRP6,ZBTB11-AS1
CATSPERD,TLR8
IL36RN,SLC7A5
SLC16A7,SLC7A5
CALCRL,GLRA3
LGALS1,FRA14B
TLR4,UBE2J1
EFNA4,CPT1A
GPC4,DCUN1D1
HAVCR1,LOC401442
LGALS1,NME9
HAVCR1,ITGA4
PROCR,PYCR2
SFRP5,MYMY1
AGTR1,DLX6
LY9,MIR134
PTH1R,CTPS1
HAVCR1,PPP1R2
ENG,DFFA
CD151,MIR504
PDE1B,CHCHD2
TEK,FAM90A20P
TEK,IGKV1OR2-9
CD2,CD274
TEK,TEAD3
DDR1,MIR204
CAV1,FREM1
CAV1,C1R
LRP10,AMBP
TNFRSF10B,MIR211
CD74,GK3P
CNTNAP2,ALG5
THBD,IRF7
TNFRSF14,MMP9
MLNR,ABL1
SSTR4,CRIM1
ADGRE5,LOC112529905
HAVCR1,LPSA
HAVCR1,POU3F1
TNFRSF1B,AP1S3
NECTIN3,LITAF
CAV1,LOC110120722
FZD1,MIR124-1
CCR7,CAV1
CCR6,MIR139
CAV1,SOX14
SIGLEC6,GRIK5
TEK,BRCA1P1
CAV1,CDK5R2
CAV1,NCF2
IL1RL1,SPOP
TACR2,DNAJB11
CAV1,RNU6-12P
TACR2,HBA1
CAV1,UTP18
GABBR2,PDCD1
BRS3,DUSP5
IL1R1,CTBP1
GJA1,FTL
CAV1,PIP4K2A
HAVCR1,EVL
ITGA11,MIR187
THBD,XAGE1A
CALCRL,KRT18P64
MCC,MIR21
PLXNB2,PTK2
CD163,ST8SIA2
BSG,SLC6A12
CD74,GUCY2C
LGALS1,SNORD50B
SV2B,SPOP
IL1RAP,PDE4DIPP2
SFRP5,MRPL35
CD74,LOC401357
CD74,SLC39A2
PTPN6,MIR204
PCDHGA8,LMX1B
BSG,DSG3
BEX3,PLAT
FPR2,SNX11
TEK,SPTBN2
TEK,DUOX1
GPER1,BCO1
CD80,FABP4
BSG,RNU6-502P
LRP10,MIR222
IL1RAP,CTBP1
CDH11,CD274
IL2RB,MIR320A
CCR5,CAV1
TEK,IGLJ4
FPR2,MRPS33
STAB1,ENG
SLC18A3,MIR106B
ADGRA2,LOC110120779
CAV1,SPRING1P1
ATP6AP2,SIRT7
TEK,PRKAR1A
CAV1,CALY
SFRP5,MIR199B
ENG,PHC1
SIGLEC6,NOX4
KLRC4,GBP1
CD4,MPO
TNFRSF14,TNFRSF1A
NT5E,PSMC3IP
ADGRA2,KRT33B
THBD,GPD2
THBD,CXCL1P1
THBD,HILPDA
SFRP5,C8orf82
NOTCH3,MIR214
CAV1,TEX50
CTLA4,IGLV3-22
NOTCH4,MCL1
THBD,ACACA
TAS2R4,CD274
CDH8,ATM
THBD,ARPC3P5
SSTR1,PBX3
ADGRE5,STX18
GPC4,FBXW11P1
BSG,SLC6A1
HAVCR1,PLD3
TNFRSF1A,SLC6A16
KCNQ1,MIR140
GPER1,TRAV1-2
CAV1,LOC440792
CAV1,ATRAID
HAVCR1,CBL
CCKBR,MIR155
CAV1,ARX
TNFRSF1B,TMSB4XP6
TNFRSF10A,TERC
GPR65,TNFRSF1A
ATP6AP2,LOC110121128
ATP6AP2,NYS5
TEK,CLIC6
IL18BP,MIR652
ITGA10,DNAJB11
CEACAM1,TRAJ6
TNFRSF1B,SCAND1
CCR5,TERC
LRP10,GSTM1
ADGRL3,EP300
CD151,DAND5
CEACAM1,GSTA1
CRLF1,ASCL2
GPER1,TRAV1-1
BSG,PRR16
THBD,RPL23P5
STAB1,CAV1
ATP6AP2,LOC110120664
CAV1,SNORD141B
CD151,LOC106799835
ADGRA2,C11orf21
ATP6AP2,LOC107987441
TNFRSF11A,TERC
ENPEP,EGFL7
HAVCR1,ACTG1P11
TNFRSF1A,CALML6
ADAM21,ENDOU
GPR183,DAPK1
TEK,RNU6-1151P
TEK,MSNP1
CAV1,LOC110120679
ATP6AP2,LOC108353816
ATP6AP2,SLC47A1P1
L1CAM,CYP21A2
TEK,SLC38A3
CAV1,ODC1
ATP6AP2,TRR-TCG3-1
ADAM23,TERC
TEK,HSD17B3
TEK,GBX1
CD151,MTCYBP44
THBD,OR7E160P
ENG,EMX2
IL1R1,MIR196B
NT5E,XKRX
NT5E,EP300
CAV1,TRAV2
CAV1,LOC112268054
LRP6,IBD5
CAV1,MIR548A2
IL1RAP,TRMT13
CALCRL,FAM183EP
CALCRL,RNU6-618P
PTPN6,PBX3
TREM1,IGLVIV-64
CAV1,LOC107303342
NT5E,NUTM2A-AS1
NT5E,RPS15AP4
PCDHGA12,CD151
CRHR1,ABCA1
CALCRL,SIGLEC1
HAVCR1,TLE4
CAV1,FOXD4L5
CAV1,PRCP
NMUR1,BCL2
BSG,DTX1
CALCR,PTK2
CEACAM1,ABCA1
CDH17,TRIM72
CAV1,GALNT1
CLCA2,MIR214
CAV1,LOC121056746
CD151,ZNF112
IL18RAP,CYP21A2
CD151,TNFRSF12A
SFRP5,AMPH
TACR2,MIRLET7A1
LILRA4,USP5
ANXA2,EPHB1
CD74,TRRAP
CD74,STX19
CAV1,VCX3A
TFRC,ATM
TEK,RNA28SN2
ADGRE5,LOC112163634
CCR7,THBD
TNFRSF4,TREM1
PVR,DGCR8
BSG,EA3
NR1H3,MIRLET7A1
TEK,MT1F
TEK,FRA15A
TEK,LINC01451
TLR4,RNU7-159P
CAV1,LOC109580097
SIGLEC6,AMY1C
TNFRSF11A,MTOR
TACR1,MIRLET7A1
GABRG2,CTPS1
ADGRA2,C4BPB
TACR2,SNAI1
LRP6,KTN1
ADGRE5,LOC107987441
MELTF,MIR139
CAV1,BTF3P5
CAV1,KLK10
TEK,MPV17
ADAM23,DKC1
CAV1,FOXA3
PPARG,GSR
CAV1,SLC14A2
CAV1,TMEM236
CD74,LOC110121282
NCSTN,TP63
ADGRE5,LOC108353816
ADGRE5,SLC47A1P1
MPZ,MIR17
CHRNA5,STRN
CCR6,THBD
ADGRE5,TRR-TCG3-1
PVR,CCDC183-AS1
TEK,MTERF3
TEK,GOLGA8CP
SSTR5,BSG
TNFSF8,TLR8
ATP6AP2,LOC112163551
TREM1,CELA2B
LGALS1,MIR30B
LGALS1,NXT1
CCR5,THBD
TNFRSF1B,TGIF1
TNFRSF1B,SLC6A16
MMP14,EP300
ADGRE5,LOC110120626
MADCAM1,MIR139
CAV1,ASLP1
RAMP3,PTK2
NT5E,EDNRA
CD99,LGALS13
ITGB2,ANKRD18B
TNFRSF1A,RPL6P1
FPR2,ATRAID
LGALS1,IGKC
CAV1,SNAPC3
LRRTM2,MIR216A
ADGRA2,C5AR1
ADGRA2,RPL23AP71
CALCRL,NMTRL-TAA4-1
CD151,LOC110121081
BSG,SLC2A2
NCSTN,ENDOU
ST14,SNHG22
PDGFRB,HLA-DRB1
CAV1,MBL3P
CAV1,NDN
TEK,CRIP1
CD74,RPLP0P9
CEACAM1,PPHLN1
PVR,SERPINA12
TEK,SMOX
CAV1,GASAL1
AOC3,MIR219A1
C3AR1,DUSP5
PPARG,ITIH3
CD74,MPTX1
CELSR1,GNG7
GPC3,IGLJ1
BSG,SLC6A6
ATP6AP2,PSMC6
TNFRSF1A,SNORA14B
BSG,TRK-TTT6-1
CD151,TRAJ1
CAV1,CNPY2-AS1
FZD10,CASP9
TNFRSF1A,TDRG1
TNFRSF1A,CAB39
IFNLR1,ALG5
CD74,LOC121132705
CAV1,LOC100132599
TEK,PRKAG2
PCDHGA8,LOXL2
ADGRE5,GCHFR
CD74,PFN5P
HAVCR1,PSTPIP1
CALCRL,DNAJB11
TEK,NPM1
CAV1,MIR504
THBD,MGST1
BAMBI,CDKN1A
HAVCR1,HBQ1
CD151,CTAG1A
ADGRL3,MCL1
NCSTN,MIR219A1
NECTIN3,CPT1A
KCND1,TRIM72
HAVCR1,SNORD114-9
IL1RAP,FAM230A
CAV1,GNAO1
CHRNA2,BSG
BSG,FOXD4L5
ADGRA2,EIF2S1
BST1,DUSP5
TLR4,ACAD9
NT5E,LOC402229
ADAM23,SOD2
TEK,NAB2
ATP6AP2,CACNA1E
CDH6,CASP9
PTPRB,MIR125B2
ENG,POMT2
BSG,RPL34P16
CAV1,COPZ2
CAV1,LDHBP2
TEK,ECSIT
CD180,GSTT1
EPHB6,CR1
CD74,MIR574
SIGLEC6,UBQLN2
TLR4,OMP
ADGRE5,LOC112163551
HTR5A,ENG
MELTF,CYP19A1
HTR5A,CYP19A1
GPC4,MIOS
BSG,SLC6A3
BSG,LIMA1
TNFRSF1A,BCAT1
CHRNA6,HLA-DRB1
LRRTM2,FTL
LRP6,PAQR7
TREM1,TRAJ19
CEACAM1,RPL41
TEK,XS
ACVRL1,CD151
ENG,TRAJ21
PPARG,KEL
CAV1,IGLV3-13
TREM1,IBD6
TNFRSF10B,MIR125B2
PROCR,RWDD2B
CEACAM8,ALG5
PPARG,BRWD1
DDR1,TNFRSF1A
CHRNA1,MIR106B
CX3CR1,AMOTL2
ASGR2,AHR
ADGRE5,CNE9
CAV1,RNA5-8SN2
HAVCR1,LOC112163666
SIGLEC6,PLCB2
ADGRA2,SERPINA7
HAVCR1,LOC649133
ATP6AP2,LOC121079947
LRP6,PDE11A
TNFRSF1A,LOC107457601
LGALS1,TRAV10
CEACAM1,REG1CP
PROCR,MIR196A1
NT5E,SNORD116-21
SIGLEC6,GLUL
TNFSF8,CTSC
ATP6AP2,AGAP6
ATP6AP2,APIP
SV2B,AIM2
CALCRL,FLJ38576
GPR160,HLA-DRB1
CD74,LOC653071
CD151,PPIAL4A
PDE1A,MIRLET7D
PVR,HELLPAR
CANX,CX3CR1
GJA1,EEGV1
TGFBR3,MIR181A1
TNFRSF1A,RPL7AP30
CEACAM1,S1PR3
TEK,ILF3
CD163,PRKAR1A
NT5E,DDX12P
CD151,DEFB133
TNFRSF25,ACTN4
MLNR,MAPK14
CALCRL,RNU6-630P
CD151,IFITM10
CAV1,LOC110120588
BSG,LINC01136
ADGRA2,GALNT3
TNFRSF10B,EPHX1
NT5E,NUDT1
SSTR1,ZEB1
CAV1,WT3
ATP6AP2,REG1B
PVR,TRT-AGT1-1
PVR,UBN1
TNFRSF1B,RPL6P1
CD74,FADD
ADCYAP1R1,USP5
CX3CR1,MYLPF
CD58,MIR216A
SFRP5,MKNK2
TEK,SNORD70B
TNFRSF14,CTSC
NT5E,RPS16P2
CHRNB3,NT5E
BSG,SLC6A11
CAV1,LOC440311
PTPRG,SMAD4
CD274,TMEM176B
CHRNB4,EFTUD2
TLR4,ZACN
GPR68,GJA1
ADGRE5,ATP5PO
AGTR1,DDB1
CALCRL,SNRPA
CDH4,MEN1
BSG,SLC6A13
CD200,MIR153-1
LRP10,LRP6
TEK,BFAR
CASR,HBA2
BSG,SLC6A9
TNFRSF1B,GOT2
CAV1,IGKV3-7
TLR4,LOC729870
TLR4,MIR597
TLR4,EIF4EBP2
CD74,LOC110121375
CAV1,RFLNB
ADGRA2,DSE
BSG,ETFB
TNFRSF1B,CAB39
CCKAR,LRP6
ADGRA2,LOC112268096
CAV1,CAPZA1P1
NT5E,RIPPLY2
ENG,RP29
ACKR2,SFRP5
TLR4,EMCN
TNFRSF1B,TRNY
TNFRSF1B,ZNF691
ANXA2,GTF2H3
GPC3,TMED5
ADGRE5,LOC121079947
BSG,FCMTE1
PVR,IFNA20P
PVR,TMEM198B
CAV1,HNF1B
CDH17,MIRLET7A1
TLR4,OPRD1
SIGLEC6,LAG3
CAV1,KAT2A
TLR1,MEN1
CAV1,TRF-GAA8-1
BSG,SLC6A7
ATP6AP2,LOC110120609
TEK,IGLV8-61
PHEX,KCNJ8
LAMP2,MIR125B2
CD74,SLC18A3
ADAM21,MBTPS1
LGALS1,PRKAG3
CEACAM1,TRK-CTT11-1
BSG,SLC5A3
CHRNA2,PNPLA6
ITGA4,HABP2
TEK,NSDHL
ATP6AP2,TRK-CTT8-1
CDH13,CAV1
LRP6,LRCH4
LILRB5,MIR652
BSG,DRD5P2
TNFRSF1A,LOC401357
TEK,EID3
SFRP5,MAP4K2
TEK,LMX1A
CD151,GPX7
CD151,LOC107985957
BSG,SLC6A2
NLGN1,AFM
ASTN1,HLA-DRB1
TEK,WASHC3
NRXN1,TEK
AR,BAG6
CD151,RPS15AP21
SV2C,ADAM9
NCR2,HAND1
NT5E,M6PR
ADGRE5,CHKB-DT
UTS2R,ALG5
PTH1R,HBA2
BSG,SLC6A4
ADGRA2,TCEA1P1
MPZ,MIR146A
SLC18A3,CTLA4
CAV1,ZNHIT2
CAV1,KRT5
ADGRA2,LOC112267924
ADGRA2,RN7SKP173
LGALS1,CD27-AS1
CD274,CPM
CALCRL,BCO1
CNTNAP2,HAND1
CXCR5,NCAM1
NCAM1,CAPN14
CAV1,RNASEH1
CALCRL,CARS1
TLR4,HADHAP1
TNFRSF1A,FUCA1
NCAM1,KIR3DL1
NCAM1,NUSAP1
PROCR,PVR
PVR,MAGEE2
BSG,SLC5A1
TNFRSF1B,RAD23BP3
ATP5F1B,KLRD1
ANXA2,CRHR1
PPARG,CLEC2D
NCAM1,GASK1B
GPR182,ACTN4
LRP6,MIR196B
NCAM1,MB
ATP6AP2,N6AMT1
ADGRA2,SLC12A7
CAV1,DEFA5
LGALS1,FDPSP3
ATP6AP2,LOC110121234
KCNQ1,MIR29A
ADGRA2,A4GALT
TLR4,EIF4EBP1
BSG,ARF4P1
SLC16A2,CEACAM1
IL1RAPL2,MEN1
CAV1,CDC26P1
CAV1,LOC112268314
CALCRL,TRGV8
TLR1,ADAM9
LRP6,INPP5K
SDC1,PVT1
ATP6AP2,LOC110121288
THBD,CELA1
TACR1,TLR8
CASR,BSG
CALCRL,IQGAP1
SSTR1,MIR222
EFNA2,DKC1
TEK,CALM1P2
NT5E,DNAJC15
TLR4,HADHA
CMKLR1,THBD
BSG,RPS15AP28
TEK,RPL12P47
CALCRL,ATP6AP2
TACR2,CD151
NT5E,MIR222
ATP6AP2,TFPI2
CAV1,ACHE
ADGRE5,TRK-CTT8-1
TLR4,SNORD116-21
ATP6AP2,PDON2
IL1RAP,PDON2
DDR1,TFPI2
PROCR,RABGGTB
RIPK1,PCSK6
TEK,SCG5
TEK,DCXR
NCAM1,DFFB
TNFRSF1B,ZBTB44
LRP6,RPL18AP5
CAV1,LOC107988044
KEL,DAPK1
KLRD1,LOC440568
TNFRSF1A,GATA5
THBD,ATP5F1AP2
CD151,SNORA9
CAV1,SUZ12P1
TLR4,TRAPPC2L
TLR4,OGG1
CEACAM1,RPL41P5
THBD,METTL1
TECTB,HLA-DRB1
RYR2,HLA-DRB1
LGALS1,OR10AE3P
LGALS1,EIF4G2
LGALS1,IGKV1D-42
TNFRSF1B,LOC106699570
TNFRSF1B,MIEF1
SSTR4,EPHX1
CD74,TRAV38-1
PODXL,ATM
CD274,TRAV8-2
CAV1,LOC110121081
HAVCR1,MEN1
CD74,SNORA71D
NCAM1,GALR1
SIGLEC6,DDX10
ADGRA2,PRKRA
NCAM1,GRIN2D
ATP6AP2,LOC112543462
CD151,SPOCK3
TNFRSF1A,TSPY6P
LRP6,PLCE1
CD74,MCHR1
NCAM1,MAZ
TEK,MRPS16
TLR4,HAS2
TLR4,HARS1
LGALS1,CRYBB2
TLR4,DNAJB1
CAV1,IER3
CALCRL,PTLAH
CALCRL,EA3
LILRB5,KCNJ16
ADGRA2,SNORD160
TREM1,PNMA3
ADGRE5,N6AMT1
CAV1,IL7R
THBD,SCGB2A2
TNFRSF14,FUS
LRRTM2,MIR219A1
KLRC3,MIR27A
NR1H4,MPO
TIE1,CD274
ADGRE5,CDC26P1
TLR4,SNORD84
TLR4,HADHB
HAVCR1,GSPT1
SIGLEC5,HTRA1
LILRB5,SIGLEC6
CAV1,ORS8
BSG,SLC9A1
TNFRSF1A,SNORA9
LRP6,NPSR1-AS1
LY96,MIR29A
BSG,SPIN3
LGALS1,STUB1-DT
LGALS1,TRAJ45
SIGLEC6,PPP2R3A
LRP6,P2RY13
THBD,MFAP4
GJA1,HEIH
LILRB3,TEK
CACNG3,CAV1
TNFRSF25,FUS
MPZ,MIR190A
CALCRL,NFKBIE
CALCRL,RASEF
CDH6,MIR21
TLR4,PCF11-AS1
THBD,DUPC1
C1QBP,TLR8
SLC1A5,MIR29A
ATP6AP2,TNNI2
ADGRE5,TFPI2
BSG,RN7SL45P
TREM1,PPIL1
TLR4,ITGB5
MMP14,MIR222
LGALS1,EPHX1
ADGRE5,LOC110121204
ADGRE5,PDON2
BSG,SLC4A2
CD200,SMAD4
CDH1,MPO
TEK,SNORA104
BSG,SLC8A3
BMPR1B,ATM
ADGRE5,ATOH1
CD151,CYP2J2
NCAM1,TRL-AAG1-1
NCAM1,KIR2DS4
LRP6,IGKV2D-14
NECTIN3,SOD2
ADGRA2,OR5D2P
ADGRA2,SNORD151
CALCRL,AGGF1P7
NRXN3,ALG5
GPER1,FAM135B
ADGRE5,PRKAR1AP1
TREM1,IGLVIV-59
TRADD,BECN1
TNFRSF1B,FUCA1
NCAM1,GALK2
SSTR1,MFN2
CAV1,GRIN2C
KIR3DL1,CX3CR1
CX3CR1,NUSAP1
ENPEP,ERVH-4
TEK,IGKV1D-32
CTLA4,DDX41
NCAM1,KCNJ13
FPR2,IGKJ4
TNFRSF9,MIR125B2
S1PR4,DNAJB11
CALCRL,LOC106780800
ADGRE5,RHOBTB1
CHRNG,USP5
TLR4,RNU6-654P
TLR4,GMFB
TNFRSF10C,AKT1
CX3CR1,GASK1B
NCAM1,LDHA
NCAM1,KLRB1
TNFRSF1A,TUBBP11
TNFRSF1A,MECP2
CLCA2,GSTT1
UTS2R,AMBP
TNFRSF1A,MTND4LP21
CYSLTR1,MEN1
TLR4,OR10J6P
ENPEP,ZBTB7A
CD151,SNORD153
TNFRSF1A,FRA8E
TEK,LOC107986290
BSG,SLC9A3P1
DDR1,MPO
HAVCR1,GCNT4
CEACAM1,BDKRB2
CEACAM1,CNN3-DT
IL9R,IL1R1
TNFRSF10B,BAG6
ENPEP,ANKFY1
TLR4,PDE3A
NCAM1,KCNJ14
NCAM1,GALNT2
TENM4,ACTN4
PTPRG,MTOR
TEK,ZNF189
CD9,USP5
CAV1,SLC5A6
NCAM1,FAS-AS1
NCAM1,RTL3
NCAM1,KRT76
BSG,SLC2A3
TREM1,RP29
CAV1,CXADR
HAVCR1,HBE1
SSTR1,AFM
NCAM1,KCNJ12
ACKR2,THBD
LGALS1,SPDYE7P
LGALS1,AZIN1
CAV1,FBXW11P1
CLEC10A,LOXL2
BSG,SLC10A2
TLR4,PROKR2
NCAM1,CTSW
ADGRE5,TMCO1
PVR,NMTRL-TAA1-1
TNFRSF1B,LINC02902
NCAM1,INSM1
TNFRSF1A,CYP2J2
LY96,MIR141
GPC3,RHOD
ATP6AP2,LACTB2
CAV1,SNX9
NCAM1,GRIN2B
THBD,GNL2
TFRC,ADGRE5
SPN,MPO
CAV1,LOC112272614
CEACAM1,TRC-GCA9-4
ADGRA2,LOC110121237
THBD,MGAT5
OXTR,MEN1
MELTF,CYP21A2
LGALS1,SNORA40
NT5E,MSX1
NCAM1,GALNT1
CAV1,TRH-GTG3-1
SIGLEC6,TBPL1
CALCRL,ERICD
NCAM1,KRT7
TNFRSF1B,GATA5
CALCRL,KYAT1
ST14,MIRLET7D
NCAM1,TRNR
ADGRA2,SOX5
CALCRL,MINK1
BSG,SLC3A1
CAV1,LOC111946242
BSG,SLC8A1
ADCY8,TXN
CACNG3,PBX3
ENG,TRAJ15
NCAM1,LBR
GRM3,CD274
CD274,IGLVI-56
NT5E,GLUD1P6
CAV1,MIR516B2
ADGRA2,LOC110120922
IL1R2,MEN1
LGALS1,GTF2IRD2P1
TNFRSF1A,RPL4P1
CD151,MPO
CEACAM1,RPS16P2
CAV1,EDF1
CAV1,SLC29A2
GALR1,CX3CR1
TLR4,H3-2
MARCO,DNAJB11
CALCRL,PRSS3P1
CEACAM1,CAPZA1P1
GRIN2D,CX3CR1
SSTR1,MIR219A1
TNFRSF1B,TSPY6P
NCAM1,NR0B1
TLR4,TRA-CGC5-1
CELSR1,LMO2
CD274,SLC6A16
IL1RAP,ZMYND10
NCAM1,NME8
LRP6,SNORD1C
BST1,DAPK1
ITGB2,OR10AK1P
ADGRA2,SNORA70I
TNFRSF11A,PVR
GPR65,CD274
HTR1D,AFM
SV2B,ZEB2
SELL,LMO2
PPARG,FOXD4L6
TEK,IGKV3-25
NECTIN3,MBTPS1
CALCRL,SART1
ADGRA2,ADAM15
CD9,PLAT
CD151,VTA1P1
PTPN6,AFM
ADGRA2,LOC121132706
NCR2,CTLA4
ACKR2,GJA1
ATP6AP2,LOC107987474
SFRP5,RPS15P5
TNFRSF1B,SNORA9
TSHR,TLR4
GABBR2,PPARG
CAV1,HNMT
MCHR1,DKC1
PPARG,CD274
ST14,EFTUD2
FPR2,STMN3
MPZ,MIR210
P2RY10,BAG6
CAV1,TAF11
NMUR1,HDAC4
NECTIN3,BECN1
VIPR2,LMX1B
TLR4,OPA2
SSTR1,EFTUD2
CD151,ASCL2
BSG,SLC5A4
PPARG,RAB8A
LGALS1,EPHX2
LGALS1,TCP10L
THBD,PEPE
NCAM1,CEACAM6
NCAM1,KIF25
NCAM1,IDDM8
TLR4,HAGH
TNFRSF1A,RNU6-486P
BSG,SLC9A2
CAV1,GALC
NCAM1,CXB3S
BSG,DRD5
ADGRA2,LOC109279841
CEACAM1,RMC1
LRP6,SNORD116-23
ADGRL3,NR0B2
GPER1,TRAJ6
KIR2DS4,CX3CR1
ITGB2,GOLGA8M
LGALS1,IMPA2
LGALS1,CUTA
CMKLR1,CYP21A2
TEK,UBE4A
PVR,GRB14
PVR,VIM2P
TACR2,CALCRL
ADGRA2,LOC107987436
ADGRA2,RSPH4A
CEACAM1,FXYD4
BSG,SLC7A2
CALCRL,ZNF204P
C5AR2,ADGRA2
NCAM1,AHCY
NT5E,ERN1
NT5E,ATP5MGP1
ADGRE5,CD1E
MMP14,GJA1
TNFRSF1A,NDUFB9P1
TNFRSF1A,LOC653071
SV2B,GSTM1
KCNQ1,MIR124-1
GABBR2,NFKB1
KLRB1,CX3CR1
THBD,MAGED4
GCGR,CD274
TNFRSF11A,LMO2
TNFRSF1B,MTND4LP21
LGALS1,KRT84
ADGRE5,PI4KA
CEACAM1,MIR766
TNFRSF1B,FRA8E
CD151,SLC40A1
NCAM1,KCNA5
BSG,SLC9A5
NLGN1,BAG6
TLR4,EIF4EP1
SIGLEC5,NFE2L2
SSTR4,MOV10
BSG,SNORA71D
ACKR2,MIR320A
ADGRA2,MTCYBP16
CD68,STAU1
TNFRSF1A,HNRNPCP2
TNFRSF1A,NSG2
CALCRL,LOC110120641
PVR,SNORA44
TREM2,CD274
C3AR1,BSG
TRPV1,LMX1B
BSG,SLC7A1
CD151,LOC649133
CX3CR1,KRT76
NCAM1,RPSAP13
TLR4,FRK
TEK,TMPRSS11D
FAS,MPZ
MPZ,MIR149
LY9,MIR27B
CRCP,TNFRSF1A
PPARG,PDE4A
CAV1,LOC112533646
TREM1,KLK14
IL1RAP,FOXA2
IL1RAP,ALG5
THBD,ARF6
TNFRSF1A,MC1R
ADGRA2,LOC112267952
IL1R1,HBE1
TEK,LINC00863
BSG,SMTN
TNFRSF1B,CYP2J2
PVR,PRS
PVR,ODF3B
NCAM1,LDHBP2
CACNA1C,MIR124-1
TNFSF8,EIF2AK2
HAVCR1,EPHA2
GJA1,OLA1
GRIN2B,CX3CR1
CD151,LINC02709
HAVCR1,CREB5
ADGRE5,LOC107987474
BSG,LOC106799846
ADGRA2,LOC401324
SELL,BCL2
SELL,SERPINA10
S1PR3,DAPK1
TNFRSF1B,CCDC22
ADGRA2,STK26
NCAM1,GRIK5
IL1R1,LARP7
TEK,ADAM9
TLR4,H1-5
MPZ,MIR223
CD274,C11orf21
LGALS1,DIO2
LGALS1,SAP30BP
ADGRA2,LOC121132707
ADGRA2,COMMD5
NCAM1,KRT5
NCAM1,AGXT
CD80,TREM1
MC1R,MIR140
NCAM1,IGLV3-13
CAV1,SNORD65B
VLDLR,LMX1B
CAV1,MLNR
ACVRL1,MIR141
TACR1,MEN1
TLR4,TUBA8
GJA1,TRAJ58
ENPEP,IGLV1-50
CNTN6,AKT1
IL1R1,TRAV32
OGFR,CDKN1A
TNFRSF10A,ACTN4
LGALS1,CRABP2
TLR4,OR7E160P
TLR4,HMSNO
CAV1,RPL15P3
CMKLR1,ATP2B1
CAV1,KLRC3
TEK,ST3GAL3
CX3CR1,HOOK1
CD74,RNF113A
CALCRL,SNORD13J
IL1RAP,HBE1
BST1,BSG
AOC3,TLR4
LGALS1,ANXA2P2
PVR,ALOX15
CEACAM1,PTK2
KLRD1,GALE
KLRD1,RIPK4
CD151,DUP14Q32
VIPR1,LMX1B
TNFRSF1B,LCN1P2
TLR4,HSD17B10
TEK,MOCS2
LRRTM2,LMO2
HTR2C,AFM
ADGRA2,SLC5A4
CXCR5,MEN1
ITGB1,GK3P
CACNA1C,MOV10
NCAM1,AK2
ADGRE5,POU3F4
GABBR2,KDM5C
NT5E,RNF223
CX3CR1,NME8
CD151,CAV1
ADGRA2,LOC106736481
KLRD1,IGHE
KIR3DS1,AHR
PTPRF,FPR2
FPR2,TRAV38-1
NT5E,OR8S21P
LAG3,IL1R1
TEK,TRV-TAC1-2
SSTR3,PVR
PVR,MDH2
ADGRE5,IGKV1-6
NT5E,ADORA1
IL1RAP,TRAV32
SV2B,ENDOU
CAV1,IGLVI-42
NLGN1,ATP2B1
CALCRL,GNA15
SIGLEC6,MYH2
NT5E,CELF2-AS2
ADAM23,ADAM9
LGALS1,KCNIP2
BSG,ARF5
CAV1,TFEB
SCARB2,MOV10
CHRNA3,TEK
NCAM1,CX3CR1
TNFRSF1A,IGLV6-57
PVR,KIF3C
CCR7,MEN1
CASR,EPHX1
CAV1,MIRLET7F2
CALCRL,HAS3
CALCRL,CCDC22
ADGRA2,TRAV7
ADGRA2,C8B
GPR182,HLA-DRB1
ATP6AP2,SNORA71C
ADGRL3,MMP9
CNTN6,CYP19A1
SCARB1,CD274
CEACAM1,TRAJ42
TLR4,DUX4L33
CCR7,TLR4
ADGRA2,SNORD17
AGTR1,OR2T4
PVR,OTX2P1
PVR,ZNF75CP
PPARG,TRAJ42
NCAM1,GALNS
OXTR,CD274
CALCRL,LOC121132705
PKD2L1,AHR
ADGRA2,STBD1
ADGRA2,STX16
ADGRE5,REG1CP
PVR,PTPRG
KLRD1,AIF1
KLRD1,AHR
TLR8,YBX1P1
COL13A1,HLA-DRB1
FPR2,TRAJ6
IGDCC3,AHR
KIR2DL4,AHR
TNFRSF1A,RAB5A
CEACAM1,TSSK5P
CEACAM6,CX3CR1
LRP6,SSUH2
ADGRE5,THUMPD3-AS1
NT5E,CTBP2
BSG,ARF6
LRP6,TAS2R3
IL1R1,RPS15P5
CD99,MEN1
NT5E,H2BC18
PROCR,STRN3
SV2B,SLC7A5
PVR,HIVEP1
ATP6AP2,EEF1A1P17
TEK,FHIT
ADGRA2,SNORD175
CAV1,OR1P1
CCR6,MEN1
LRRTM2,CTSC
CD151,XBP1P1
ENPEP,BIN2
IL3RA,LINC02709
LGALS1,IL4R
PVR,RPL21P55
CNTN6,LGALS4
SSTR4,ANXA2
ADGRA2,OR11J5P
NCAM1,KCNA3
CCR6,TLR4
TNFRSF10C,CTSC
PLG,CTLA4
CEACAM1,SPRING1P1
THBD,PPIC
ADGRA2,LOC106799846
BSG,ST13P20
CEACAM1,GAA
CDH4,TLR4
KLRD1,MIR767
KLRD1,HNRNPA1
KLRD1,MRPS18C
ITGA11,TERC
TNFRSF10D,HBA2
KIT,AHR
NCAM1,SNORD116-25
CAV1,CYP2J2
TAAR5,AHR
KLRD1,KIR3DS1
ENPEP,PRKAG2
KLRD1,POLE3
CAV1,APIP
CD151,GK3P
LGALS1,ANK1
TEK,AKT1
KLRD1,MIR668
TYRO3,PBX3
NCAM1,KRT9
KLRD1,ZNF571
LRP6,SNORD59B
TNFRSF1B,PDGFRL
TNFRSF1B,MTCO3P11
ATP6AP2,RIMS3
ATP6AP2,CALY
CD151,PPFIBP2
LILRB5,CD274
TLR4,BBS12
GABBR2,IL1RAP
TLR4,CRIM1
TLR4,TRAJ25
C5AR2,TLR8
GPC3,ELK3
KLRD1,IBD4
SEMA5A,AHR
VIPR2,ENPEP
TLR4,RPL31P47
KLRD1,DEFA6
CX3CR1,NT5C
CNTN6,DAPK1
CAV1,REG1B
NT5E,COMMD10
PKD2L1,KLRD1
CEACAM1,GPER1
TNFRSF1B,ATP5F1AP2
LY96,DAPK1
PVR,MIR551B
TNFRSF1A,FRA9A
IGDCC3,KLRD1
KLRD1,KIR2DL4
ADGRA2,EIF2S3
CAV1,PLA1A
PTPRF,LRP6
ENPEP,IGKV2-24
CAV1,TCF7L2
GRIK5,CX3CR1
ADGRE5,MIOS
CHRNE,MIR30A
CHRNA2,ADAM9
SCARF1,PVR
PVR,ETF1
KLRD1,CTSZ
DCHS1,MIR124-1
ATP6AP2,ARPC5
CAV1,TRF-GAA7-1
ADGRA2,TRIL
TLR4,MGST1
CX3CR1,IGLV3-13
HAVCR1,CEACAM7
KLRD1,GP6
CAV1,ZNF185
CAV1,PRSS8
TNFRSF1A,MIR17HG
PVR,TRAV23DV6
ADGRA2,LOC110120648
CALCRL,CCT6A
COL13A1,HAND1
ADGRA2,PUF60
CD74,MTCO3P14
LGALS1,GRIA2
LGALS1,FRA5D
KLRD1,DLAT
ADGRA2,SAI1
TNFRSF1A,AMY1C
CD58,AHR
CAV1,ZNF674-AS1
CHRNB1,NT5E
CALCRL,LOC112268303
TLR4,PAX7
TLR4,EPHA7
ADGRA2,MIR101-2
VIPR2,LOXL2
PDGFRA,PCSK6
MPZ,MIR153-1
LAG3,ENO2
CALCRL,HNRNPCP2
NCAM1,GRIN2C
ATP6AP2,TS546
KLRD1,AFA
SLC2A2,PVT1
CMKLR1,TFPI2
GP9,ENPEP
KLRD1,DHX15
CAV1,ZNF14
CAV1,LINC01242
PVR,ANAPC5
NCAM1,LCAT
CDH13,AHR
SIGLEC5,LMO2
ADGRA2,TRAJ15
KLRD1,KIT
TAAR5,KLRD1
LGALS1,TRAJ58
CAV1,RHOD
IL1RAP,EPHA2
TNFRSF1A,GGT7
ADGRA2,SLC2A5
IL1RL1,CD151
CALCRL,FCSK
NCAM1,LASP1
TRPV1,ENPEP
LGALS1,METTL9
ADCY1,CALCRL
LILRB3,ATM
C5AR1,HLA-DRB1
CEACAM1,H1-0
ADGRE5,NTM
KLRD1,FRA17B
NCAM1,STMN1
TNFRSF1A,SNORD115-4
SSTR4,MIR211
ADGRA2,RNU6-449P
NCAM1,LCK
TLR4,H1-1
TNFRSF1A,RACGAP1
ADCYAP1R1,SNAI1
PVR,H2AX
C5AR2,CTSC
TNFRSF1A,OLA1
VLDLR,LRP6
KLRD1,FRA18A
ADGRA2,ST13P20
ADGRA2,TMPRSS11D
SEMA5A,KLRD1
NCAM1,KCNC3
PTH2R,PCSK6
TNFRSF1A,CLEC2D
CALCRL,ZRANB2
CEACAM6,LASP1
IL3RA,GK3P
ADGRA2,CMAHP
CALCRL,RPL12P47
IL1R1,CRABP1
ADGRA2,TLL1
TLR4,HAL
ENPEP,DEXI
PVR,SNORD116-24
NCAM1,KRT12
CAV1,VTA1P1
KLRD1,DECR1
CAV1,NELFE
TNFRSF1B,RAB5A
TRPV1,LOXL2
ADGRA2,CDC6
VLDLR,ENPEP
CAV1,KAT6A
TLR4,SH3BP2
NRXN2,HLA-DRB1
MCHR1,E2F1
PPARG,GNS
FGFR2,CTLA4
LPAR4,GJA1
ADGRE5,RAB8A
BSG,SLC7A4
PVR,SNORD115-8
PVR,PROKR2
PVR,KDM3B
ATP6AP2,MBL3P
TLR6,PTPN11
CAV1,SNORA98
ITGB6,ALG5
VIPR1,ENPEP
NLGN1,YAP1
CAV1,LOC110121287
NCAM1,RPSAP14
NCAM1,ALOX12B
CD58,KLRD1
IL18BP,MMP9
LGALS1,ITGB8
LGALS1,ABL1
TNFRSF11A,ALG5
CAV1,DNAJB1
CALCRL,PYGM
TEK,THEM4P1
ENPEP,ANAPC2
TECTA,HLA-DRB1
NCAM1,NOB1
ITGA11,SNAI1
KCNA3,CX3CR1
JAG1,SERPINA10
PTPRG,FPR2
TNFRSF14,MPO
PVR,PABY
NCAM1,RPL21P128
CEACAM1,GCHFR
CHRNE,TFCP2
TEK,SLC25A39
IL1RAP,CTXN1
LGALS1,KIF3C
KLRD1,TRAV25
TNFRSF1A,KCNG1
CDH13,KLRD1
SFRP5,MEA1
TLR4,QRSL1P1
PVR,ELK2AP
PVR,LINC01018
TNFRSF1B,MC1R
NR1H3,ADAM9
GJA1,FRA2K
TNFRSF1B,LORICRIN
CDH3,NFE2L2
ADGRA2,MIR548C
CALCRL,GLUD1P5
SSTR1,CALCRL
LGALS1,LINC00460
LGALS1,SSD
LGALS1,CRYGFP
PVR,LINC00229
VLDLR,LOXL2
C1QBP,PVT1
KCNQ1,FPR2
LRP6,TMEM176B
ACVRL1,MIR222
TLR4,RPL15P12
TLR4,MEX3C
CALCRL,MELK
TLR4,GATB
TNFRSF1A,PPIAP22
ATP1A3,ATM
TNFRSF1B,PPIAP80
TNFRSF11A,HBA2
TNFRSF1B,IGKV1D-22
VIPR1,LOXL2
TEK,MGC34796
ADCY9,CALCRL
NCAM1,IL7R
PVR,PTOS1
PVR,FUT4
CAV1,MAFK
KLRD1,DEFA4
ADGRA2,BNIP2
OPRK1,MEN1
CALCRL,DLX6
CD200,GSTM1
OR3A2,AHR
CALCRL,DUP14Q32
PLXND1,PTPN11
TEK,MTCO3P14
LGALS1,YTHDF2
ENPEP,C9orf78
ENPEP,TAF9B
CAV1,MYH3
ENPEP,ZNF44
KLRD1,KCNE1
TEK,MIR186
NCAM1,MICOS10-NBL1
TLR4,OPRK1
CAV1,ISCW
ITGA11,PTPN11
TEK,LOC402229
CAV1,PLA2G7
KLRD1,STON1-GTF2A1L
C5AR1,PVR
PPARG,HMGB2
ADGRA2,TRAV32
TEK,DNM1DN11-7
LGALS1,LOC401127
BSG,TCF7L2
CD70,TFPI2
TAS2R38,CTLA4
SELL,MIRLET7D
KLRD1,GAK
KCNQ1,MIR203A
CAV1,TFPI2
TNFRSF1B,FRA9A
PVR,TRAV26-2
CHRNA1,PNPLA6
KLRD1,KCNA4
SSTR4,HAS2
CEACAM1,EEGV1
CEACAM1,CRIP1
ADGRA2,CENPF
CAV1,TRS-AGA6-1
ADGRA2,SNORA71C
SLC1A5,NFE2L2
LCN1,KLRD1
KIR3DS1,AFM
TLR4,SCARNA13
TLR4,DPYD
ADGRA2,PVT1
PKD2L1,LASP1
MELTF,MEN1
TEK,IGLV3-1
LILRB5,CAV1
CAV1,KRT37
KLRD1,DEFA5
NECTIN3,MIR145
CD3D,MPO
KLRC3,MIRLET7D
CEACAM1,NDN
IGDCC3,LASP1
TEK,MOV10
ENPEP,IGKV1D-32
KCND1,CX3CR1
CACNA1C,CTLA4
TLR4,IGF2-AS
CAV1,CD200
CALCRL,ETAA1
CCR5,CD274
CAV1,SLC12A2
PVR,MTHFD1P1
PCDHGA12,BECN1
LY96,BECN1
DCHS1,MFN2
CAV1,SEM1
IL18RAP,HBA2
KLRD1,CXADR
GRIN2C,CX3CR1
TNFRSF1A,TMX2
PVR,KCNJ2
CTLA4,SLC25A37
KLRD1,ADRA1D
KLRD1,PARP1P1
TEK,HMSNO
ITGB2,OR2T4
CAV1,HSD17B8
NT5E,GSTT1
TEK,CD200
KLRD1,ADPRH
CAV1,IGLV4-3
CALCRL,LOC111365188
F2RL3,KLRD1
LCN1,CX3CR1
ADGRA2,FRA2F
TEK,ATP4A
MC2R,ABL1
NCAM1,KRT6B
IL1RL1,ATM
PKD2L1,AFM
ADGRA2,SLC7A4
TNFRSF1A,UHRF1
KLRD1,AFM
NT5E,ANAPC11
CAV1,LOC110121155
TEK,AK4P1
ENPEP,RTF2
TEK,FAM166A
TACR2,HAND1
CAV1,OR2H2
MADCAM1,MEN1
IGDCC3,AFM
KIR2DL4,AFM
TLR4,PRKAG3
LGALS1,IRF6
LGALS1,ITSN2
TNFRSF25,LRP6
CLEC10A,CEACAM1
CHRNA2,HLA-DRB1
ADGRA2,TXNDC9
TAAR5,LASP1
KLRD1,ADORA3
PTPRJ,FPR2
TYRO3,MFN2
TNFRSF1B,RACGAP1
MADCAM1,TLR4
CD74,MYO5B
ADAM23,CD274
LILRB5,MIR214
CEACAM1,GALNT2
LGALS1,A1CF
OR3A2,KLRD1
CALCRL,ZNF200
CEACAM1,HLA-DPA1
PDE1A,CD274
ADGRA2,MYH7
PVR,DNMT3L
TNFRSF1B,CLEC2D
TGFBR1,MPO
CD59,AHR
KLRD1,ALOX12B
KLRD1,AFG3L1P
IL18RAP,MIR145
CASR,KCNJ8
LPAR3,TLR4
KLRD1,FRA17A
ABCA7,CTLA4
NCSTN,MBTPS1
CALCRL,SLC9A5
CALCRL,A2MP1
TLR8,TRAJ15
KLRD1,NOB1
GJA1,HEATR5B
CEACAM1,LOC728417
ENPEP,IGKV3-25
KLRD1,ADRA1B
CD151,SLC14A1
CD151,EEF1A1P17
KLRD1,RPL21P128
CAV1,PSMB1
LGALS1,FRA14C
CEACAM1,MIR646
PVR,FRA10D
DCHS1,GJA1
GRIK4,ALG5
TYRO3,ENO2
MC1R,EP300
ADGRA2,BAG5
TNFRSF11A,NR0B2
SEMA5A,LASP1
PTK7,NFE2L2
TNFRSF1B,TRAJ58
TNFRSF1A,ANO7
CD151,FRA2F
KIT,AFM
NCAM1,TTLL13P
PVR,TRAJ16
LGALS1,IFIT2
TAAR5,AFM
TEK,OR1X5P
CAV1,ARHGEF5
CAV1,ADAMTSL4
PCDH17,MPO
CTLA4,SERPINA10
CTLA4,IGLVIV-64
CHRNE,HAS2
ITGB6,CD274
CD274,IGKV3D-25
LGALS1,RPSAP49
TEK,POU5F1P7
NCAM1,GCNT4
CHRNA5,LITAF
PVR,RPL23P5
CLCA2,PVR
LGALS1,GPC5
FPR2,IGLV9-49
CAV1,UBXN8
CALCRL,GOLGA2
CAV1,DDX39B
CASR,MBTPS1
MSR1,MPO
LGALS1,LOC100131977
LGALS1,IMPDH2
CX3CR1,NOB1
MPZ,MIR134
TEK,MAP3K10
KLRD1,PARP1P2
CDH8,ASCL2
NR1H3,CD274
TYRO3,NCAM1
ADGRA2,IGLVI-38
SEMA5A,AFM
NCAM1,SLC29A2
PVR,RPL7AP35
TLR4,HBQ1
CD58,LASP1
KLRD1,MICOS10-NBL1
GJA1,TRAJ42
LGALS1,RBMXP4
LGALS1,LINC01348
ATP5F1B,CTLA4
KLRD1,HNMT
CMKLR1,TLR4
WIF1,HAND1
PDGFRA,HLA-DRB1
CAV1,TUSC3
CHRNG,TLR4
TLR4,CCND1
MRC2,MPO
NECTIN3,CTLA4
TEK,ACTC1
TEK,INPP5D
TEK,LOC728424
CAV1,IGAT
PVR,ARX
CTLA4,SLC25A39
CD9,USP14
CEACAM1,MMP9
LGALS1,MIR1-2
CX3CR1,ANAPC2
ADGRA2,NDUFV2
TLR6,NFE2L2
TLR4,ZNF354A
CAV1,IGLP1
CDH13,LASP1
TNFRSF1B,PPIAP22
CEACAM1,SLC5A1
TNFRSF1A,EEF1A1P17
PVR,POU3F2
CAV1,ASAH1
CAV1,IGLP2
TYRO3,ZEB1
CAV1,ZNF212
NCAM1,MIR136
SFRP5,PTPRCAP
IL7R,CX3CR1
KLRD1,KCNA6
KLRD1,PARP1
CTLA4,IGLJ4
CALCRL,TRAJ58
NT5E,LPAR1
TEK,SH3GL1P2
TEK,KCNK10
KLRD1,ADRA2A
CDH17,MEN1
LGALS1,FKBP2
NCSTN,BAG6
CALCRL,LOC107986968
CD59,KLRD1
TLR4,MYP1
CD58,AFM
CALCRL,ILK
ACVRL1,GJA1
CEACAM1,PRB3
PVR,MIR9-2
NT5E,IL9R
LGALS1,FGFR2
CNTNAP2,CAV1
CAV1,C3AR1
TLR4,METTL1
CAV1,GPANK1
TNFRSF25,TLR8
CALCRL,IL1RL1
TLR4,HBG2
CDH8,ALG5
CAV1,SNRPA
CEACAM1,CHKB-DT
TEK,ABCC6
PVR,PHC1
CDH13,AFM
TYRO3,AHR
ACVRL1,LMX1B
PVR,LOC651644
FLRT1,MBTPS1
CALCRL,DUSP9
TEK,IDDM11
TLR4,MYH3
CEACAM1,KIF25
NECTIN2,ASCL2
KLRD1,KCNB1
KLRD1,UBXN1
PLXNB1,CTLA4
CTLA4,IGLV3-32
CALCRL,LOC112533646
GJA1,SMOX
ENPEP,IGLJ5
PTPRJ,LRP6
NCAM1,GALC
TNFRSF1A,CALY
CACNG3,AFM
TNFRSF6B,MBTPS1
ACKR2,TERC
ITGA8,CTLA4
CAV1,MTERF1
VIPR2,TERC
TLR4,MAGEA12
IL1R1,AMPD3
ATP6AP2,IGKV1-32
DIP2A,PCSK6
CD74,ASAH1
TNFRSF10A,TEK
CEACAM1,CLDN22
CAV1,PRKAR1A
CNTN6,TNFRSF1A
TNFRSF1A,CD274
CDH3,CTLA4
ADCY1,SNAI1
TNFRSF11A,MPO
GPC3,STRN3
LGALS1,ENO1P1
TLR4,SCGB2A2
TLR4,LPO
TLR4,KEL
ITGA10,MBTPS1
TNFRSF1B,TMX2
SSTR4,DKC1
LGALS1,IGLV@
KCND1,AFM
CEACAM1,LINC01242
CDH7,MOV10
ACVRL1,TREM1
TNFRSF6B,BECN1
KLRD1,SCA20
DCHS1,NR0B2
TNFRSF1B,UHRF1
ADCY1,ALG5
LGALS1,ERBB4
LGALS1,KCTD3
CALCRL,FRA9E
CD274,TRAV4
PPARG,TRIAP1
IL18RAP,HABP2
TLR4,MFAP4
ADGRE5,CREM
CEACAM1,LMO2
TACR2,TEK
BRS3,PVT1
TLR4,CYP4F33P
TNFRSF1B,PTPN11
TREM1,UBR5
KLRD1,TTLL13P
F2RL3,LASP1
KLRD1,KCNA7
LCN1,AFM
CAV1,ZNF708
TEK,SNRPEP2
PLXNB3,CTLA4
NCAM1,ARHGAP4
CALCRL,TMPRSS11D
CALCRL,MTCO1P27
CDH17,ADAM9
LGALS1,TRAJ61
GRIK4,SERPINA10
KLRD1,GCNT4
SSTR4,GSTM1
CALCRL,GTF2H3
LGALS1,FKBP1AP2
KLRD1,ALOX12P1
CD274,CREBL2
TRPV1,TERC
LRP6,MCHR1
OR3A2,LASP1
CD151,MBS1
CALCRL,REG1CP
TYRO3,KLRD1
TNFRSF1B,ANO7
CAV1,GSTA1
KLRD1,SLC29A2
CALCRL,THUMPD3-AS1
F2RL3,AFM
CAV1,D6S207E
CAV1,GPDS1
TLR4,PCYT1A
PPARG,CR1L
CHRNA1,CX3CR1
LGALS1,MIR138-2
CTLA4,SCCPDH
CALCRL,MLH1
SLC9A1,PVT1
CALM1,FUS
CEACAM1,BPIFA1
TEK,ERVH-4
CD151,CDC27P6
CX3CR1,GCNT4
FRZB,CTLA4
NT5E,GSPT1
CEACAM1,KRT5
TEK,SPAG4
CEACAM1,ALAS1
CEACAM1,IGLV3-13
SSTR1,SNAI1
PLSCR1,CTLA4
CAV1,PPAN-P2RY11
NCAM1,KLRC3
LGALS1,KIF5A
LGALS1,MIR23A
MC4R,ALG5
CAV1,ABHD16A
ACKR2,MEN1
SLC18A3,MIR21
KLRD1,MIR136
TEK,ZBTB7A
CAV1,PBCA
CTLA4,TAS2R14
OR3A2,AFM
CALCRL,HNRNPA3P14
PVR,PDGFRA
ACVRL1,NR0B2
CEACAM1,FGFR3
CEACAM1,TRAV8-1
TYRO3,CX3CR1
CTLA4,SHANK1
PIK3CB,ASCL2
TEK,ANKFY1
ACKR2,TLR4
ADGRA2,LDHC
VLDLR,TERC
ADCY9,SNAI1
MC1R,DNAJB11
ITGB2,MIRLET7F2
ADGRA2,PAX2
TEK,TUBBP11
KEL,GBP1
LGALS1,SPRING1P1
LGALS1,IGKV3OR2-5
CAV1,ETS2
TREM1,TUBA8
CALCRL,PLPPR4
MPZ,MIR141
CEACAM1,LINC02483
TEK,RPS20P14
CTLA4,IGKV1-37
VIPR1,TERC
TNFRSF10B,MPO
TNFRSF18,TLR8
TNFRSF1B,EEF1A1P17
TNFRSF1A,MBL3P
CEACAM1,TRR-CCT7-1
CALCRL,AP3B2
ADGRE5,SSTR4
CTLA4,NAT8B
TEK,MIR7-2
TEK,SYT14P1
TNFRSF6B,GJA1
TLR4,MGAT5
LGALS1,DNM1DN11-7
LGALS1,CLN8
LRP6,DNAJB1
MPZ,MIR211
CEACAM1,PSMB5
CEACAM1,CDC26P1
ST14,PTPN11
SELL,GPC4
PVR,BOLA1
ADGRE5,LOC110121155
OGFR,GBP1
LGALS1,LOC440568
LGALS1,ZFAND6
CHRNA5,USP14
TLR4,NHP2P1
KLRD1,GALC
LRP6,CTXN1
TAS2R3,ALG5
TEK,GPM6A
PPARG,GNA11
TLR8,IGLVI-38
CEACAM1,MAP3K5
ENPEP,MBL3P
SIGLEC5,ADAM9
CAV1,PRRC2A
TEK,ENPEP
COL13A1,MPO
IL7R,AFM
GJA1,IGKV1-32
CD74,OR2T4
ACKR2,RYBP
MC2R,SERPINA10
ATP6AP2,MYO1D
CAV1,TMX2
CANX,ASCL2
BMPR1A,ASCL2
TEK,PAFAH1B3
TEK,ZNF847P
CD59,LASP1
CD74,MPO
TLR4,ELF3
CAV1,RNF217-AS1
CAV1,PBCRA1
TEK,MPST
TEK,CCDC22
SIGLEC5,GBP1
CALCRL,AREL1
PPARG,LINC02709
TNFRSF1B,GOLGA1
CD200,ENPEP
LGALS1,CLIC6
CAV1,SLC39A7
CNTNAP2,TLR4
TNFRSF1B,CALY
CALCRL,SNRPN
SFRP5,MC1R
LGALS1,TACO1
FPR2,TUBA8
CALCRL,LAG3
CEACAM1,FRA18A
TNFRSF1B,CD274
CNTN6,TNFRSF1B
C5AR2,PVT1
ENPEP,IGLV4-3
SELL,LRP6
CAV1,MYF5
PCDHGA12,TNFRSF1B
ADGRA2,ACADM
CEACAM1,KCNA3
PVR,FAM230A
TNFRSF6B,MIR145
CAV1,PUJO
CEACAM1,RPL38
ADGRE5,SNORD114-31
CD59,AFM
LGALS1,LINC00113
TEK,HTR5A
CTLA4,MRPL35
CTLA4,TAS2R10
CALCRL,FRA2F
CASR,MOV10
PVR,IGKV2D-14
LGALS1,MIR516B2
NT5E,TRAV32
TNFRSF10A,CTLA4
TLR4,TRAV36DV7
SSTR4,MIR181A1
CEACAM1,SNORD116-25
TEK,PLGLB1
TEK,MRC1
LGALS1,MAPK14
ACKR2,GBP1
TEK,SPRR1A
NRXN3,LMO2
CD160,NFE2L2
PTPRJ,EPHX1
CD74,CR1L
TLR4,PEPE
CTLA4,COPZ2
TEK,STAC
MRC1,MOV10
LGALS1,MIR92A1
TEK,ANIB4
DIP2A,CD274
CTLA4,PLCE1
CTLA4,IGKV3D-25
LRP6,UBR5
CAV1,LOC107987339
TNFRSF6B,CRIM1
PVR,DONSON
ADGRA2,CFI
TNFRSF1A,UBR5
CAV1,CEACAM1
LGALS1,FLJ12825
CX3CR1,CD274
CALCRL,GOLGA1
TEK,SLC29A1
PVR,FRA22B
CHRNA5,ALG5
TLR4,PER1
CAV1,TRNL2
ACVRL1,ENPEP
PVR,H2BC18
GJA1,MINK1
LGALS1,SHANK1
TLR4,MAGEA10
SSTR4,MIR320A
CMKLR1,BAG6
TEK,SPIN2A
LGALS1,IGLL2P
TEK,GPX7
TNFRSF11A,TFPI2
CTLA4,LUZP4
TEK,ASS1P10
TEK,MARCKS
ENPEP,UBR5
CAV1,DEFB103A
CASR,CTLA4
PCDHGA12,CALCRL
PTPRF,PTPN11
DCHS1,LMO2
NT5E,CBWD4P
LGALS1,FUCA1
CALCRL,RAB8A
ADCY1,HLA-DRB1
ADGRE5,TRNL2
ADCY1,BAG6
ENPEP,SMOX
TYRO3,LASP1
CAV1,EEF1A1P17
CAV1,PTPRCAP
KLRC3,CX3CR1
TEK,CREBL2
ADGRA2,MYO5B
LGALS1,GSTA6P
LGALS1,GAP43
TLR4,OR6C65
CD5,MPO
CEACAM1,ABCD3
NRXN3,TRAF6
CD151,MYH9
NECTIN3,YAP1
CAV1,IGKV3OR2-5
KLRD1,DDX10
LY96,YAP1
CAV1,TNDM
MC2R,ENO2
MCHR1,ALG5
NT5E,ATF6B
CD274,IGKV1-27
CTLA4,GRHL1
CTLA4,ADORA1
TLR4,PCDHB1
CD80,FUS
TEK,MPO
ABCA7,ASCL2
TEK,RHCG
NECTIN3,HDAC4
TYRO3,AFM
TNFRSF1B,MBL3P
IL1R1,CR1L
TLR4,PCSK6
LILRA4,MPO
VIPR1,ALG5
TEK,MNT
CALCRL,CASP8AP2
LGALS1,LINC02902
CALCRL,CHST2
SIGLEC5,BECN1
CD160,HAND1
CALCRL,LOC110121049
SIGLEC5,CD274
MPZ,MOV10
TEK,FGFR3
TEK,HEIH
CEACAM1,ELF3
CALCRL,MTND4LP32
KEL,HLA-DRB1
CALCRL,VCX3A
SELL,MIR27B
TLR4,MYH6
CEACAM1,FBXW11P1
TEK,SLC35B3
CD274,TRAV25
CEACAM1,AMY1C
FLRT1,CTLA4
CACNA1C,MPO
DCHS1,TRAF6
LGALS1,LOC51145
TLR4,SNORA44
PVR,AIF1
PVR,PNMA3
CD274,IGKV2-4
ACVRL1,LMO2
TEK,IGLV1-50
CEACAM1,LPAR1
C3AR1,PVT1
PVR,TRE-TTC10-1
ATP6AP2,CR1L
IL1RAP,CR1L
PVR,STOML2
BRS3,PVR
HCST,PVT1
TEK,CAPN15
TLR4,ELF4
OGFR,HLA-DRB1
LGALS1,TPCN1
NLGN1,TEK
CTLA4,KCNIP1
TYRO3,TNFRSF1B
SELL,MIR27A
CALCRL,GOSR2
ACKR2,BECN1
CACNA1C,TERC
KLRC3,GSTT1
ENPEP,NSDHL
IL1RL2,ADAM9
TNFRSF10C,ADAM9
MC1R,MIR222
LGALS1,EEF1B2
CTLA4,IGLV3-25
IL1R1,GNA11
CD274,IGKV1D-22
TLR4,TTLL13P
CALCRL,TRS-AGA6-1
MPZ,MIR124-1
CAV1,TRIAP1
CALCRL,TEK
ADCY1,HAND1
TEK,GPSM2
FZD1,MPO
CAV1,GHS
CAV1,TS546
IL1RL2,GBP1
CALCRL,HEATR5B
MC1R,IL1R1
CALCRL,RDXP2
TNFRSF10C,GBP1
MRC1,ENPEP
MRC1,MPO
TEK,TMPRSS11BNL
LGALS1,MIR122
DCHS1,CALCRL
CD70,BAG6
CALCRL,PPP2R3A
CAV1,BAG6
TEK,FRG1HP
MPZ,CYP19A1
SSTR5,MPO
SSTR4,HABP2
CALCRL,MCOR
LGALS1,LUZP4
TLR4,HBE1
BST1,PVT1
TEK,BRWD1
LGALS1,LOC653503
TEK,ENSA
CTLA4,IGF2-AS
PLXNA2,CTLA4
CEACAM1,PCDH1
LGALS1,PPP1R2P4
LGALS1,DNAJB1
CALCRL,SPDYE2
MCHR1,AMBP
TEK,RRP15
TEK,IGLV6-57
CALCRL,IGLV4-3
CEACAM1,IL7R
ST14,MOV10
TNFRSF10D,ADAM9
CAV1,FEA
CXADR,CD274
TEK,RAD51C
TYRO3,CALCRL
LGALS1,IGLV3-7
TLR4,KCNQ1
LRP6,OR51A4
CXCR5,MPO
PVR,IGKV3-11
CEACAM1,HNMT
LGALS1,SPOCK3
HCST,BECN1
CDH3,ASCL2
CAV1,ASCL2
PVR,GPX7
TLR4,TRGJ2
LGALS1,MIRLET7F2
TEK,DHRS7
KCND1,HLA-DRB1
TEK,BIN2
NT5E,CXXC1
TLR4,PPIC
ADGRL3,HAND1
TNFRSF10D,GBP1
CAV1,TRAPPC2L
CTLA4,UTP11
MPZ,MIR204
ADAM21,GBP1
SIGLEC5,TEK
CTLA4,IGKJ4
TLR4,HBBP1
GJA1,TRIAP1
MCHR1,ABL1
NT5E,CTXN1
TEK,CSN1S1
CEACAM1,ZNF44
LGALS1,GHR
TEK,OR13D3P
CALCRL,LOC107987484
CD59,CEACAM1
LGALS1,CFHR2
CALCRL,GOLGA8M
CTLA4,IGKJ2
LGALS1,H1-3
SSTR1,HAND1
CALCRL,ACVRL1
TEK,RBMX2
LGALS1,QRSL1P1
TACR1,ASCL2
CALCRL,PAX2
CAV1,MCOR
CALCRL,ADAMTSL4
MRC1,TLR8
TEK,FKBP1B
KLRC3,AFM
TEK,GMPPA
TNFRSF1A,GRIK4
CAV1,ALDH5A1
LGALS1,ABT1
SLC1A5,ASCL2
SSTR4,ATP2B1
TEK,LORICRIN
PTPRF,NFE2L2
CAV1,ST8SIA2
CHRNA2,MPO
TEK,MMP1
TEK,FIS1
VIPR2,TEK
TLR4,PRSS8
CUL5,GBP1
LRP6,SNORD114-31
TNFRSF25,GBP1
CALCRL,TBPL1
CHRNE,HABP2
CHRNE,CYP21A2
VIPR2,MOV10
LGALS1,CRYGD
TEK,TRA-AGC16-1
CNTNAP2,NFE2L2
CD80,NFE2L2
DCHS1,ACTN4
CTLA4,RHCG
TEK,GNL2
TEK,OR5H15
TEK,IGKV2-24
CEACAM1,FYN
LGALS1,MIR532
LGALS1,IGLV3-25
TNFRSF1A,KCNF1
PTPRG,PTPN11
TEK,SNX18P23
TEK,KIAA0895L
TLR4,MYH7
LY96,WTAP
IL1RL2,MBTPS1
TNFRSF10C,MBTPS1
TLR4,FHIT
TEK,LINC00619
SELL,MOV10
TNFRSF14,ADAM9
CNGA2,ASCL2
TNFRSF1B,NSDHL
SELL,GBP1
TEK,MPP3
PCDHGA12,USP14
SELL,ABL1
GABBR2,MEN1
FGFR3,CTLA4
TEK,SRP14
LGALS1,LINC00885
LGALS1,RSRC1
IL1RL2,BECN1
LGALS1,SCARNA13
LGALS1,AMPH
TNFRSF10C,BECN1
CTLA4,SLC35B3
CALCRL,CEACAM7
SELL,MIR187
TEK,FUSE
TYRO3,ACTN4
TNFRSF14,GBP1
SFRP5,MCHR1
IL1R1,GK3P
CTLA4,IGLV1-50
TEK,VWA5A
LGALS1,KLF3P1
LGALS1,MIRLET7B
LGALS1,IGF2-AS
IL18BP,BAG6
CALCRL,SNORD154
S1PR4,GBP1
TEK,GP1BA
NLGN1,CTLA4
TEK,OR9K2
TRPV1,TEK
CEACAM1,ALOX12P1
TRADD,GBP1
ENPEP,TFCP2L1
CD151,PLN
NCAM1,KCNF1
TEK,MIRLET7E
TRPV1,MOV10
LGALS1,CLDN22
TLR4,IGLVI-38
PTK7,ASCL2
TNFRSF1B,GPX7
TNFRSF10D,MBTPS1
CD274,IGLV3-22
LGALS1,IGLV10-67
SELL,EPHX1
CTLA4,ADORA2A
CAV1,ZNF177
CTLA4,GPSM2
NECTIN3,RYBP
CAV1,GK3P
LGALS1,EIF4A2
CALCRL,LPAR4
TNFRSF10D,BECN1
CEACAM1,KCNQ1
CALCRL,NSDHL
TEK,TMED5
CAV1,STAU1
LGALS1,CRYGC
CALCRL,NUP214
CHRNA5,HAND1
PCDHGA12,RYBP
TEK,DEXI
NT5E,LINC02893
ADAM21,BECN1
MOG,CTLA4
TLR4,CYP1B1
ADCY8,HAND1
CALCR,ASCL2
VLDLR,TEK
CAV1,IGKV3D-20
SV2B,BAG6
HCST,HAND1
VLDLR,MOV10
PVR,NTMT1
SELL,MTOR
CALCRL,SELL
CEACAM1,MIOS
MPZ,MIR214
VIPR1,TEK
LGALS1,GLRX
OGFR,CTLA4
FPR2,CR1L
CNTN6,ADAM9
TNFRSF11A,ADAM9
NECTIN3,ADAM9
TEK,GBP2
TLR6,ASCL2
TNFSF8,HDAC4
TEK,ANAPC2
CAV1,ZNF8
PVR,NHP2P1
VIPR1,MOV10
LGALS1,NT5C
TNFRSF18,ADAM9
TEK,PCDH1
CALCRL,CTNNA1
CTLA4,MTERF3
SELL,MIR139
CALCRL,GPX7
CALCRL,GNS
PTPRJ,PTPN11
TNFRSF11A,GBP1
NECTIN3,GBP1
TNFRSF25,BECN1
DCHS1,WTAP
TLR4,MYH1
MARCO,GBP1
TNFRSF11A,PTPN11
CALCRL,GSTA1
CHRM4,MPO
TEK,ARF5
TNFRSF18,GBP1
DCHS1,USP14
TEK,MEN1
MPZ,HBA2
LGALS1,ALAS1
TLR4,SNRPB
PTPRG,CD274
NT5E,MYH9
CAV1,DPM2
GPER1,MIRLET7F2
TNFRSF10C,TEK
CTLA4,PRKAG2
TEK,OR4A44P
TLR4,RDXP2
TEK,TAF9B
PTH2R,ASCL2
LY96,FUS
TEK,ZNF44
CALCRL,LINC02573
LGALS1,SLC35B3
TYRO3,WTAP
TNFRSF1B,DHRS7
LGALS1,RP29
PVR,GGT7
IL18RAP,ADAM9
FKBP1B,CTLA4
LRP6,OR2T4
TEK,FGFR4
TYRO3,USP14
LGALS1,LINC02483
TNFRSF1A,OR2T4
TNFRSF14,BECN1
TEK,PABX
NT5E,CTNNA1
ADGRE5,STAU1
CALCRL,AMPD3
TLR4,OCRL
S1PR4,BECN1
TLR4,IGLV4-3
IL18RAP,GBP1
ADGRA2,MYH6
CEACAM1,TRAV33
LGALS1,OR7E46P
GJA1,MIRLET7F2
LRP6,RAPGEF6
NRXN3,ADAM9
LGALS1,CECR9
KLRD1,KCNF1
SELL,NT5E
TEK,ST13P20
LGALS1,TUBA8
CEACAM1,FKTN
CALCRL,CLEC4A
SELL,AKT1
PTPRG,HLA-DRB1
ADAM21,TEK
LGALS1,AHCYP3
PVR,MIR143
LGALS1,MYP5
ACVRL1,USP14
CEACAM1,KLRC3
TEK,RTF2
TLR4,MYCN
GP9,CTLA4
TEK,MIR21
TEK,S1PR3
MMP14,CTLA4
LGALS1,TRAV31
LILRB5,ADAM9
TEK,PLGLB2
C3AR1,CTLA4
TEK,GPC5
TEK,UHRF1
FLRT1,ASCL2
CEACAM1,EPHA2
LGALS1,LDHAP1
LGALS1,EPHB1
LPAR1,CTLA4
TEK,SNORD116-6
TEK,STOM
TNFRSF11A,MBTPS1
CTLA4,KCNIP3
TNFRSF25,TEK
ENPEP,STRN3
DCHS1,GBP1
TNFRSF18,MBTPS1
TEK,IGLV3-22
TEK,EMC9
PVR,TRAJ15
TNFRSF1B,PTPRCAP
DCHS1,MPO
CALCRL,TFCP2L1
NT5E,GRIK4
TEK,RPL5P11
ITGA10,ASCL2
NRXN3,CEACAM1
MPZ,MIR203A
CTLA4,TMED5
LGALS1,PPP1R2P2
TEK,EIG3
TEK,FGFR2
PTPRG,MOV10
CTLA4,DEXI
MCHR1,DAPK1
CD274,TRAV33
TNFRSF18,BECN1
CALCRL,SRP14
LGALS1,GTF2A2
LGALS1,FRA9F
TEK,SLC1A7
PCDHGA12,CD274
DCHS1,FUS
TEK,ATP5F1EP2
TEK,ANO7
CAV1,WASH7P
CTLA4,CLEC2D
TYRO3,GBP1
LGALS1,IDDM11
SELL,LGALS4
TEK,TRGJ2
BST1,CTLA4
TLR8,IGLV3-22
CFTR,ASCL2
CTLA4,ZMYND10
TEK,MPG
TNFRSF14,TEK
LGALS1,HGD
S1PR4,TEK
LILRB5,CEACAM1
IL18RAP,MBTPS1
CAV1,LOC112486218
LPAR4,DKC1
TLR4,SNRPA
TRADD,TEK
CEACAM1,CRABP1
LRP6,LINC02709
TEK,SNRPN
DCHS1,PVT1
TEK,LAG3
IL18RAP,BECN1
LPAR4,DAPK1
SELL,DKC1
CALCRL,PTPRCAP
PVR,PLGLB2
ACVRL1,GBP1
LGALS1,PRAMEF22
CEACAM1,OCRL
CTLA4,HUNK
PCDHGA12,HLA-DRB1
LY96,HLA-DRB1
IL1RL2,CTLA4
TNFRSF18,HLA-DRB1
TNFRSF10C,CTLA4
TLR4,CREM
SELL,DAPK1
TNFRSF1B,OR2T4
LGALS1,FRA9A
LGALS1,KLK14
CALCRL,HUWE1
SELL,HTRA1
NRXN3,BECN1
TLR4,CFI
CMKLR1,MPO
NRXN3,CD274
TEK,IGLJ5
TNFRSF1B,TRIAP1
SELL,GSTM1
NT5E,MC2R
LGALS1,AMY1C
ADCY1,MPO
LGALS1,KCNC3
LGALS1,ARID4B
CD160,ASCL2
TEK,UTS2R
TEK,RHOD
TEK,PABY
LGALS1,LPAR1
CTLA4,POLR1H
CALCRL,SEPTIN14P2
CALCRL,MUC12
CTLA4,IGKV1D-32
SELL,MIR155
MPZ,ENPEP
TEK,HNRNPA3P6
TEK,ADAM3A
CNTN6,TEK
TNFRSF11A,TEK
TLR4,CTNNA1
LGALS1,OR11J5P
ACVR1B,SERPINA3
ACVRL1,ACVR1B
ADORA2B,ADORA1
ADORA3,ADORA2B
ADRA1D,ABCA1
APLP2,ABL1
FAS,ADH1B
AQP1,APP
BCR,AHR
C1QBP,BAX
CALCR,FAS
CALM1,ACTN4
CANX,FAS
CANX,ABL1
CAV1,ABCA1
CAV1,CCND1
CAV1,ALPG
CAV1,ADRA1D
CAV1,AMBP
CAV1,CAPZB
CAV1,CACNA1C
CAV1,ADRA1A
CAV1,BCL2L1
CAV1,ANXA6
CAV1,ANXA2
CAV1,APOA1
CAV1,C5AR1
CD2,FAS
CD247,FAS
CD4,FAS
CD4,APLNR
CD4,CEACAM1
CD4,AKT1
CD6,BAX
CD7,FAS
CD8A,ANXA5
CD8A,FAS
CD8A,ANXA2
CD9,ANXA5
CD9,CAV1
CD19,FAS
CD86,BCL2
CD33,AKT1
CD34,BAX
CD36,CAV1
CD40LG,AFP
CD44,BSG
CD44,AGTR1
CD44,FAS
CD47,FAS
CD47,CASP8
CD59,FAS
CD63,ANXA5
CD68,FAS
CD68,CD4
CD68,TSPO
CD68,CD8A
CD151,ADRA1D
CD151,CD47
CD151,CD44
CD151,AKT1
CDH1,FAS
CFTR,ANXA5
CNR1,CD4
CNR1,CAV1
COL17A1,ABL1
CR1,CD79A
CR1,BCR
CR1,CD4
CR1,ALPG
CR1,CD40LG
CR1,CAPG
CR1,CDKN2A
CR1,ACVR1B
CR1,CAPZB
CR1,APP
CR1,CD19
CR1,CD36
CR1,CD33
CR1,CCNT1
CR1,BIN1
CRHR1,COMT
CRHR2,COMT
CSPG4,BNIP2
CSPG4,CD44
CSPG4,CDH5
CTLA4,MS4A3
CTLA4,CRYGD
CTLA4,CD40LG
CTLA4,APC
CTLA4,ERCC8
CTLA4,CD4
CTLA4,MS4A1
CTLA4,CD22
CTLA4,BLK
CTLA4,TNFRSF8
CTLA4,CDR1
CX3CR1,CCR5
CX3CR1,CCR7
CD55,FAS
DAG1,ARNT
DAG1,CREBBP
DCC,AKT1
DLG4,ACVR1B
DPP4,FAS
DPP4,CHGA
DRD2,ADORA2B
DRD4,COMT
DRD4,AKT1
DRD5,COMT
EDNRA,CAV1
EFNA5,CREBBP
EGF,BCL6
EGF,CD151
EGF,BNIP3
EGF,CX3CR1
EGFR,ACP3
EGFR,KLK3
EGFR,CD9
EGFR,BCL2
EGFR,CDK4
EGFR,CYP1B1
EGFR,CST3
EGFR,ACR
EGFR,CD55
EGFR,KLF5
EGFR,CD2
EGFR,DST
EGFR,LRBA
EGFR,ACVRL1
EGFR,CD63
EGFR,RUNX1
EGFR,ANXA3
EGFR,CSNK1G2
EGFR,BMPR1B
ENG,BMPR2
ENG,CD44
ENG,ALCAM
ENG,CD19
ENG,CTNNB1
ENG,EGFR
ENG,RUNX1
ENG,ERCC8
ENG,C1QBP
ENG,EEF1B2P2
ENPEP,CANX
ENPEP,EGFR
EPHA1,CR1
EPHB2,AKT1
EPHB2,CAV1
EPHB3,BCL2
ERBB2,FAS
ERBB2,BCL2
ERBB2,CYP19A1
ERBB2,AGTR1
ERBB2,CREBBP
ERBB4,CR1
ESR1,ADCYAP1R1
ESR1,DHCR7
ESR1,ATF3
ESR1,CDH1
ESR1,CHAT
ESR1,EIF4E
ESR1,CRKL
ESR1,DACH1
ESR1,BRINP1
ESR1,TNFRSF17
ESR1,ELK3
ESR1,CDKN1B
ESR1,ACYP2
ESR1,EGR3
ESR1,CBS
ESR1,CD4
ESR1,ELAVL2
ESR1,CA9
ESR1,BCL7A
ESR1,CD47
ESR1,CKM
ESR1,ENO2
ESR1,BMPR1A
ESR1,EPHA3
ESR1,EPHA7
ESR2,CAV1
ESR2,AHR
ESR2,EGFR
F2RL2,MAPK14
FAP,EGR1
FAP,ENPEP
FCGR2A,CTLA4
FCGR2B,CASP8
FGFR1,EGR1
FGFR1,CDKN1A
FGFR2,FAS
FGFR4,BAX
FLT1,CSF1R
FLT1,FGFR2
FLT1,MS4A1
FLT1,ERBB2
FLT1,CREBBP
FLT1,DAG1
FLT4,CEACAM1
FLT4,FLI1
FN1,CCND1
FN1,CTNNB1
FN1,ALDOC
FPR2,ANXA6
FPR2,CD36
FPR2,CD47
FSHR,AKT1
GABRG2,COMT
GAS1,BCL2
GFRA1,GADD45A
GHR,EGFR
GJA1,CAV2
GJA1,CAV3
GJA1,DSP
GJA1,EXTL3
GJA1,CCND1
GLP1R,CAV1
GNRHR,FAS
GP1BA,ANXA5
GP5,CD151
XCR1,BCL6
UTS2R,CAV1
GPER1,ERBB2
GPER1,AFP
GPER1,ESR2
GPER1,DST
GRIA1,ESR1
NR3C1,BMPR2
NR3C1,FUS
GRM3,COMT
GUCY2C,ATM
HFE,CYP17A1
HFE,HBB
HLA-A,CD79A
HLA-A,GEM
HLA-A,CTLA4
HLA-A,CD19
HLA-A,CD40
HLA-DPA1,FABP4
HMMR,HLA-DRB1
HRH1,EGFR
HRH1,HBB
HTR2A,FAS
HTR2C,HBB
ICAM1,GP1BA
ICAM1,CD80
ICAM1,CD28
ICAM1,CAPZB
ICAM1,CTTN
ICAM1,EPHB2
ICAM1,CD4
ICAM1,APC
ICAM1,CMD1B
ICAM1,CD2
ICAM1,CACNA1A
ICAM1,BSG
ICAM1,PTK2B
ICAM1,CD36
ICAM1,ANXA5
ICAM1,BCL2
ICAM1,MS4A3
ICAM1,RHOC
ICAM1,FUT1
ICAM1,CD86
ICAM1,CD8A
ICAM1,ACP3
ICAM1,CST3
ICAM1,CD9
ICAM1,BCR
ICAM1,ETV5
ICAM1,HBA1
ICAM1,CFTR
ICAM1,CD44
ICAM1,CR2
ICAM1,ENPEP
ICAM1,EEF1B2P2
ICAM1,CR1
ICAM1,FOLH1
ICAM1,ARSB
ICAM1,AIF1
ICAM1,CCR1
ICAM1,ALAS2
ICAM1,C1QBP
ICAM1,ALDOC
ICAM1,SFN
ICAM2,ICAM1
ICAM3,HBA1
ICAM3,ICAM1
IFNAR2,FLT1
IFNGR2,BAX
IGF1R,CAV2
IGF1R,ADRA1D
IGF1R,E2F1
IGF1R,EGR1
IGF1R,AR
IGF1R,BRCA2
IGF1R,TNFRSF8
IGF1R,ERBB3
IGF1R,CISH
IGF1R,ACACA
IGF1R,ALDH1A3
IGF1R,ALDH3B1
IGF1R,CDKN2A
IGF2R,ESR1
IGSF1,CR1
IGSF1,RHOA
IGSF1,AKT1
IGSF1,HBB
IGSF1,CAV1
IGSF1,HIF1A
IL1R1,CSF2RA
IL1R1,CD4
IL1R1,ETV3
IL1R1,XCR1
IL1R1,ESR1
IL1R1,FANCB
IL1R1,FGFR2
IL1R1,EDNRA
IL1RAP,AQP6
IL2RA,CD151
IL3RA,BRS3
IL3RA,HSPD1
IL4R,CTLA4
IL7R,CTLA4
CXCR1,HIF1A
CXCR1,CD151
CXCR1,ESR1
CXCR2,HSPB1
IL10RA,FAS
IL10RA,XIAP
IL13,ESR1
IL13RA1,FOXM1
IL15RA,EGFR
IL18,EGFR
IL18,AHR
INSR,HSPA8
INSR,BCL2
INSR,HBA1
INSR,ESR1
INSR,BAX
INSR,HIF1A
ITGA6,ESR1
ITGA1,ICAM1
ITGA1,CD151
ITGA2,CAV1
ITGA2,ICAM1
ITGA2B,ANXA5
ITGA2B,ICAM1
ITGA3,AKT1
ITGA5,CDKN1A
ITGA9,ITGA1
ITGA9,EGFR
ITGA9,IL6ST
ITGA9,FGFR2
ITGAE,ICAM1
ITGAL,HBA1
ITGAL,FAS
ITGAL,ENPEP
ITGAL,DNMT1
ITGAM,ADCYAP1R1
ITGAM,CD38
ITGAM,CEACAM8
ITGAM,BST1
ITGAM,CAPZB
ITGAM,ANXA5
ITGAM,APAF1
ITGAM,ITGA2B
ITGAM,ENG
ITGAM,CD8A
ITGAM,ITGAL
ITGAM,HIF1A
ITGAV,IL1RAP
ITGAV,ICAM1
ITGAX,ITGAM
ITGAX,ITGAL
ITGAX,ABL1
ITGAX,C1QB
ITGAX,CD80
ITGAX,CD33
ITGAX,CR1
ITGB1,CDH1
ITGB1,ICAM1
ITGB1,CD4
ITGB1,EEF1B2P2
ITGB1,ANXA5
ITGB1,KRIT1
ITGB1,FLT1
ITGB1,GAPDH
ITGB1,ITGA2B
ITGB1,IGFBP5
ITGB1,CTNNA2
ITGB1,HBA1
ITGB1,DAPK1
ITGB1,CKB
ITGB1,CAPZB
ITGB1,CD44
ITGB1,ADRA1D
ITGB1,HBD
ITGB1,ERBB3
ITGB1,CD79B
ITGB1,CRYAB
ITGB1,GP1BA
ITGB1,CRABP1
ITGB1,HSPD1
ITGB2,CD86
ITGB2,BST1
ITGB2,HBA1
ITGB2,CD2
ITGB2,CD4
ITGB2,APC
ITGB2,CAPZB
ITGB2,FLNC
ITGB2,FLNB
ITGB2,FCGR2A
ITGB2,CR2
ITGB2,IL2RA
ITGB2,F3
ITGB2,IGSF1
ITGB2,FAS
ITGB2,CDKN2A
ITGB2,IRAK1
ITGB2,ITGA2B
ITGB2,CD44
ITGB2,IL6ST
ITGB2,ENPEP
ITGB2,IFN1@
ITGB2,CRYAB
ITGB2,ITGAV
ITGB2,IK
ITGB3,ITGB2
ITGB4,ICAM1
ITGB5,ITGAX
ITGB8,GJA1
ITPR1,IGF1R
ITPR3,BCL2
ITPR3,CHGA
ITPR3,RHOA
ITPR3,MTOR
KCNQ1,EGFR
KDR,BCL2
KDR,ESR1
KDR,FANCB
KDR,HSPA4
KDR,FLT3
KDR,CREBBP
KDR,EPHB2
KDR,GATA2
KDR,APP
KDR,ERBB2
KDR,CD40LG
KDR,BRAF
KDR,FABP3
KDR,CSF1R
KDR,CA9
KDR,CD47
KDR,JUND
KDR,FAS
KDR,CDKN2A
KDR,CACNA1C
KDR,BSG
KDR,HRAS
KDR,FOXA2
KIR2DL3,ITGAM
KIR3DL1,E2F1
KIR3DL1,ICAM1
KIT,ITGAX
KIT,KDR
KIT,EGFR
KIT,BCL2
KLRC1,CD8A
KLRC1,CD80
KLRC1,HSPD1
KLRD1,KIR2DS1
KLRD1,KIR2DL2
KLRD1,KIR3DL1
KLRD1,HSPA4
KLRD1,HSPD1
KLRD1,KLRB1
KRT1,ITGB1
KRT1,BCL2
KRT1,ENO2
LAIR1,KLRD1
LAMP1,FABP4
RPSA,EGFR
LEPR,ALPG
LEPR,IL6R
LEPR,FYN
LEPR,DBP
LGALS1,CTNNB1
LGALS1,TLE5
LGALS1,CCND1
LGALS1,ASNS
LGALS1,GADD45A
LGALS1,BRCA2
LGALS1,APOA1
LGALS3,CTNNB1
LGALS3,KRAS
LGALS3,CD7
LGALS3,BCL2
LRP1,ITGB1
LRP1,AFP
LRP6,GRB10
LRP6,CRX
LRP6,ABCA1
LRP6,LDLR
LRP5,AKT1
LTBR,ITGAM
LTBR,FAS
LTBR,ITGB2
LTBR,ITGB1
LTBR,CR1
LTBR,ITGAX
LTK,CYP17A1
LTK,CYP19A1
LTK,ESR1
SMAD1,ESR1
SMAD1,FLT1
MC1R,BAX
MC3R,LEPR
MC4R,LEPR
MET,EIF2S1
MET,EIF5
MET,CD4
MET,ITIH4
MET,EIF2S3
MET,COMT
MET,DAGLA
MET,CCR3
MET,EPHB2
MET,HIVEP2
MET,SMAD4
MET,BRCA1
MET,EPHB3
MET,FLT4
MET,FCGRT
MET,FLT1
MET,GPX4
MET,CDKN2A
MMP2,CD81
MMP2,CYP19A1
MMP2,ATXN3
MMP2,SMAD4
MMP2,CSPG4
MMP2,OPN1MW
MMP2,CST3
MMP2,EEF1B2P2
MMP2,DSC3
MMP2,KRT16
MMP2,KRT7
MMP2,HSP90AA2P
MMP2,HSP90AB1
MMP2,HSPA5
MMP2,IGFBP5
MMP2,ELN
MMP2,CD55
MMP2,BCL2L1
MMP2,MCL1
MMP2,FAS
MMP2,ITGAX
MMP2,ITGB5
MMP2,ITGB3
MMP2,FLT1
MMP2,CDH5
MMP2,GAPDH
MMP2,STX2
MSN,MME
MSN,BCL2
MSN,ITGB1
MSR1,ESR1
MST1R,FAS
MST1R,EGFR
MST1R,KDR
MST1R,CD151
MST1R,ITGA9
MST1R,IL1R1
MTNR1A,HIF1A
MTNR1A,AGTR1
MTNR1B,ICAM1
MTNR1B,MMP9
MTTP,EGFR
MTTP,ABL1
MUC1,FUT4
MUC1,MEN1
MUC5AC,EGFR
MYLK,MYL4
MYLK,PLK3
MYLK,ITGAL
MYLK,MYD88
MYLK,CREB1
CEACAM6,AKT1
NCAM1,IGH
NCAM1,CTNNB1
NCAM1,FCGR3A
NCAM1,CDH1
NCAM1,IGSF1
NCAM1,RUNX1
NCAM1,AR
NCAM1,FAS
NCAM1,LTBR
NCAM1,ITGAM
NCAM1,KIR2DL3
NCAM1,CTNND1
NCAM1,MAG
NCAM1,GYPA
NCAM1,SH2D1A
NCAM1,ERBB2
NCAM1,MUC1
NCL,BCL2
NCL,TPP1
NCL,MMP9
NCL,GADD45A
NCL,GPX4
NGFR,FAS
NGFR,ABL1
NOTCH1,STMN1
NOTCH1,APLP2
NOTCH1,NFKBIA
NOTCH1,CD28
NOTCH1,CBFA2T3
NOTCH1,IL6R
NOTCH1,ETV4
NOTCH1,ERBB2
NOTCH1,MET
NOTCH1,C8A
NOTCH2,CDKN1A
NOTCH3,ESR1
NOTCH3,IGF1R
NOTCH3,CDKN1A
NOTCH3,CR1
NPY6R,ESR1
NT5E,CD44
NT5E,CD8A
NT5E,ATP5F1E
NT5E,CD28
NT5E,ALCAM
NT5E,ITGB1
NT5E,CD40LG
NTRK2,NCAM1
NTRK2,LEPR
ROR1,CDKN1A
DDR2,NOVA2
NTSR1,HABP2
OPRM1,COMT
P2RX7,FAS
P2RY2,FLT1
P2RY2,ITGAM
P2RY4,CAV1
P4HB,EGR1
P4HB,ICAM1
P4HB,MMP2
P4HB,CD151
P4HB,ITGB1
P4HB,CAV1
P4HB,EP300
P4HB,KDR
P4HB,ENG
P4HB,AGTR1
PDCD1,AKT1
PDCD1,CD69
PDCD1,CD40
PDCD1,IL2RA
PDCD1,IL7R
PDGFRA,ABL1
PDGFRA,KDR
PDGFRA,SMAD4
PDGFRA,MET
PDGFRA,ITGAX
PDGFRB,CDKN1A
PECAM1,NOS3
PECAM1,AKT1
PECAM1,HBA1
PECAM1,EGFR
PECAM1,ICAM1
PGR,COX2
PGR,CDKN2A
PGR,HSPB1
PGR,FOS
PGR,BCL2
PGR,PEPC
PGR,ERBB3
PGR,MYC
PGR,BAG1
PGR,INSR
PGR,KLK3
PGR,MAPT
PGR,ESR2
PGR,SMAD7
PGR,KRT5
PGR,IGF1R
PGR,CA5A
PGR,GATA3
PGR,CDH1
PGR,FOXA1
PGR,KRT1
PGR,CNN1
PGR,CAPN1
PGR,GLB1
PGR,ERBB4
PGR,SCGB2A1
PGR,DNAJA1
PGR,HTR7
PGR,FMR1
PGR,CIDEA
PGR,HDAC1
PGR,GRB7
PGR,MST1R
PIGR,AKT1
PIK3CB,ITGB2
PIK3CB,MMP9
PIK3CB,CD151
PIK3CB,CAV1
PIK3CB,NFKB1
PKD1,CUX1
PKD1,KRT17
PKD1,NFKB1
PKD1,IGF1R
PKD1,INSR
PKD1,DAG1
PKD1,GNAQ
PKD1,HNRNPA1
PKD1,LEPR
PKD1,MC4R
PKD1,MC3R
PKD1,NTRK2
PKD1,ITGB3
PKD2,LCK
PKD2,ARF6
PKD2,PCSK2
PKD2,ITPR1
PLAUR,FPR2
PLAUR,PLAT
PLAUR,AKT1
PLAUR,ICAM1
PLAUR,AFP
PLAUR,IL1RAP
PLG,MMP2
PLG,ANXA5
PPARA,ID3
PPARA,CYP27B1
PPARA,CYP24A1
PPARA,FOXM1
PPARA,IGF1R
PPARA,EGR1
PPARA,MTHFR
PPARG,MBP
PPARG,CXADR
PPARG,JCHAIN
PPARG,PPARD
PPARG,DR1
PPARG,SMAD4
PPARG,DDIT3
PPARG,PKLR
PPARG,H1-2
PPARG,P4HB
PPARG,MMP13
PPARG,ACACA
PPARG,GAPDH
PPARG,CNR1
PPARG,EPHX1
PPARG,MIA2
PPARG,GATA1
PPARG,LIPE
PPARG,RAPGEF1
PPARG,KCNJ11
PPARG,NRF1
PPARG,CRABP1
PPARG,HRAS
PPARG,CDKN1A
PPARG,BMPR1B
PPARG,EMD
PPARG,AR
PPARG,ETV3
PPARG,IDE
PPARG,TYMP
PPARG,EIF6
PPARG,ACVR1B
PPARG,CD4
NPY4R,EZH2
PRLR,FABP4
PRLR,EGFR
PTAFR,NFKB1
TAS2R38,ESR1
TAS2R38,GSTT1
TAS2R38,KDR
PTCH1,SMAD4
PTGDR,E2F1
PTGDR,FAS
PTGER3,LEPR
PTGER4,MMP2
PTPN6,NOS3
PTPN6,PIK3CD
PTPRA,PLAT
PTPRA,MAPK14
PTPRA,MAPK1
PTPRA,AFP
PTPRC,AFP
PTPRC,NCAM1
PTPRC,ENG
PTPRC,ANXA5
PTPRC,NFKB1
PTPRK,SMAD4
PTPRM,GJA1
PVR,AFDN
PVR,PTPN11
PVR,CD44
PVR,ITGB1
PVR,CIITA
PVR,PTPRA
PVR,PTPRJ
PVR,HLA-DPA1
PVR,ERBB3
PVR,AKT1
NECTIN1,YBX1
NECTIN1,EGFR
NECTIN1,ESR1
NECTIN1,LRP6
RARA,NFKB1
RARA,HLA-DRB1
RARA,IRAK1
RARA,HSPB1
RARA,CAV1
RARA,ANXA5
RARA,BCL6
RARA,MMP2
RARA,HAS2
RARB,ICAM1
RARB,GSTM1
RHAG,HBB
RHO,AKT1
RHO,NOS3
RHO,ANXA2
RHO,ARHGDIA
RHO,REN
RHO,ICAM1
ROBO1,PIK3CD
RORA,PPARG
RORA,NFKB1
RORB,FOXM1
RORC,MTOR
RORC,PTEN
RORC,PPARG
RXRA,IGFBP1
RXRA,MYH6
RXRA,ICAM1
RXRA,HNF4A
RXRA,FOS
RXRA,RELB
RXRA,CYP24A1
RXRA,ATF1
RXRA,MYBL2
RXRA,NFYC
RXRA,IRF8
RXRA,BCL6
RXRA,RBP1
RXRA,ONECUT1
RXRA,PRKACB
RXRA,PRKAA1
RXRA,JUN
RXRB,ESR1
RXRB,CYP27B1
RXRB,CYP24A1
RYR1,NFE2L2
SORT1,ACVR1B
SCN5A,GJA1
SCN5A,NFKB1
SCN5A,CAV1
SCN10A,ANXA2
SDC1,BSG
SDC1,PIK3CD
SDC2,NCAM1
SDC4,ITGB1
SELE,ANXA5
SELE,MET
SELE,PDCD1
SELE,ITGB1
SELE,ICAM1
SELL,FOXO1
SELL,ITGAM
SELL,ICAM1
SELL,ENPEP
SELP,ANXA5
SELP,ITGAM
SELP,MTHFR
SELPLG,HLA-DRB1
SLAMF1,PVR
SLC1A5,BSG
SLC2A2,PPARG
SLC9A1,PPARG
SLC16A1,SLC2A1
SLC18A2,HSPA8
SORL1,CR1
SPN,ITGB2
SPN,ANXA5
SPN,FAS
SSTR1,AGTR1
SSTR1,EGFR
SSTR5,EGFR
STX3,ABCA1
CNTN2,LGALS4
CNTN2,BCL6
CNTN2,EGR1
CNTN2,RHOA
CNTN2,AKT1
TDGF1,PCSK6
TDGF1,FURIN
TEK,VPS51
TEK,APC
TEK,SP1
TEK,SMAD4
TEK,CD44
TEK,FLT1
TEK,ITGA1
TFRC,STAT3
TFRC,IL1R1
TFRC,PTPN11
TFRC,AKT1
TFRC,ITGB1
TGFBR1,CASP8
TGFBR1,MMP2
TGFBR2,MET
TGFBR2,ESR1
TGM2,ARNT
THBD,F10
THBD,SERPINF2
THBD,HBB
THBD,CAD
THBD,MAPK8
THBD,CD40
THBD,CD19
THBD,SELE
THBD,CD46
THBS1,PLAT
THBS1,HBZ
THRA,EGFR
THY1,ITGAX
THY1,ENG
TIE1,PTK2
TIE1,MET
TIE1,ESR1
TIE1,ABL1
TIE1,CAV1
TIE1,NCAM1
TIE1,RASA1
TIE1,FLT1
TIE1,HBA1
TIE1,VPS51
TIE1,IGF1R
TLR1,ICAM1
TLR2,CYBB
TLR2,MAPK14
TLR2,PDCD1
TLR4,HSP90AB1
TLR4,CYBB
TLR4,LBP
TLR4,IRF6
TLR4,MAPK10
TLR4,NECTIN1
TLR4,IL10RA
TLR4,MS4A3
TLR4,SELL
TLR4,AKT1
TLR4,SAA3P
TLR4,LPL
TLR4,NTRK1
TLR4,CD80
TLR4,DECR1
TLR4,PIGF
TLR4,ABCC1
TLR4,IL4R
TLR4,DSG1
TLR4,ALDH1A3
TLR4,ALDH3B1
TLR4,IGF1R
TLR4,RAB5A
TLR4,LDLR
TLR4,ADAM17
TLR4,JUND
TLR4,SFTPC
TLR4,CD79A
TNFRSF1A,CD40LG
TNFRSF1A,CDKN1A
TNFRSF1A,PIK3CB
TNFRSF1A,LTBR
TNFRSF1A,NGFR
TNFRSF1A,AR
TNFRSF1A,TBP
TNFRSF1A,IL1R1
TNFRSF1A,SH3GL2
TNFRSF1A,AGFG1
TNFRSF1A,ESR1
TNFRSF1A,EP300
TNFRSF1A,CD6
TNFRSF1A,BRD2
TNFRSF1A,CD27
TNFRSF1A,ROS1
TNFRSF1A,NCAM1
TNFRSF1A,IRS1
TNFRSF1A,EPOR
TNFRSF1A,KCNJ11
TNFRSF1A,F9
TNFRSF1A,IRF8
TNFRSF1A,PLAT
TNFRSF1A,GYPC
TNFRSF1A,ITGB2
TNFRSF1A,IL10RA
TNFRSF1A,RBBP4
TNFRSF1A,CFTR
TNFRSF1A,ERBB2
TNFRSF1A,ERBB3
TNFRSF1A,ERBB4
TNFRSF1A,KDR
TNFRSF1A,BCL2
TNFRSF1B,FAS
TNFRSF1B,LTBR
TNFRSF1B,NGFR
TNFRSF1B,RAF1
TNFRSF1B,MYC
TNFRSF1B,SHC1
TNFRSF1B,PTPN13
TNFRSF1B,RELA
TNFRSF1B,LEPR
TNFRSF1B,IRS1
TNFRSF1B,IL1R1
TNFRSF1B,CDH5
TNFRSF1B,BAX
TNFRSF1B,IL10RA
TNFRSF1B,MAG
TNFRSF1B,NTRK2
TNFRSF1B,NTRK3
TNFRSF1B,TEC
TPO,MPO
TPO,FLT1
TPO,MMP9
TRAF2,ADAM17
TRAF2,BCL2
TRAF3,MAPK14
TRAF3,RASA1
TRAF3,BCL2
TRPC6,ACTN4
TRPC6,PPARG
TRPM2,MMUT
TNFRSF4,TNFRSF1A
TYROBP,KIR2DS5
VCAM1,CD47
VCAM1,IGBP1
VCAM1,NEUROD1
VCAM1,CD8A
VCAM1,ITGAX
VCAM1,TNNT2
VCAM1,ADAM17
VCAM1,SEA
VCAM1,GCY
VCAM1,ALPG
VCAM1,CD36
VCAM1,SELL
VCAM1,ITGAM
VCAM1,CD40
VCAM1,DEFA1
VCAM1,NFKBIB
VCAM1,REL
VCAM1,CD4
VCAM1,CD81
VCAM1,SOD2
VCAM1,FUT1
VCAM1,SERPINA3
VCAM1,PLAT
VCAM1,KIT
VCAM1,TNFAIP3
VCAM1,TK1
VCAM1,SMAD1
VCAM1,NEU1
VCAM1,CRYAB
VCAM1,HLA-DRB1
VCAM1,PECAM1
VCAM1,FGFR4
VCAM1,CR2
VCAM1,ENPEP
VCAM1,PRKAR1A
VCAM1,FPR1
VCAM1,NFKBIA
VCAM1,ITGAE
VCAM1,FCGR3A
VCAM1,ITGAL
VCAM1,FOLH1
VCAM1,ACACA
VCAM1,AGTR1
VDR,ELK1
VDR,HSPA8
VDR,PLAAT4
VDR,IGFBP5
VDR,LEPR
VDR,FHL2
VDR,ARNT
VDR,JUND
VDR,CAT
VDR,JUNB
VDR,EEF1B2P2
VDR,RARS1
VDR,PNN
VDR,HSP90AB1
VDR,HSPE1
VDR,HPT
VDR,ADAM17
VDR,ETS1
VDR,CAD
VDR,RORA
VDR,CRIP1
VDR,SHC1
VDR,BCL3
VDR,MEN1
VDR,BRAF
VDR,SERPINB13
VDR,CUX1
VDR,LBP
VDR,RARG
VDR,CDX2
VDR,IGF2R
VDR,TGFBR1
VDR,AR
VDR,NR3C2
VDR,PGR
VDR,LRP5
VDR,TNFRSF1B
VDR,UCP3
VDR,RARA
VDR,MMP3
VDR,TACC1
VDR,GATA1
VDR,EPHA3
VDR,NR3C1
VDR,MS4A3
VDR,CXCR2
VDR,PIK3R2
VDR,TFAP2A
VDR,SMARCA1
VDR,SMARCE1
VDR,CCNC
VDR,MYB
VDR,TADA2A
VDR,HLA-DRB1
VDR,PITX2
VDR,H1-1
VDR,RPS3
VDR,RPL7
VDR,GADD45B
EZR,TP53
EZR,ADAM17
VLDLR,PLAT
VTN,IL1R1
VTN,SERPINB2
VTN,PLAT
VTN,EGFR
VTN,IGF1R
VTN,PTMA
VTN,ITGB2
VTN,HBA1
VTN,CR1
VTN,ICAM1
VTN,ARNT
LRP8,BAX
IL1R2,PPARG
CXCR4,ITIH4
CXCR4,ITGAL
CXCR4,PRKAA1
CXCR4,MAPK8
CXCR4,ARRB1
CXCR4,LDLR
CXCR4,FTH1
CXCR4,AKT1
CXCR4,ITGA5
CXCR4,ACKR1
CXCR4,IRF6
CXCR4,HARS1
CXCR4,SDC2
CXCR4,CD44
CXCR4,TGFBR3
CXCR4,PSMA7
CXCR4,TAT
CXCR4,CD63
CXCR4,ISG20
CXCR4,COX2
CXCR4,TEK
CXCR4,PSG2
CXCR4,PRKAR1A
CXCR4,AGTR1
CXCR4,TFAP2A
CXCR4,SRSF5
CXCR4,GHR
CXCR4,CISH
CXCR4,BCR
CXCR4,MYC
CXCR4,RB1
CXCR4,CRYAB
CXCR4,HHEX
CXCR4,GJA1
CXCR4,MYB
CXCR4,CCNE1
CXCR4,LOX
CXCR4,NEUROD1
CXCR4,CCNT1
CXCR4,ITGA4
FZD5,BAK1
MADCAM1,ITGB1
MADCAM1,ITGAM
MADCAM1,HBA1
MADCAM1,ITGB2
MADCAM1,HBB
FZD4,CXCR4
RECK,HIF1A
CNTNAP1,RND3
CNTNAP1,EGFR
IFITM1,CAV1
MARCO,FPR2
TRADD,TP53
TNFRSF25,VDR
TNFRSF25,FAS
TNFRSF25,CTLA4
TNFRSF25,EP300
TNFRSF25,NOTCH1
RIPK1,AGTR2
RIPK1,ADAM17
RIPK1,TP53
RIPK1,BCL2
TNFRSF14,PDCD1
TNFRSF14,CTLA4
TNFRSF14,TRAF6
TNFRSF6B,CREBBP
SIGLEC5,NR0B2
TNFRSF18,TNFRSF1A
TNFRSF11A,EGFR
TNFRSF11A,MAPK14
TNFRSF11A,NFKB1
TNFRSF10B,RXRA
TNFRSF10B,ADAM17
TNFRSF10A,ADAM17
IL18RAP,IL1R1
NRP2,EIF2AK2
NRP1,CSF1R
NRP1,NR0B1
NRP1,MST1R
NRP1,ITGB1
NRP1,PSG2
NRP1,CASP8
NRP1,PCBP1
NRP1,IGFBP2
NRP1,GRB2
NRP1,PTPN11
NRP1,AKT1
NRP1,CD19
NRP1,ADAM17
NRP1,GJA1
NRP1,SLC2A1
NR1I2,AHR
NR1I2,NFKB1
NR1I2,CYBA
NR1I2,CNR1
NR1I2,PLAT
NR1I2,ARNT
NR1I2,EGFR
SPHK1,ICAM1
SPHK1,EGFR
SPHK1,ESR1
SPHK1,CAV1
PGLYRP1,TXN
LPAR2,MBTPS1
OSMR,AKT1
XPR1,TP53
XPR1,LASP1
GPR55,TLR4
CD163,KIT
CD163,PPIA
CD163,PIN1
CER1,NR4A2
NRXN2,AKT1
NRXN2,IGF1R
NCR2,KLRD1
NCR2,PTPN11
NCR2,IGF1R
NCR1,STAT3
NCR1,KLRD1
NCR1,IGF1R
NR1H4,NFKB1
NR1H4,FOXM1
PTPRU,RASA1
PTPRU,MAPK1
TSPAN1,PTK2
PLXNC1,AKT1
PLXNC1,NRP1
PLXNC1,MET
PLXNC1,PVR
PLXNC1,TP53
CALCRL,ZMYM2
FLOT1,AKT1
NMUR1,TLR4
NMUR1,MAPK1
ABCA7,CR1
CACNG2,EGFR
RACK1,PTK2
RACK1,ADAM12
RACK1,BMPR2
GPNMB,MMP2
MERTK,ADAM17
MERTK,FURIN
CLEC10A,IL1RAP
CAP1,TNFRSF1A
CAP1,TNFRSF1B
CAP1,EGFR
PROCR,CD1C
PROCR,MAPK1
PROCR,ATF6B
PROCR,C4B
PROCR,PLAT
PROCR,CPB2
PROCR,IL10RA
PROCR,HCK
CD226,HLA-DRB1
PGRMC1,EGFR
PGRMC1,ESR1
PGRMC1,AKT1
LILRB1,HLA-DRB1
LILRB1,KLRD1
LILRB1,KLRC1
LILRB1,BCL2
LILRB1,NR0B2
LILRB1,PVR
LILRB1,PTPN11
HCST,KLRD1
HCST,MMP9
CKAP4,BAX
CKAP4,CDKN1A
CKAP4,YAP1
CKAP4,ITGB1
GPR176,ESR1
PTGDR2,MET
ADGRL1,HIF1A
KLRK1,ICAM1
KLRK1,STAT3
KLRK1,IGF1R
CD93,EPHA3
CD93,P4HA2
CD93,ITGAX
NFASC,LGALS4
NFASC,NCAM1
STAB1,MMP2
STAB1,KDR
STAB1,FLT1
JMJD6,CD36
JMJD6,RBL2
JMJD6,E2F1
JMJD6,JUND
ADGRL2,MPO
TRAM1,STAT3
TRAM1,IRAK1
TRAM1,MAPK1
TNFRSF13B,ESR1
TNFRSF13B,EGFR
TSPAN12,ADAM17
IL36RN,NFKB1
HAVCR1,CD79A
HAVCR1,CTLA4
HAVCR1,IL4R
HAVCR1,KLK7
HAVCR1,TOMM40
SIGLEC7,ADAM17
SIGLEC7,ITGB2
SIGLEC7,TNFRSF1B
LYPD3,TWIST1
C5AR2,FPR2
TNFRSF21,HLA-DRB1
TNFRSF21,RXRA
CLEC2D,PIK3CD
CD274,SNCA
CD274,SPATA2
CD274,TNFRSF14
CD274,CD28
CD274,STAT3
CD274,CD86
CD274,CD40
CD274,DAP3
CD274,INSR
CD274,ICAM1
ICOS,CD274
SLC40A1,ADAM17
IL22,HIF1A
IL22,NFKB1
IL22,ICAM1
IL22,IL1R1
IL22,IL1RAP
IL22,CAV1
IL22,KHDRBS1
TAS2R13,AKT1
F11R,ITGB1
CLEC4A,PTPN11
ADIPOR1,AGTR1
ADIPOR1,NOVA2
GP6,BSG
TLR7,TLR4
CD320,BSG
TLR8,TLR3
TLR8,TLR4
TLR8,TLR2
TLR8,PIK3CG
TLR8,PIK3R2
TLR8,TLR6
TLR8,ITGAX
TLR8,CD40LG
TLR8,TLR1
TLR8,TLR5
TNFRSF12A,CD163
LSR,SASH1
CD244,KLRD1
CD244,NCAM1
CD244,NR0B2
ERAP1,CDK4
ERAP1,TSHR
ERAP1,TNFRSF1B
ERAP1,CAST
INPP5K,HDAC2
ADAM22,ITGB1
TLR9,TLR5
TLR9,KLRB1
TLR9,CD40
TLR9,CD40LG
TLR9,LRP1
TLR9,TLR2
TLR9,TLR6
TLR9,NFKB1
TLR9,DHX9
TLR9,ADAM17
TLR9,ICAM1
TLR9,DDX58
TLR9,RABEPK
TLR9,VDR
TLR9,CD274
TLR9,KLRK1
TLR9,TLR4
TLR9,MAP3K7
TLR9,TLR3
TLR9,DNMT3L
TLR9,HAVCR1
TLR9,IL4R
TLR9,KLK7
TLR9,CTLA4
TLR9,IRF5
TLR9,CLEC4A
TLR9,EIF2AK2
TLR9,CDKN2A
TREM1,HSPA4
TREM1,LY96
ROBO4,EGFR
IL17RD,TRAF6
TNFRSF19,CASP8
TNFRSF19,RHOA
PLXNA3,AKT1
PLXNA3,COMT
CHRNA9,MYLIP
CHRNA9,AFP
MRAP,FOXO3
MRAP,PTK2
MRAP,HLA-DRB1
MRAP,HBA1
RGMA,PTK2
AGTRAP,EGFR
CYSLTR2,CXCR4
CYSLTR2,TP53
CYSLTR2,CTLA4
CYSLTR2,MAPK1
CYSLTR2,ADAM17
CYSLTR2,ADAM9
CYSLTR2,FLT1
CYSLTR2,RGS2
CD177,ITGAM
KIR2DL5A,HLA-DRB1
SLAMF7,VCAM1
SLAMF7,ITGB1
ACE2,ITGB1
ACE2,NR3C2
ACE2,AGTR1
ACE2,HNF1A
ACE2,P4HB
LGR6,MMP2
EDA2R,NFKB1
HHIP,HSPA8
RTN4R,EGFR
RTN4R,RHOA
ADIPOR2,AKT1
VTCN1,CTLA4
TRPM3,STAT3
PDCD1LG2,CASP8
PDCD1LG2,CTLA4
MPIG6B,NR0B2
MPIG6B,EIF2AK2
COLEC12,CEACAM1
VANGL1,MAPK1
JAM3,LTBR
JAM3,ITGB4
JAM3,SLC2A4RG
JAM3,ITGAL
MAGT1,XIAP
MAGT1,CASP8
MAGT1,BCL2
KISS1R,EGFR
HAVCR2,TIMELESS
HAVCR2,IL2RA
HAVCR2,IL7R
HAVCR2,C1QBP
LINGO1,TNFRSF1B
LINGO1,WNK1
MYLK2,MYLK
MYLK2,TNFRSF1A
ESAM,TNMD
ESAM,ICAM1
SLAMF6,NR0B2
SLC5A11,PDCD1
TNFRSF13C,ICAM1
PROKR2,NFKB1
ACVR1C,ACVR1B
TAAR1,ITGB2
SIRPA,IRAK1
IL23R,TNFRSF1B
IL23R,ICAM1
IL23R,NOD1
IL23R,CTLA4
IL23R,TNFRSF1A
IL23R,IL1R1
IL23R,ERAP1
IL23R,FOXP3
GPBAR1,MBTPS1
TMPRSS6,HBB
CADM4,IGF1R
CADM4,BCL2
CADM4,FAS
CADM4,NFKB1
CADM4,CTLA4
CADM4,AMBP
GPRC6A,METTL3
GPRC6A,ABL1
NCR3,KLRD1
NCR3,EGFR
MRGPRX1,IGF1R
MRGPRX1,ADAM17
HTR3E,CD274
SCARA5,PTK2
KIR2DL5B,KIR2DS5
CCR2,LGALS4
CCR2,HLA-DRB1
KIR2DS2,ICAM1
KIR2DS2,PTPN11
KIR2DS2,FAS
KIR2DS2,KLRD1
KIR2DS2,HBA1
ACE2,CLN3
ADGRG3,KHDRBS1
ADGRL2,FAS
ADGRV1,EGFR
ADIPOR1,FABP4
ADIPOR1,FOXO1
APP,ABCA1
ATP6AP2,GPR34
ATP6AP2,NECTIN1
AXL,TLR4
BCR,CASP8
BCR,PDCD1
BMPR1A,ACVR1B
BMPR1B,ACVR1B
BMPR2,ALK
BMPR2,NEUROG2
BTLA,CTLA4
BTLA,NR0B2
CADM1,LGALS4
CALCRL,ACKR3
CALCRL,IL6ST
CAV1,CACNA1B
CD151,ADAM2
CD163,AIF1
CD163,ARG1
CD163,CHIA
CD163,COX2
CD163,GFRA1
CD163,HMOX1
CD163,LIFR
CD163,NCAM1
CD163,RET
CD163,RETNLB
CD209,VCAM1
CD244,ENG
CD27,TNFRSF1B
CD274,CACNA1B
CD274,CAT
CD274,CD93
CD274,CNR1
CD300LF,PTPN11
CD36,ABCA1
CD36,ABCG1
CD3E,AKT1
CD4,BCL6
CD40,EIF2AK2
CD40,HAND1
CD40,ITGAM
CD40,RHOA
CD40LG,FAS
CD40LG,HAND1
CD40LG,ID3
CD40LG,STAT1
CD44,ABCA1
CD44,AKT1
CD63,CD151
CD74,AKT1
CD74,HNRNPK
CD93,CD19
CD93,CR2
CDH2,AKT1
CDH5,CD151
CEACAM1,CD28
CHRNA3,CD151
CLDN5,CDKN1A
CLSTN1,VCAM1
CNR1,ACTB
CNR2,AKT1
CNTNAP1,ITGB1
CRHR2,CNR1
CSF3R,CXCR4
CSPG4,PDGFRA
CSPG4,PDGFRB
CSPG4,SIGMAR1
CXCR4,RUNX2
DDR2,HAND1
DERL1,MMUT
DLG4,AKT1
EFNB2,ADAM17
EGF,AHR
EGFR,ADAM10
EGFR,AP3S2
EGFR,ART1
EGFR,CRYAA
EGFR,CRYAA2
EGFR,DPP4
ENG,CD84
EPHB1,EGFR
EPHB2,CASP8
EPHB2,E2F1
EPHB3,AHR
ERAP1,IRS1
ERAP1,OSBPL1A
ERAP1,PPARA
ERAP1,RARA
ESAM,AKT1
ESAM,PVR
ESR1,APBB1
ESR2,AFP
ESR2,ARNT
FAS,ADRA1A
FAS,APC
FAS,BCL2L11
FAS,CACNA1B
FAS,CD22
FAS,CD38
FAS,CD80
FAS,CNP
FAS,CR2
FAS,CYS1
FAS,EGR1
FCER1A,BAX
FCGR1A,BCL2
FCGR2A,BCL2
FCGR2B,BCL2
FGFR1,PTK2
FLT1,ACTG1
FLT1,ALPG
FLT1,ALPP
FLT1,CDH5
FRZB,EGFR
GABRA6,AKT1
GHSR,ABCA1
GJA1,CACNA1C
GJA1,CD38
GJA1,CTTN
GJA1,EPHA1
GPBAR1,GPER1
GPC3,TWIST2
GPER1,AHR
GPNMB,BAX
GPNMB,ITGB1
GPR37,GJA1
GPR4,IL1RL1
GPR4,LMOD1
GPR4,YBX3
GPR85,BECN1
GRIK1,ABCA1
GRIN1,CAV1
GRIN1,FAS
GRM5,AKT1
GRM5,CNR1
GRM6,CAV1
GRM6,RHOA
HAVCR1,GOPC
HAVCR1,HAND2
HAVCR1,CD4
HAVCR1,FTMT
HAVCR1,TREM2
HAVCR2,LGALS13
HAVCR2,LGALS14
HAVCR2,LGALS16
HCST,IL4I1
HJV,SMAD4
HLA-A,CD69
HMMR,PTK2
ICAM1,CCND1
ICAM1,CD2AP
ICAM1,CD3E
ICAM1,CD68
ICAM1,FAS
ICAM1,HAND1
ICOS,ITGB2
IFNGR1,BAX
IFNGR1,CREBBP
IFNGR1,FAS
IGF1R,ATN1
IGF1R,CDKN1C
IGF1R,EPHB4
IGF1R,GSTA5
IGF1R,LRP2
IL17RE,TRAF6
IL1R1,ATF2
IL23R,EIF2AK2
IL23R,TLR9
IL2RG,E2F1
IL2RG,FAS
IL6R,FAS
IL7R,FAS
INSR,CREBBP
ITGA7,IGF1R
ITGAL,ENG
ITGAM,ACKR3
ITGAM,AGER
ITGAM,APC
ITGAM,CD4
ITGAM,CD44
ITGAM,CD68
ITGAM,CD80
ITGAM,CD86
ITGAM,CR2
ITGAM,CSF1R
ITGAM,CXCR3
ITGAM,CXCR4
ITGAM,CYBB
ITGAM,FCGR2A
ITGAM,FCGR2B
ITGAM,FCGR2C
ITGAM,GYPA
ITGAM,GYPB
ITGAM,GYPE
ITGAM,IL2RB
ITGAM,RUNX2
ITGAX,APC
ITGAX,CCR6
ITGAX,CCR7
ITGAX,CD4
ITGAX,CD83
ITGAX,CD86
ITGAX,CSF1R
ITGAX,IL7R
ITGAX,ITGAE
ITGB1,AMBP
ITGB1,ATP1B2
ITGB1,CACNB3
ITGB1,CXCR4
ITGB1,EPHA4
ITGB1,ERBB4
ITGB2,AGER
ITGB2,CD28
ITGB2,CD80
ITGB2,CYBB
ITPR1,FAS
JAM2,CDKN1A
JAM2,PTEN
JAM3,AFDN
JAM3,CASR
JAM3,CTNNBIP1
JAM3,IGBP1
JAM3,IGBP1P2
JAM3,NR1I3
JMJD6,AGER
KDR,ALPG
KDR,AP3S1
KDR,CD36
KDR,CDH2
KDR,CHEK1
KDR,CTNND1
KDR,ITGB5
KIT,BMPR2
KLRB1,FAS
KLRK1,ITGAM
KLRK1,KLRC1
LEPR,AGER
LEPR,APP
LEPR,DLG4
LEPR,EPOR
LEPR,IL11RA
LGALS1,BSG
LGALS1,HOXA7
LGALS3,DCT
LGALS3,FCGR2C
LGALS3,GFAP
LGALS3,HIF1A
LIFR,EGFR
LILRA4,ITGAM
LILRA4,ITGB2
LILRB3,ITGAM
LILRB3,ITGB2
LILRB4,ITGAM
LILRB4,ITGB2
LILRB5,ITGAM
LILRB5,ITGB2
LRP1,FAS
LRP1,RHOA
LRP6,BAX
LRP6,LRP1
LRP6,PRDX3
LTBR,ICAM1
LY9,ENG
LYVE1,NFKB1
MADCAM1,ITGAX
MAGT1,BAX
MAGT1,MCL1
MCAM,ICAM1
MERTK,EGFR
MERTK,ITGAM
MET,AGER
MET,ALK
MET,CEBPB
MET,CFTR
MET,CHEK1
MET,DDX4
MET,EGR1
MET,HDAC2
MET,JUN
MET,KIT
MET,LYL1
MET,SMAD7
MMP2,CD68
MMP2,ILK
MMP2,ITGB1BP1
MMP2,KIT
MOG,GJA1
MRC2,MET
MRC2,MMP9
MSR1,ITGAM
NCAM1,ACHE
NCAM1,AIF1
NCAM1,ALX4
NCAM1,BSG
NCAM1,CD2
NCAM1,CD44
NCAM1,CDH2
NCAM1,CXADR
NCAM1,DLG4
NCAM1,EPHB2
NCAM1,FGFR4
NCAM1,GAD2
NCAM1,GFAP
NCAM1,GRIA1
NCAM1,GRIN1
NCAM1,KCNJ9
NCAM1,LEF1
NCAM1,LIFR
NCAM1,MAP2
NCAM1,MBP
NCL,ATM
NGFR,BCL2
NOTCH1,ACTG1
NOTCH1,CCND3
NOTCH1,FUT9
NOTCH1,GBX2
NOTCH3,NFKB1
NPR2,AKT1
NPR2,BCL6
NR1H3,NFKB1
NR1H4,AHR
NR1H4,PGR
NRP1,APBB2
NRP1,CEBPB
NRP1,CRYAB
NRP1,NGFR
NRP1,NR2F2
NRP2,NOTCH1
NTRK3,BMPR2
P2RX7,ICAM1
PARD3,KHDRBS1
PCDH7,AKT1
PDCD1,CD28
PDCD1,CD79B
PDCD1,CD80
PDCD1,HSD3B1
PDCD1,HSD3B2
PDCD1,NFATC1
PDCD2,BAX
PDGFRB,HAND1
PECAM1,CD151
PECAM1,MMP9
PECAM1,MPO
PGR,CCNE1
PGR,CD4
PGR,E2F1
PGR,HES1
PGR,MDM2
PGR,NPM1
PKD1,AKT2
PKD1,CACNB3
PKD1,EYA1
PKD1,ITGAV
PKD1,KIF3A
PKD1,SIK1
PKD1,SIK1B
PKD2,EIF2AK3
PLG,MME
PLXDC2,BAX
PLXNA2,AKT1
PLXNA2,MET
PPARA,CR1
PPARA,FABP4
PPARA,FAS
PPARA,HAND1
PPARA,LEPR
PPARA,PLAT
PPARD,ABCA1
PPARD,HAND1
PPARD,PKD1
PPARG,ACTB
PPARG,ARF6
PPARG,ARNTL
PPARG,ATP4A
PPARG,CCNG2
PPARG,CDKN1C
PPARG,CTCF
PPARG,DPEP1
PPARG,EPHB2
PPARG,FOXC2
PPARG,G0S2
PPARG,GCGR
PPARG,HOXA1
PPARG,HPD
PPARG,IGF1R
PPARG,INSR
PPARG,NFATC1
PPARG,NR2F1
PPARG,TSC22D3
PRNP,ANXA2
PRNP,CXCR4
PROKR1,EIF2AK2
PTGER2,PPARG
PTGER4,NFKB1
PTK7,MAPK1
PTK7,MET
PTPN6,CDKN1A
PTPRB,ICAM1
PTPRC,CDKN1A
PTPRC,ICAM1
PTPRC,ITGAM
PTPRC,ITGAX
PTPRC,PTPN11
RARB,CNR1
RET,KDR
RHO,CDKN1A
RIPK1,IRAK1
RIPK1,MMP9
RIPK1,RHOA
RTN4R,TNFRSF1B
RXRA,ARF6
RXRA,CASR
RXRA,DR1
RXRA,FAS
RXRA,NFKB2
SCARB1,NOS3
SCN10A,AQP1
SDC1,FAS
SDC3,NCAM1
SELE,HAND1
SELL,FAS
SELL,PFN1
SELP,HAND1
SELP,ICAM1
SELPLG,EGFR
SELPLG,ITGB1
SEMA5A,ITGB1
SIGIRR,FAS
SIGLEC6,SIGLEC7
SIGLEC6,SIGLEC8
SIGLEC6,SIGLEC9
SLAMF1,ENG
SLAMF6,ENG
SLC9A1,PTPN11
SMAD1,E2F1
SMAD1,EZH2
SMAD2,CNR1
SMAD3,ITGAM
TAS2R14,AKT1
TAS2R14,NFKB1
TDGF1,NFKB1
TDGF1,STAT3
TECTA,ZEB1
TECTB,ZEB1
TEK,AGER
TEK,CNTN2
TEK,F2R
TEK,ITGB1BP1
TEK,PLAU
TFRC,GJA1
TGFBR1,ACVR1B
TGFBR2,ADAM12
TIE1,KDR
TLR2,BCL2
TLR4,AGER
TLR4,APOA1
TLR4,BACH1
TLR4,BGLAP
TLR4,CCR2
TLR4,CD38
TLR4,CD86
TLR4,CHI3L1
TLR4,CTLA4
TLR4,CX3CR1
TLR4,CXCR4
TLR4,DOK1
TLR4,EPHA3
TLR4,ETV2
TLR4,FCGR2A
TLR4,FCGR2C
TLR4,FPR1
TLR4,GABRG2
TLR4,GLRB
TLR4,GPR83
TLR4,HSPA1B
TLR4,INPP5D
TLR4,IRF1
TLR4,KDR
TLR4,MAPK8IP1
TLR4,NCF4
TLR4,PIK3R1
TLR4,PLN
TLR4,PPP3CC
TLR4,PRDX1
TLR4,PSEN2
TLR4,PTK2
TLR4,SAG
TLR4,SNCA
TLR4,TCF4
TLR7,MAPK14
TLR9,AGER
TLR9,AP3B1
TLR9,ATP6AP2
TLR9,CD47
TLR9,CSF1R
TLR9,DLG5
TLR9,FCGR2B
TLR9,FCGR2C
TLR9,GRID2
TLR9,IRF8
TLR9,ITGAM
TLR9,ITGAX
TLR9,KCNJ8
TLR9,LTBR
TLR9,PPP3CC
TLR9,SOCS1
TNFRSF14,NFKB1
TNFRSF17,FAS
TNFRSF19,TNFRSF1B
TNFRSF1A,CNP
TNFRSF1A,DIO2
TNFRSF1A,GLRB
TNFRSF1A,KRT17
TNFRSF1A,KRT18
TNFRSF1A,NDN
TNFRSF1B,BCL2
TNFRSF1B,CD47
TNFRSF1B,DYNC1H1
TNFRSF1B,EVL
TNFRSF1B,GHR
TNFRSF1B,ITGB1BP1
TNFRSF1B,LCP1
TNFRSF1B,LILRA4
TNFRSF1B,LILRB3
TNFRSF1B,LILRB5
TNFRSF1B,MPP1
TNFRSF1B,NDN
TNFRSF4,CREBBP
TNFRSF8,FAS
TRADD,BAX
TRAF2,PTK2
TRAF2,SMAD4
TRIM27,AKT1
TRPV1,MPO
TYRO3,FAS
TYROBP,ITGB2
VCAM1,ALCAM
VCAM1,CCND1
VCAM1,CCR2
VCAM1,CD2
VCAM1,CD3E
VCAM1,CD68
VCAM1,CRY2
VCAM1,GLA
VCAM1,IGBP1P2
VCAM1,IRF1
VCAM1,ITGB1BP1
VCAM1,LSP1
VCAM1,LTBR
VCAM1,MBP
VCAM1,PER2
VCAM1,PPP1R14B
VCAM1,PTCRA
VCAM1,RXRA
VCAM1,SELP
VCAM1,SSB
VCAM1,STAG1
VCAM1,TJP1
VCAM1,TPO
VDR,KRT34
VDR,NR1H3
WIF1,CDKN1A
ACE2,A1BG
ESR1,AAK1
ANXA2,AAR2
EGFR,AAR2
LGALS1,AAR2
EGFR,AASDH
ESR1,AATF
TRIM27,ABCA1
RXRA,ABCB11
ESR1,ABCB6
APLNR,ABCD1
MAS1,ABCD1
ESR1,ABCD3
ESR1,ABCF1
ESR1,ABCF2
HAVCR1,ABCG2
APLNR,ABHD17A
APLNR,ABHD17B
MAS1,ABHD17B
APLNR,ABHD18
PDCD1,ABHD18
MAS1,ABHD3
ITGB1,ABI1
AGTR1,ABI3
ACE2,ABL1
ADAM10,ABL1
CDH4,ABL1
FLT3,ABL1
ESR1,ABLIM1
EGFR,ACACB
APLNR,ACAD10
MAS1,ACAD10
ESR1,ACAD11
ESR1,ACAD9
CAV1,ACAN
FN1,ACAN
GPC4,ACAN
ITGA9,ACAN
ITGAM,ACAN
ITGAX,ACAN
ITGB1,ACAN
ITGB2,ACAN
ESR1,ACBD5
CAV1,ACIN1
ESR1,ACKR3
LGALS1,ACO1
ESR1,ACOT8
CD93,ACP2
PDCD1,ACP2
CFTR,ACSL4
ANXA2,ACTA1
MAS1,ACTA2
GPC4,ACTB
ITGA9,ACTB
ITGAM,ACTB
ITGAX,ACTB
ITGB2,ACTB
ESR1,ACTBL2
ITGA9,ACTBL2
ITGAM,ACTBL2
ITGAX,ACTBL2
ITGB1,ACTBL2
ITGB2,ACTBL2
ITGA9,ACTG1
ITGAM,ACTG1
ITGAX,ACTG1
ITGB1,ACTG1
ITGB2,ACTG1
TLR9,ACTG1
VDR,ACTL6A
FN1,ACTN1
ITGA9,ACTN1
ITGAM,ACTN1
ITGAX,ACTN1
ITGB2,ACTN1
FN1,ACTN2
ITGA9,ACTN2
ITGAM,ACTN2
ITGAX,ACTN2
ITGB2,ACTN2
AGR2,ACTN4
CFTR,ACTN4
COL13A1,ACTN4
ITGA10,ACTN4
ITGA11,ACTN4
ITGA1,ACTN4
ITGA2B,ACTN4
ITGA2,ACTN4
ITGA3,ACTN4
ITGA5,ACTN4
ITGA6,ACTN4
ITGA7,ACTN4
ITGA8,ACTN4
ITGA9,ACTN4
ITGAD,ACTN4
ITGAE,ACTN4
ITGAL,ACTN4
ITGAM,ACTN4
ITGAV,ACTN4
ITGAX,ACTN4
ITGB2,ACTN4
ITGB4,ACTN4
ITGB5,ACTN4
ITGB6,ACTN4
ITGB7,ACTN4
ITGB8,ACTN4
KRT1,ACTN4
LAMA4,ACTN4
NCL,ACTN4
PRNP,ACTN4
PTGER4,ACTN4
PTK2B,ACTN4
PTPRB,ACTN4
RPSA,ACTN4
RRBP1,ACTN4
SDC4,ACTN4
ESR1,ACTR5
ADGRG5,ACVR1B
HAVCR1,ACVR1B
BMPR2,ACVR1C
HAVCR2,ACVR2A
MAS1,ACVR2B
CD151,ADAM10
CSPG4,ADAM10
ITGB1,ADAM10
ITGAV,ADAM12
MMP14,ADAM12
CD9,ADAM17
CDH1,ADAM17
CFTR,ADAM17
SDK2,ADAM17
TSPAN15,ADAM17
TSPAN5,ADAM17
HLA-A,ADAM2
HLA-A,ADAM33
LRP6,ADAM33
ITGA9,ADAM8
ITGB1,ADAM8
CANX,ADAM9
ITGA9,ADAM9
SLAMF1,ADAM9
CELSR3,ADAMTS13
ADGRE5,ADARB1
APLNR,ADCK1
PPARG,ADCY4
AGTR1,ADD3
ITGAV,ADGRA2
ITGB3,ADGRA2
ADGRE5,ADGRE2
CD9,ADGRE5
EXTL3,ADGRE5
TNFSF8,ADGRE5
TSPAN15,ADGRE5
TSPAN5,ADGRE5
ESR1,ADGRG1
FN1,ADGRG2
GJA1,ADGRG5
EGFR,ADORA1
CD40LG,ADORA2B
CD80,ADORA2B
CD86,ADORA2B
EGF,ADORA2B
IL13,ADORA2B
IL18,ADORA2B
JAG1,ADORA2B
ATP6AP2,ADRA1A
FN1,ADRA1B
CXCR4,ADRA1D
CXCR4,ADRB1
BSG,ADRB2
ESR1,AFAP1
ESR1,AFDN
VDR,AFF1
ESR1,AFF4
ESR1,AFG3L2
TRADD,AFM
HLA-B,AFP
ESR1,AFTPH
FN1,AGA
ESR1,AGAP1
ESR1,AGAP3
HAVCR2,AGBL5
ITGB1,AGER
FN1,AGGF1
FN1,AGK
NOTCH1,AGO1
NOTCH1,AGO2
NOTCH1,AGO3
NOTCH1,AGO4
FN1,AGPAT1
HAVCR2,AGPAT1
APLNR,AGPAT2
ESR1,AGPAT2
APLNR,AGPAT5
LGALS3,AGPS
LGALS1,AGR2
LGALS3,AGR2
EGFR,AGTPBP1
CD40LG,AGTR1
CD80,AGTR1
CD86,AGTR1
IL13,AGTR1
IL18,AGTR1
JAG1,AGTR1
NPTN,AGTR1
SLC16A1,AGTR1
CD40LG,AGTR2
CD80,AGTR2
CD86,AGTR2
EGF,AGTR2
IL13,AGTR2
IL18,AGTR2
JAG1,AGTR2
FN1,AGTRAP
ESR1,AHCTF1
ANXA2,AHCY
GJA1,AHCY
GPC3,AHCY
HLA-A,AHCY
PROCR,AHCY
ESR1,AHDC1
CDH1,AHNAK
CFTR,AHNAK
PCDHGC3,AHNAK
RPSA,AHNAK
RRBP1,AHNAK
SDC1,AHNAK
SDC4,AHNAK
ST14,AHNAK
BAMBI,AHR
CD55,AHR
CNR2,AHR
GRIK4,AHR
HCRTR2,AHR
LAMA4,AHR
LRP11,AHR
PTPN6,AHR
SORL1,AHR
TRPV4,AHR
VIPR1,AHR
ESR1,AIF1L
EGFR,AKAP17A
ESR1,AKAP17A
JMJD6,AKAP17A
ESR1,AKAP1
CD74,AKAP8
ESR1,AKAP8L
FN1,AKAP9
APLNR,AKR1B1
APLNR,AKR1D1
PKD1,AKT1
PKD2,AKT1
SIRPA,AKT1
TNFRSF1A,AKT1
EGFR,ALAS2
ESR1,ALDH18A1
ITGA9,ALDH1A3
ESR1,ALDH3A2
EGFR,ALDH7A1
AQP1,ALDOA
LGALS1,ALDOA
FPR2,ALG10
PVR,ALG11
IL13RA2,ALG5
P2RY6,ALG5
PCDHGB1,ALG5
PVR,ALG5
SLC1A5,ALG5
APLNR,ALG8
CHRND,ALG9
GABRA3,ALG9
GRIA3,ALG9
HTR3A,ALG9
IL17RC,ALG9
ESR1,ALKBH5
ESR2,ALKBH5
PROCR,ALKBH5
BMPR2,AMHR2
PPARG,AMOTL2
ICAM1,AMPH
ESR1,ANAPC1
ESR1,ANAPC5
ESR1,ANAPC7
ESR1,ANKHD1
ESR1,ANKRD11
ESR1,ANKRD17
CD74,ANKRD28
ESR1,ANKZF1
ESR1,ANLN
LGALS1,ANXA11
CDH1,ANXA2
CHRM2,ANXA2
ENO1,ANXA2
HLA-B,ANXA2
LGALS1,ANXA2
NCL,ANXA2
ESR1,ANXA2P2
RARA,ANXA2
RPSA,ANXA2
SDC4,ANXA2
HLA-A,AP1B1
ESR1,AP1G1
HLA-A,AP1G1
HLA-A,AP1M1
HLA-A,AP1M2
HLA-A,AP1S1
HLA-A,AP1S2
HLA-A,AP1S3
GJA1,AP2M1
ESR1,AP2S1
ESR1,AP3B1
FN1,AP3B1
CD74,AP3D1
ICAM1,AP3S1
IGF1R,APBB1
LRP6,APBB2
LRP6,APBB3
ESR1,APC
JMJD6,APEH
CNR1,APEX1
LGALS1,APEX1
BSG,APH1A
EGFR,API5
ESR1,API5
EBP,APLNR
LAMP2,APLNR
XPR1,APLNR
ESR1,APLP2
VCAM1,APOA1
FN1,APOBEC3D
ESR1,APOH
IGHM,APOL1
KRT1,APOL1
ERAP1,APOL2
HLA-A,APOM
BSG,APP
IGF1R,APPL1
ESR1,APPL2
ESR1,APTX
BCAM,AQP1
CD47,AQP1
FLOT1,AQP1
SLC40A1,AQP1
ESR1,AQR
ESR1,ARAF
FPR2,ARAP1
CD74,ARCN1
BSG,ARF3
BSG,ARF4
LGALS1,ARF4
PKD2,ARF4
PDCD1,ARF6
ESR1,ARFGAP3
ICAM1,ARFGEF2
PDCD1,ARFGEF2
PKD2,ARFIP2
TRAF2,ARG1
ESR1,ARGLU1
JMJD6,ARGLU1
ESR1,ARHGAP10
EGFR,ARHGAP29
ESR1,ARHGAP39
ESR2,ARHGDIA
LINGO1,ARHGDIA
RTN4R,ARHGDIA
TNFRSF19,ARHGDIA
ESR1,ARHGEF11
ESR1,ARHGEF12
ITGB1,ARHGEF1
ESR1,ARHGEF2
TLR4,ARHGEF2
ICAM1,ARHGEF6
ICAM1,ARHGEF7
ESR1,ARHGEF9
ESR1,ARID2
PROCR,ARID4A
CAV1,ARIH1
MAS1,ARL10
PKD2,ARL1
PTPRO,ARL1
PDCD1,ARL5B
FPR2,ARL6IP1
FPR2,ARL6IP5
NOTCH1,ARL6IP5
MAS1,ARL8B
BSG,ARMC8
ESR1,ARMC8
EGFR,ARMCX5
CALM1,ARNT
CD44,ARNT
EPHA2,ARNT
ERBB2,ARNT
FGFR4,ARNT
ICAM1,ARNT
PDGFRA,ARNT
SORL1,ARNT
ESR1,ARPC3
ESR1,ARPC5
ESR1,ARPC5L
ESR1,ARRB1
IL1R1,ARRB1
TNFRSF1A,ARRB1
CALCRL,ARRB2
AXL,ARRDC3
BMPR1A,ARRDC3
CD320,ARRDC3
EPHA2,ARRDC3
FGFR3,ARRDC3
PTPRS,ARRDC3
SLC16A1,ARRDC3
TNFRSF10B,ARRDC3
TNFRSF1A,ARRDC3
PVR,ARV1
PKD2,ASAP1
CD74,ASCC1
CD74,ASCC3
ESR1,ASCC3
CD74,ASNS
CD93,ASPH
ESR1,ASPH
MAS1,ASPRV1
ESR1,ASXL2
MAS1,ATAD1
ESR1,ATAD5
EGFR,ATF1
FN1,ATF1
VCAM1,ATF1
CNR1,ATF2
EGFR,ATF7IP2
FN1,ATG7
FPR2,ATL2
MAS1,ATL2
MAS1,ATL3
C5AR2,ATM
CD70,ATM
CDCP1,ATM
CLCA2,ATM
DERL1,ATM
EDNRB,ATM
ESR2,ATM
FN1,ATM
GABBR1,ATM
IGDCC4,ATM
ITGA2,ATM
ITGB5,ATM
KRT1,ATM
LPAR4,ATM
MAS1,ATM
NPY2R,ATM
OPRM1,ATM
OR2T6,ATM
OR3A2,ATM
OR8D2,ATM
PTCH1,ATM
SCN5A,ATM
SLC1A5,ATM
TMEM115,ATM
FPR2,ATP12A
ESR1,ATP13A1
HAVCR2,ATP13A2
MAS1,ATP13A3
HAVCR1,ATP1A1
PKD1,ATP1A1
PKD2,ATP1A1
ESR1,ATP2A2
HLA-A,ATP2A3
IL1R1,ATP2A3
CANX,ATP2B1
CCR2,ATP2B1
CD9,ATP2B1
CDH1,ATP2B1
CFTR,ATP2B1
ESR2,ATP2B1
LAMP1,ATP2B1
P2RY6,ATP2B1
PRNP,ATP2B1
FPR2,ATP2B2
FPR2,ATP2B3
FPR2,ATP2B4
ESR1,ATP5F1A
IGF1R,ATP5F1A
KDR,ATP5F1A
FPR2,ATP5F1B
ESR1,ATP5F1C
ESR1,ATP5F1D
ESR1,ATP5MF
ESR1,ATP5PD
ESR1,ATP5PO
ESR1,ATP6AP1
PTPRO,ATP6AP1
CANX,ATP6AP2
ESR1,ATP6AP2
HTR2C,ATP6AP2
LAMP1,ATP6AP2
ESR1,ATP6V0A2
ESR1,ATP6V0D1
LEPR,ATP6V0D1
ESR1,ATP6V1B2
ESR1,ATP6V1C1
MAS1,ATP6V1H
PROCR,ATP6V1H
FPR2,ATP9A
PVR,ATR
TNFRSF1A,ATR
ESR1,ATRX
ESR1,ATXN2
ESR1,ATXN7
ESR1,ATXN7L3
BSG,AUP1
ESR1,AUP1
PTPRO,AUP1
CXCR4,AVPR1A
ESR1,AXIN1
LRP6,AXIN2
NOTCH1,B3GALT4
ESR1,B3GAT3
PTPRO,B3GAT3
ESR1,B3GNT2
EGFR,B4GALT1
ESR1,B4GALT7
CXCR4,B4GAT1
GJA1,B4GAT1
ESR1,BABAM1
ESR1,BABAM2
EGFR,BAG5
ESR2,BAG6
ICOS,BAG6
IL17RC,BAG6
STX1A,BAG6
TRIM27,BAG6
BSG,BAK1
CANX,BAK1
CD248,BAK1
CD44,BAK1
CDCP1,BAK1
CHRM2,BAK1
CNTNAP1,BAK1
CSPG4,BAK1
EGFR,BAK1
FN1,BAK1
GLG1,BAK1
IGF2R,BAK1
ITGB1,BAK1
MMP14,BAK1
MPZL1,BAK1
NECTIN2,BAK1
NOTCH2,BAK1
P4HB,BAK1
PDGFRB,BAK1
PGRMC1,BAK1
PROCR,BAK1
PTK7,BAK1
PTPRK,BAK1
RRBP1,BAK1
TRPV2,BAK1
BMPR2,BAMBI
ESR1,BANF1
ESR2,BAX
FGFR1,BAX
ESR1,BAZ1A
ESR1,BAZ2A
FN1,BBC3
EGFR,BBS10
PKD1,BBS1
PKD1,BBS4
PKD1,BBS5
ESR1,BBX
BSG,BCAR1
GPC4,BCAR1
ESR1,BCAS4
ESR1,BCKDK
CALM1,BCL2
ESR1,BCL2
FN1,BCL2L11
LGALS3,BCL2L14
RXRA,BCL2
RXRB,BCL2
RXRG,BCL2
BCR,BCL6
CD72,BCL6
CD79A,BCL6
FCGR2B,BCL6
ESR1,BCL9L
NRP1,BCS1L
VCAM1,BCS1L
ESR1,BDH1
DAB2,BECN1
EPHA2,BECN1
ERBB2,BECN1
FGFR4,BECN1
GRM1,BECN1
PDGFRA,BECN1
SMAD2,BECN1
SPHK1,BECN1
TRAF2,BECN1
BSG,BET1
GJA1,BET1
HLA-A,BET1
VDR,BGLAP
BMPR2,BLM
ESR1,BLM
ESR1,BLVRB
PGR,BMI1
ESR1,BMP2K
HAVCR2,BMPR1A
IL1R1,BMPR1A
MAS1,BMPR1A
PDCD1,BMPR1A
CDH1,BMPR2
CDH5,BMPR2
HJV,BMPR2
TDGF1,BMPR2
TGFBR2,BMPR2
ESR1,BMS1
ITGB1,BNIP2
ENPEP,BNIP3
ESR2,BNIP3
GPR37,BNIP3
HTR2B,BNIP3
VCAM1,BOLA2B
ESR1,BOP1
EGFR,BPTF
CALCRL,BRAF
FN1,BRAF
HLA-F,BRAF
IGF1R,BRAF
LGALS3,BRAF
VCAM1,BRCA1
PROCR,BRCA2
ESR1,BRD3
VCAM1,BRD4
ESR1,BRD7
ESR1,BRD9
NCAM1,BRF2
ITGB1,BRWD1
TLR9,BSCL2
CANX,BSG
CCR4,BSG
CDH1,BSG
CFTR,BSG
CHRM3,BSG
F2RL1,BSG
GPC1,BSG
HSPA5,BSG
ITGB3,BSG
LAMP1,BSG
P2RY6,BSG
SCARB2,BSG
EGFR,BTAF1
MAS1,BTAF1
EGFR,BTBD18
ESR1,BTF3L4
HLA-A,BTN3A3
CD274,BTRC
HLA-A,BUD31
ESR1,BYSL
ESR1,C11orf98
ESR1,C12orf43
ESR1,C12orf57
ESR1,C17orf49
ESR1,C18orf21
ESR1,C19orf53
TNFRSF1A,C1orf112
ESR1,C1orf21
ESR1,C1orf35
ESR1,C2CD2L
EGFR,C2orf49
KLRC1,C3orf52
ESR1,C6orf132
FPR2,C6orf47
ESR1,C7orf26
ESR1,C8orf33
ESR1,CAAP1
JMJD6,CAAP1
ITGB1,CACNA1C
LGALS3,CACNG5
JMJD6,CACTIN
IGF1R,CAD
ESR1,CALCOCO1
ITGA9,CALML5
EGFR,CALU
MYLK,CAMK2D
GPC3,CAMKV
GPC4,CAMKV
FPR2,CAMLG
ESR1,CAMSAP2
ESR1,CAMSAP3
FN1,CAMTA1
ESR1,CAND1
PKD2,CANX
PTPRO,CANX
EGFR,CAPN7
CSPG4,CAPNS1
EGFR,CAPRIN1
RXRA,CAPZA1
JMJD6,CARM1
ESR1,CASC3
ESR1,CASK
MAS1,CASK
LILRA2,CASP8
NCL,CASP8
TMEM219,CASP8
NOTCH1,CASR
ESR1,CASZ1
NT5E,CAT
CFTR,CAV1
CHRM3,CAV1
COL13A1,CAV1
COL17A1,CAV1
ENG,CAV1
FN1,CAV1
GPC1,CAV1
GPC4,CAV1
HTR2C,CAV1
ITGA10,CAV1
ITGA11,CAV1
ITGA2B,CAV1
ITGA3,CAV1
ITGA4,CAV1
ITGA5,CAV1
ITGA7,CAV1
ITGA8,CAV1
ITGA9,CAV1
ITGAD,CAV1
ITGAE,CAV1
ITGAL,CAV1
ITGAM,CAV1
ITGAV,CAV1
ITGAX,CAV1
ITGB2,CAV1
LAMA4,CAV1
LAMP1,CAV1
LPAR4,CAV1
NR3C2,CAV1
SCARB1,CAV1
SDC1,CAV1
SDC2,CAV1
SDC3,CAV1
SDC4,CAV1
TACR1,CAV1
TEK,CAV1
TGFBR2,CAV1
ESR1,CAV2
CR1,CBFB
CTLA4,CBFB
ESR1,CBFB
LGALS3,CBFB
HLA-A,CBL
ICAM1,CBWD1
ESR1,CBX1
PROCR,CBX1
EGFR,CBX2
ESR1,CBX4
ESR1,CBX8
EGFR,CBY1
CXCR4,CCDC107
ESR1,CCDC124
ESR1,CCDC137
EGFR,CCDC146
ESR1,CCDC50
ESR1,CCDC59
EGFR,CCDC60
EGFR,CCDC6
ESR1,CCDC86
KDR,CCDC88A
ITGAM,CCNA2
ITGB1,CCNA2
ITGB2,CCNA2
TIGIT,CCND1
MET,CCND2
TNFRSF1A,CCND2
ITGB1,CCNE2
RXRA,CCNH
ESR1,CCNK
ESR1,CCNL1
NOTCH1,CCNT1
CD74,CCR1
HLA-A,CCR9
ESR1,CCT4
ESR1,CCT5
ESR1,CCT6A
ESR1,CCT8
NOTCH1,CCZ1B
EGFR,CD109
TSPAN14,CD151
TSPAN15,CD151
TSPAN5,CD151
HLA-A,CD160
HLA-F,CD160
ITGAM,CD209
ESR1,CD2AP
HLA-A,CD300E
PKD2,CD300E
EGFR,CD300LB
IL1R1,CD40LG
IL1RAP,CD40LG
IL3RA,CD40LG
LEPR,CD40LG
GPC4,CD44
ITGA9,CD44
ITGAX,CD44
LGALS1,CD44
HLA-A,CD53
ITGB1,CD53
ESR1,CD55
ITGAM,CD63
ITGB2,CD63
PGRMC1,CD74
CXCR4,CD79B
EGFR,CD81
HLA-A,CD81
PVR,CD81
HLA-A,CD82
CNTNAP1,CD93
HLA-A,CD9
ESR1,CDC16
VDR,CDC25A
ESR1,CDC27
IGF1R,CDC37
ESR1,CDC42BPA
ESR1,CDC42BPB
ESR1,CDC42EP5
ITGB1,CDC73
NOTCH1,CDH1
PVR,CDH1
LGALS1,CDHR5
ESR1,CDK11A
JMJD6,CDK11B
RXRA,CDK12
EGFR,CDK13
ITGB3,CDK1
TNFRSF10A,CDK1
ESR1,CDK2AP1
TIGIT,CDK2
IGF1R,CDK3
IGF1R,CDK4
MET,CDK4
ESR1,CDK5RAP3
TNFRSF1A,CDK6
NOTCH1,CDK7
HLA-A,CDK9
NOTCH1,CDK9
ESR1,CDKN2AIP
IGF1R,CDKN2B
MET,CDKN2B
TNFRSF1A,CDKN2B
PVR,CDON
ITGB1,CDS1
ESR1,CDYL2
ESR1,CDYL
ESR1,CEACAM5
RXRA,CEBPE
ESR1,CEBPZ
EGFR,CEMIP2
EGFR,CENPL
ESR1,CENPN
EGFR,CEP104
ESR1,CEP131
ESR1,CEP164
ESR1,CEP170B
EGFR,CEP170
ESR1,CEP55
NOTCH1,CEP57L1
ESR1,CEP83
ESR1,CEPT1
HAVCR2,CERK
ESR1,CERS2
FPR2,CERS5
FPR2,CERS6
EGFR,CES4A
ESR1,CETN2
ESR1,CFAP20
ERAP1,CFTR
HLA-F,CFTR
ITGB1,CFTR
FN1,CGAS
GJA1,CGAS
LGALS1,CGAS
ESR1,CGGBP1
ESR1,CGREF1
ESR1,CHAF1A
VDR,CHAF1A
DSG2,CHCHD2
ESR1,CHD1
ESR1,CHD2
EGFR,CHD6
ESR1,CHD7
ESR1,CHD8
JMJD6,CHERP
LGALS3,CHI3L1
EGFR,CHIA
LGALS1,CHL1
ESR1,CHMP4B
LGALS1,CHORDC1
ESR1,CHP1
TRADD,CHPF
FPR2,CHPT1
PDCD1,CHPT1
HLA-F,CHRM5
PKD2,CHRND
ESR1,CHTOP
ESR1,CIC
ICAM1,CIDEA
THBD,CIDEB
EGFR,CIRBP
PVR,CISD2
HAVCR2,CISD3
ESR1,CIT
ESR1,CIZ1
ESR1,CKAP2
ESR1,CKAP5
EGFR,CKMT1A
ESR1,CKMT1A
EGFR,CKMT1B
ESR1,CKMT1B
ESR1,CLASP1
ESR1,CLASP2
EGFR,CLCN5
FN1,CLCN6
ESR1,CLDN3
HAVCR2,CLDND1
FN1,CLEC14A
ESR1,CLIC1
ESR1,CLK3
JMJD6,CLK3
ESR1,CLK4
PTPRO,CLN6
LGALS1,CLNS1A
LGALS3,CLNS1A
ESR1,CLP1
ESR1,CLPB
ESR1,CLPTM1L
ESR1,CLPX
GJA1,CLTA
GJA1,CLTB
GJA1,CLTCL1
ESR1,CMAS
ESR1,CMSS1
EGFR,CNBP
ESR1,CNBP
ESR1,CNDP1
ESR1,CNEP1R1
PKD2,CNGA3
PTPRO,CNIH4
HAVCR2,CNKSR3
PTPRO,CNNM4
ESR1,CNOT10
ESR1,CNOT11
ESR1,CNOT2
ESR1,CNOT3
ESR1,CNOT6
ESR1,CNOT6L
ESR1,CNOT7
ESR1,CNOT8
ESR1,CNOT9
ESR1,CNP
EGFR,CNPY3
IL1R1,CNTFR
IL1RAP,CNTFR
IL3RA,CNTFR
LEPR,CNTFR
ESR1,CNTN2
HAVCR2,CNTNAP1
EGFR,COA3
PKD2,COG6
ITGA9,COL13A1
ITGAM,COL13A1
ITGAX,COL13A1
ITGB2,COL13A1
MMP2,COLEC12
ESR1,COMTD1
GLP1R,COMT
PRNP,COMT
ESR1,COPZ1
PTPRO,CORO1C
ESR1,COX16
LGALS3,COX17
ESR1,COX4I1
ESR1,COX5A
ESR1,COX5B
ESR1,COX6A1
ESR1,COX6B1
ESR1,COX7A2
ESR1,CPSF2
JMJD6,CPSF4
JMJD6,CPSF7
GABRG2,CPT1A
LPP,CPT1A
RORA,CPT1A
FN1,CRB1
EGFR,CRCT1
MMP2,CREB1
GJA1,CREB3
ESR1,CREB3L4
EGFR,CREBBP
LAMP2,CREBBP
PLXND1,CREBBP
PTGDR,CREBBP
LGALS1,CRIP1
LGALS3,CRIP1
JMJD6,CRMP1
ESR1,CRNKL1
ESR1,CROCC
FN1,CROT
ESR1,CRTC1
MAS1,CRYAB
ESR1,CRYBG1
PKD2,CRYL1
ESR1,CRYZL1
LGALS3,CRYZ
ESR1,CSDE1
IL1RAP,CSF2RA
ITGA9,CSF2RA
ITGB1,CSF2RA
LEPR,CSF2RA
IL1R1,CSF2RB
IL1RAP,CSF2RB
LEPR,CSF2RB
IL1R1,CSF3R
IL1RAP,CSF3R
IL3RA,CSF3R
LEPR,CSF3R
ESR1,CSNK1A1
ITGB1,CSNK1A1
TNFRSF1A,CSNK1E
ERAP1,CSNK1G2
ESR1,CSNK1G2
ENG,CSNK2B
FGFR3,CSPG4
ITGA4,CSPG4
LAMP1,CSPG4
TSPAN15,CSPG4
TSPAN5,CSPG4
FN1,CST3
ESR1,CSTF1
ESR1,CSTF2T
EGFR,CSTF3
ESR1,CSTF3
HLA-A,CTAG1A
HLA-A,CTAG1B
ESR1,CTBP1
ESR1,CTBP2
ESR1,CTCF
EGFR,CTCFL
EGFR,CTDSPL
NOTCH1,CTDSPL
KDR,CTNNA1
ESR1,CTNNA2
NT5E,CTNNB1
ESR1,CTNNBL1
EGFR,CTNND2
ESR1,CTNND2
ESR2,CTPS1
HLA-B,CTPS1
ESR1,CTR9
MMP2,CTSB
PROCR,CTSB
ESR1,CTTNBP2NL
GPC3,CTTN
HLA-A,CTTN
PROCR,CTTN
ESR1,CUEDC1
NOTCH1,CUL3
ESR1,CWC27
ITGA4,CX3CR1
ITGB3,CX3CR1
IL1R1,CXCR1
IL1RAP,CXCR1
IL3RA,CXCR1
LEPR,CXCR1
IL1R1,CXCR2
IL1RAP,CXCR2
IL3RA,CXCR2
LEPR,CXCR2
NT5E,CXCR4
NTRK3,CXCR4
PPARG,CXCR4
VIPR2,CXCR4
ESR1,CXXC4
ESR1,CXXC5
ESR1,CYBA
TPO,CYBA
LTB4R,CYBB
EGFR,CYLD
LGALS1,CYLD
LGALS3,CYLD
PTPRO,CYLD
ESR1,CYP11A1
SCARB2,CYP19A1
RXRA,CYP2C8
NCAM1,CYP2S1
PTPRO,CYP51A1
EGFR,CYS1
ESR1,CYTH1
ESR1,DAAM1
LGR4,DAAM2
GJA1,DAB2
EGFR,DAB2IP
PDCD1,DAD1
PDCD1,DAGLB
EPHA1,DAPK1
NR3C1,DAPK1
TAS2R60,DAPK1
ESR1,DAXX
NOTCH1,DAZAP2
EGFR,DAZL
LGALS3,DBI
ESR1,DBNL
ESR1,DCAF13
ESR1,DCAF1
ESR1,DCAF7
ESR1,DCLK1
PDCD1,DCP2
LGALS1,DCPS
ESR1,DCTN5
ESR1,DDB1
ESR1,DDB2
LGALS3,DDIT4L
HAVCR1,DDR2
ESR1,DDRGK1
ESR1,DDX10
HAVCR2,DDX11L8
JMJD6,DDX17
ESR1,DDX20
ESR1,DDX28
ESR1,DDX31
JMJD6,DDX3X
ESR1,DDX46
JMJD6,DDX46
ESR1,DDX49
ESR1,DDX51
ESR1,DDX52
EGFR,DDX53
ESR1,DDX55
ESR1,DDX56
JMJD6,DDX5
ESR1,DDX6
ESR1,DECR2
EGFR,DEFA1B
ERAP1,DEFA1B
EGFR,DEFA1
ERAP1,DEFA1
ESR1,DENND1A
ESR1,DENND2D
HAVCR2,DENND6A
PDCD1,DENND6A
ESR1,DGAT1
ESR1,DGCR8
HAVCR2,DGKQ
ESR1,DGKZ
EGFR,DHFR
ESR1,DHRS2
TNFRSF1A,DHRS7
ICAM1,DHTKD1
EGFR,DHX16
ESR1,DHX29
ESR1,DHX33
EGFR,DHX38
ESR1,DHX38
JMJD6,DHX38
ESR1,DHX40
JMJD6,DHX40
ESR1,DHX57
ESR1,DHX8
ESR1,DICER1
FN1,DICER1
ESR1,DIDO1
JMJD6,DIDO1
ESR1,DIMT1
EGFR,DIP2A
HAVCR2,DIP2A
HAVCR2,DIP2B
MMP2,DISC1
EGFR,DIXDC1
JMJD6,DKC1
NCL,DKC1
SCARB2,DKC1
LRP6,DKKL1
ESR1,DLG1
MAS1,DLG1
ESR1,DLG3
ESR1,DLG5
HLA-A,DLST
ESR1,DMAP1
FN1,DMBT1
ITGB1,DMBT1
ITGB2,DMBT1
PDCD1,DMBX1
EGFR,DNAH7
EGFR,DNAH8
ITGB1,DNAH8
ESR1,DNAJA2
HAVCR1,DNAJA3
LAMP1,DNAJB11
PTPRO,DNAJB11
RPSA,DNAJB11
RRBP1,DNAJB11
SDC4,DNAJB11
ESR1,DNAJB12
PTPRO,DNAJB12
ESR1,DNAJB1
ESR1,DNAJB4
ESR1,DNAJB6
ESR1,DNAJC10
ESR1,DNAJC11
EGFR,DNAJC13
ESR1,DNAJC16
PTPRO,DNAJC16
ESR1,DNAJC1
ESR1,DNAJC21
ESR1,DNAJC2
PGR,DNAJC2
PTPRO,DNAJC30
PTPRO,DNAJC3
FAS,DNAJC5
ESR1,DNAJC7
ESR1,DNAJC8
ESR1,DNAJC9
ESR1,DNASE1L1
GJA1,DNM1
GJA1,DNM2
ESR1,DNMBP
ESR1,DNTTIP1
EGFR,DOCK10
ESR2,DOCK1
ITGB5,DOCK1
MET,DOCK7
FPR2,DOLK
TNFRSF1A,DOLK
EGFR,DOP1A
GJA1,DPEP1
EGFR,DPEP3
TNFRSF1A,DPH1
ESR1,DPY30
EGFR,DRD2
ESR1,DRG1
ESR1,DSG2
MAS1,DSG4
ITGB1,DSTN
ESR1,DUSP11
MAS1,DUSP14
LGR4,DVL2
LRRC4C,DVL2
FPR2,DYM
ESR1,DYRK1A
EGFR,DYRK3
NOTCH1,E2F1
SCARA5,E2F1
SUSD2,E2F1
NOTCH1,E2F3
EGFR,E2F4
ESR1,E4F1
MAS1,EARS2
MAS1,ECPAS
ESR1,ECT2
ESR1,ECT2L
ESR1,EDC3
ESR1,EDC4
EGFR,EDEM1
ERAP1,EDEM3
NRP1,EDNRB
ESR1,EDRF1
IGF1R,EEF1A1
ESR1,EEF1A1P5
ESR1,EEF1B2
ESR1,EEF1G
IGF1R,EEF2
ESR1,EEFSEC
EGFR,EFCAB3
ESR1,EFHD1
HLA-A,EFHD1
MAS1,EFHD1
ENO1,EFTUD2
EZR,EFTUD2
FLOT1,EFTUD2
HSPA5,EFTUD2
JMJD6,EFTUD2
KRT1,EFTUD2
LGALS1,EFTUD2
LPP,EFTUD2
MSN,EFTUD2
NCL,EFTUD2
P4HB,EFTUD2
RACK1,EFTUD2
RARA,EFTUD2
RPSA,EFTUD2
RRBP1,EFTUD2
SCARB2,EFTUD2
SMAP1,EFTUD2
GABRA3,EGFR
GRIK4,EGFR
GRM4,EGFR
HLA-B,EGFR
HTR3A,EGFR
IL13RA2,EGFR
IL1RAPL2,EGFR
IL5RA,EGFR
ITGAV,EGFR
LRP8,EGFR
LRRTM4,EGFR
LTK,EGFR
MAS1,EGFR
PDE1C,EGFR
SLITRK3,EGFR
TRPM3,EGFR
HLA-A,EGLN3
THBS1,EGR1
ESR1,EHD3
TNFRSF1B,EHF
ESR1,EHMT1
ESR1,EIF1AX
ESR1,EIF2A
ESR1,EIF2AK2
ESR2,EIF2AK2
LY96,EIF2AK2
RARA,EIF2AK2
TRADD,EIF2AK2
ITGB1,EIF2AK4
ESR1,EIF2S3
ESR1,EIF3A
ESR1,EIF3B
ESR1,EIF3C
ENO1,EIF3D
ESR1,EIF3D
ESR2,EIF3D
HLA-B,EIF3D
NCL,EIF3D
SDC4,EIF3D
ESR1,EIF3E
ESR1,EIF3F
ESR1,EIF3G
ESR1,EIF3H
ESR1,EIF3J
ESR1,EIF3K
ESR1,EIF3L
ESR1,EIF3M
IGF1R,EIF4A3
ESR1,EIF4B
ESR1,EIF4ENIF1
ESR1,EIF4G2
ITGB1,EIF5A
ESR1,EIF5B
ESR1,EIF5
PGR,ELF5
FN1,ELN
GPC4,ELN
ITGA9,ELN
ITGAM,ELN
ITGAX,ELN
ITGB1,ELN
ITGB2,ELN
ESR1,ELOB
ESR1,ELOC
ESR1,ELOVL1
FPR2,ELOVL2
GJA1,ELP3
RXRA,EMD
ESR1,EMG1
ESR1,EMSY
EPHA8,ENDOG
PLGRKT,ENDOG
EZR,ENO2
FAS,ENTPD4
HLA-A,ENTPD7
GP1BA,EP300
INPP5K,EP300
ITGA2B,EP300
ITGAV,EP300
LAMP2,EP300
NOTCH4,EP300
NR1I2,EP300
PLXND1,EP300
PTGDR,EP300
TGFBR2,EP300
THBS1,EP300
ESR1,EPAS1
ICAM1,EPAS1
RARA,EPAS1
ESR1,EPB41
ESR1,EPB41L1
ESR1,EPB41L2
MAS1,EPHA2
MET,EPHA2
NMUR2,EPHX1
PCDHGA5,EPHX1
PCDHGB4,EPHX1
RXRA,EPHX2
ESR1,EPN1
ESR1,EPN2
IL1R1,EPOR
IL1RAP,EPOR
ESR1,EPS15
ESR1,EPS8
HAVCR2,ERBB2
ITGB1,ERBB2
MAS1,ERBB2
TEK,ERBB2
ESR1,ERBIN
ESR1,ERCC2
ESR1,ERCC3
ESR1,ERGIC1
PTPRO,ERLEC1
ESR1,ERLIN1
ESR1,ERMP1
FN1,ERP44
PTPRO,ERP44
RPSA,ERP44
RRBP1,ERP44
SDC4,ERP44
ESR1,ESF1
GLG1,ESR1
HMMR,ESR1
IFNAR1,ESR1
ITPR1,ESR1
JMJD6,ESR1
KIDINS220,ESR1
LAMP2,ESR1
LGALS3,ESR1
LSR,ESR1
MAGED1,ESR1
MAGT1,ESR1
NOTCH2,ESR1
NT5E,ESR1
PARD3,ESR1
PCDHB7,ESR1
SCARA5,ESR1
SDC4,ESR1
SEC63,ESR1
SEMA4C,ESR1
SIGLEC10,ESR1
SUSD2,ESR1
TRIM27,ESR1
VANGL1,ESR1
XPR1,ESR1
LGALS1,ESR2
LGALS3,ESR2
NRP1,ESR2
NT5E,ESR2
PTPRO,ESR2
FN1,ESRP1
HLA-A,ETFB
ITGA9,EVPL
JMJD6,EWSR1
PKD2,EXOC1
PKD2,EXOC2
PKD2,EXOC3
PKD2,EXOC4
PKD2,EXOC5
PKD2,EXOC6
PKD2,EXOC7
PKD2,EXOC8
HAVCR2,EXPH5
NOTCH1,EXT1
MUC1,EZH2
SMAD3,EZH2
VDR,EZH2
VDR,F13B
NOTCH1,F2R
FN1,F7
FN1,FAM114A2
ICAM1,FAM118B
PPARG,FAM120B
RXRA,FAM120B
FN1,FAM131B
NOTCH1,FAM185A
PVR,FAM20B
FPR2,FAM241A
MAS1,FAM241B
FN1,FAM71E2
FN1,FAM83C
NOTCH1,FANCA
NOTCH1,FANCC
NOTCH1,FANCF
NOTCH1,FANCG
VCAM1,FANK1
MAS1,FASTKD1
PVR,FBXL20
LGALS3,FBXL4
PROCR,FBXL4
TNFRSF1A,FBXO11
ITGB1,FBXO34
LGALS3,FBXO6
LGALS3,FCF1
HLA-A,FCGRT
LRP6,FCGRT
TNFRSF1A,FGFR1OP2
RXRA,FGFR1
IGF1R,FGFR4
FPR2,FITM2
PTPRO,FKBP10
FN1,FKBP9
ITGA9,FLNA
ITGAM,FLNA
ITGAX,FLNA
ITGB2,FLNA
LGALS1,FLNA
ITGA9,FLNB
ITGAM,FLNB
ITGAX,FLNB
GPC1,FLT1
MAS1,FLT4
PPARG,FLYWCH2
FPR2,FNDC3A
PTPRO,FOS
IFNAR1,FOXA1
LGALS3,FOXA1
NR3C1,FOXA1
PVR,FOXA1
SUSD2,FOXA1
ICAM1,FOXF1
TNFRSF1A,FOXK1
TNFRSF1A,FOXK2
KLRC2,FOXO1
NCL,FOXO1
NR3C1,FOXO1
THRB,FOXO1
KLRC2,FOXO3
SMAD2,FOXP1
ITGB1,FRS3
GJA1,FSHR
LRP6,FSTL1
GLP1R,FTL
IGDCC3,FTL
MPZL1,FTO
PRNP,FTO
SDC1,FTO
LGALS1,FUBP1
HTR3A,FURIN
PTPRC,FURIN
HLA-B,FUS
JMJD6,FUS
NCL,FUS
RET,FUS
RPSA,FUS
SDC4,FUS
HLA-A,FUT3
ITGA2B,FXR1
ITGB3,FXR1
NCL,FXR1
RPSA,FXR1
SDC4,FXR1
GPC4,FYN
HAVCR1,FYN
TNFRSF1A,FYN
LGALS1,FZD10
NRP1,FZD10
LRP6,FZD3
LRP6,FZD7
MET,FZR1
ITGB1,G3BP1
JMJD6,G3BP1
KDR,GABARAP
HLA-A,GABRA6
HLA-A,GABRG2
PDCD1,GALNT11
HLA-B,GANAB
PRNP,GANAB
PTPRO,GANAB
RPSA,GANAB
RRBP1,GANAB
SDC4,GANAB
RXRA,GATA2
GRM8,GCM1
MAS1,GCN1
LGALS3,GEMIN2
TLR4,GFAP
NCAM1,GFRA2
NCAM1,GFRA4
ITGB1,GGA3
IL1R1,GHR
IL1RAP,GHR
IL3RA,GHR
LEPR,GHR
LEPR,GHSR
ICAM1,GIT1
ICAM1,GIT2
HTR2C,GJA1
HTR3A,GJA1
LAMP1,GJA1
P2RY6,GJA1
PRNP,GJA1
RRBP1,GJA1
SDC4,GJA1
PROCR,GJB7
PDCD1,GK
HLA-A,GLB1
MET,GLIS2
SIGLEC6,GLYR1
PVR,GNA13
IGF1R,GNB1
GPER1,GNB2
GPR4,GNB2
NPFFR2,GNB2
GNRHR2,GNB3
GNRHR,GNB3
GPBAR1,GNB3
GPER1,GNB3
GPR132,GNB3
GPR143,GNB3
GPR150,GNB3
GPR15,GNB3
GPR176,GNB3
GPR17,GNB3
GPR183,GNB3
GPR18,GNB3
GPR20,GNB3
GPR25,GNB3
GPR27,GNB3
GPR31,GNB3
GPR32,GNB3
GPR37L1,GNB3
GPR37,GNB3
GPR39,GNB3
GPR45,GNB3
GPR4,GNB3
GPR55,GNB3
GPR65,GNB3
GPR68,GNB3
GPR83,GNB3
GPR84,GNB3
GPRC6A,GNB3
GRIK3,GNB3
GRM1,GNB3
GRM2,GNB3
GRM3,GNB3
GRM4,GNB3
GRM5,GNB3
GRM6,GNB3
GRM7,GNB3
GRM8,GNB3
GRPR,GNB3
HCAR1,GNB3
HCAR2,GNB3
HCAR3,GNB3
HCRTR1,GNB3
HCRTR2,GNB3
HRH1,GNB3
HRH2,GNB3
HRH3,GNB3
HRH4,GNB3
HTR1A,GNB3
HTR1B,GNB3
HTR1D,GNB3
HTR1E,GNB3
HTR1F,GNB3
HTR2A,GNB3
HTR2B,GNB3
HTR2C,GNB3
HTR4,GNB3
HTR5A,GNB3
HTR6,GNB3
HTR7,GNB3
KISS1R,GNB3
LHCGR,GNB3
LPAR1,GNB3
LPAR2,GNB3
LPAR3,GNB3
LPAR4,GNB3
LPAR5,GNB3
LPAR6,GNB3
LTB4R2,GNB3
LTB4R,GNB3
MC1R,GNB3
MC2R,GNB3
MC3R,GNB3
MC4R,GNB3
MC5R,GNB3
MCHR1,GNB3
MCHR2,GNB3
MLNR,GNB3
MTNR1A,GNB3
MTNR1B,GNB3
NMBR,GNB3
NMUR1,GNB3
NMUR2,GNB3
NPBWR1,GNB3
NPBWR2,GNB3
NPFFR1,GNB3
NPFFR2,GNB3
NPSR1,GNB3
NPY1R,GNB3
NPY2R,GNB3
NPY4R,GNB3
NPY5R,GNB3
NTSR1,GNB3
NTSR2,GNB3
OPN4,GNB3
OPRD1,GNB3
OPRK1,GNB3
OPRL1,GNB3
OPRM1,GNB3
OXER1,GNB3
OXGR1,GNB3
OXTR,GNB3
P2RY10,GNB3
P2RY11,GNB3
P2RY12,GNB3
P2RY13,GNB3
P2RY14,GNB3
P2RY1,GNB3
P2RY2,GNB3
P2RY4,GNB3
P2RY6,GNB3
PROKR1,GNB3
PROKR2,GNB3
PTAFR,GNB3
PTGDR2,GNB3
PTGDR,GNB3
PTGER1,GNB3
PTGER2,GNB3
PTGER4,GNB3
PTGFR,GNB3
PTGIR,GNB3
PTH1R,GNB3
PTH2R,GNB3
QRFPR,GNB3
RAMP1,GNB3
RAMP2,GNB3
RAMP3,GNB3
RHO,GNB3
RXFP1,GNB3
RXFP2,GNB3
RXFP3,GNB3
RXFP4,GNB3
S1PR1,GNB3
S1PR2,GNB3
S1PR3,GNB3
S1PR4,GNB3
S1PR5,GNB3
SCTR,GNB3
SSTR1,GNB3
SSTR2,GNB3
SSTR3,GNB3
SSTR4,GNB3
SSTR5,GNB3
SUCNR1,GNB3
TAAR1,GNB3
TAAR2,GNB3
TAAR5,GNB3
TAAR6,GNB3
TAAR8,GNB3
TAAR9,GNB3
TACR1,GNB3
TACR2,GNB3
TACR3,GNB3
TAS1R1,GNB3
TAS1R2,GNB3
TAS1R3,GNB3
TAS2R10,GNB3
TAS2R13,GNB3
TAS2R14,GNB3
TAS2R16,GNB3
TAS2R19,GNB3
TAS2R1,GNB3
TAS2R20,GNB3
TAS2R30,GNB3
TAS2R31,GNB3
TAS2R38,GNB3
TAS2R39,GNB3
TAS2R3,GNB3
TAS2R40,GNB3
TAS2R41,GNB3
TAS2R42,GNB3
TAS2R43,GNB3
TAS2R46,GNB3
TAS2R4,GNB3
TAS2R50,GNB3
TAS2R5,GNB3
TAS2R60,GNB3
TAS2R7,GNB3
TAS2R8,GNB3
TAS2R9,GNB3
TBXA2R,GNB3
TRHR,GNB3
TSHR,GNB3
UTS2R,GNB3
VIPR1,GNB3
VIPR2,GNB3
XCR1,GNB3
GPER1,GNB4
GPR4,GNB4
NPFFR2,GNB4
GPER1,GNB5
GPR4,GNB5
NPFFR2,GNB5
GPER1,GNG10
GPR4,GNG10
NPFFR2,GNG10
GPER1,GNG11
GPR4,GNG11
NPFFR2,GNG11
GPER1,GNG12
GPR4,GNG12
NPFFR2,GNG12
GPER1,GNG13
GPR4,GNG13
NPFFR2,GNG13
GPER1,GNG3
GPR4,GNG3
NPFFR2,GNG3
GPER1,GNG4
GPR4,GNG4
NPFFR2,GNG4
GPER1,GNG5
GPR4,GNG5
NPFFR2,GNG5
GNRHR2,GNG7
GNRHR,GNG7
GPBAR1,GNG7
GPER1,GNG7
GPR132,GNG7
GPR143,GNG7
GPR150,GNG7
GPR15,GNG7
GPR176,GNG7
GPR17,GNG7
GPR183,GNG7
GPR18,GNG7
GPR20,GNG7
GPR25,GNG7
GPR27,GNG7
GPR31,GNG7
GPR32,GNG7
GPR37L1,GNG7
GPR37,GNG7
GPR39,GNG7
GPR45,GNG7
GPR4,GNG7
GPR55,GNG7
GPR65,GNG7
GPR68,GNG7
GPR83,GNG7
GPR84,GNG7
GPRC6A,GNG7
GRIK3,GNG7
GRM1,GNG7
GRM2,GNG7
GRM3,GNG7
GRM4,GNG7
GRM5,GNG7
GRM6,GNG7
GRM7,GNG7
GRM8,GNG7
GRPR,GNG7
HCAR1,GNG7
HCAR2,GNG7
HCAR3,GNG7
HCRTR1,GNG7
HCRTR2,GNG7
HRH1,GNG7
HRH2,GNG7
HRH3,GNG7
HRH4,GNG7
HTR1A,GNG7
HTR1B,GNG7
HTR1D,GNG7
HTR1E,GNG7
HTR1F,GNG7
HTR2A,GNG7
HTR2B,GNG7
HTR2C,GNG7
HTR4,GNG7
HTR5A,GNG7
HTR6,GNG7
HTR7,GNG7
KISS1R,GNG7
LHCGR,GNG7
LPAR1,GNG7
LPAR2,GNG7
LPAR3,GNG7
LPAR4,GNG7
LPAR5,GNG7
LPAR6,GNG7
LTB4R2,GNG7
LTB4R,GNG7
MC1R,GNG7
MC2R,GNG7
MC3R,GNG7
MC4R,GNG7
MC5R,GNG7
MCHR1,GNG7
MCHR2,GNG7
MLNR,GNG7
MTNR1A,GNG7
MTNR1B,GNG7
NMBR,GNG7
NMUR1,GNG7
NMUR2,GNG7
NPBWR1,GNG7
NPBWR2,GNG7
NPFFR1,GNG7
NPFFR2,GNG7
NPSR1,GNG7
NPY1R,GNG7
NPY2R,GNG7
NPY4R,GNG7
NPY5R,GNG7
NTSR1,GNG7
NTSR2,GNG7
OPN4,GNG7
OPRD1,GNG7
OPRK1,GNG7
OPRL1,GNG7
OPRM1,GNG7
OXER1,GNG7
OXGR1,GNG7
OXTR,GNG7
P2RY10,GNG7
P2RY11,GNG7
P2RY12,GNG7
P2RY13,GNG7
P2RY14,GNG7
P2RY1,GNG7
P2RY2,GNG7
P2RY4,GNG7
P2RY6,GNG7
PROKR1,GNG7
PROKR2,GNG7
PTAFR,GNG7
PTGDR2,GNG7
PTGDR,GNG7
PTGER1,GNG7
PTGER2,GNG7
PTGER3,GNG7
PTGER4,GNG7
PTGFR,GNG7
PTGIR,GNG7
PTH1R,GNG7
PTH2R,GNG7
QRFPR,GNG7
RAMP1,GNG7
RAMP2,GNG7
RAMP3,GNG7
RHO,GNG7
RXFP1,GNG7
RXFP2,GNG7
RXFP3,GNG7
RXFP4,GNG7
S1PR1,GNG7
S1PR2,GNG7
S1PR3,GNG7
S1PR4,GNG7
S1PR5,GNG7
SCTR,GNG7
SSTR1,GNG7
SSTR2,GNG7
SSTR3,GNG7
SSTR4,GNG7
SSTR5,GNG7
SUCNR1,GNG7
TAAR1,GNG7
TAAR2,GNG7
TAAR5,GNG7
TAAR6,GNG7
TAAR8,GNG7
TAAR9,GNG7
TACR1,GNG7
TACR2,GNG7
TACR3,GNG7
TAS1R1,GNG7
TAS1R2,GNG7
TAS1R3,GNG7
TAS2R10,GNG7
TAS2R13,GNG7
TAS2R14,GNG7
TAS2R16,GNG7
TAS2R19,GNG7
TAS2R1,GNG7
TAS2R20,GNG7
TAS2R30,GNG7
TAS2R31,GNG7
TAS2R38,GNG7
TAS2R39,GNG7
TAS2R3,GNG7
TAS2R40,GNG7
TAS2R41,GNG7
TAS2R42,GNG7
TAS2R43,GNG7
TAS2R46,GNG7
TAS2R4,GNG7
TAS2R50,GNG7
TAS2R5,GNG7
TAS2R60,GNG7
TAS2R7,GNG7
TAS2R8,GNG7
TAS2R9,GNG7
TBXA2R,GNG7
TRHR,GNG7
TSHR,GNG7
UTS2R,GNG7
VIPR1,GNG7
VIPR2,GNG7
XCR1,GNG7
GPER1,GNG8
GPR4,GNG8
NPFFR2,GNG8
GPER1,GNGT1
GPR4,GNGT1
NPFFR2,GNGT1
GPER1,GNGT2
GPR4,GNGT2
NPFFR2,GNGT2
PVR,GNPAT
NOTCH1,GOLGA2
PKD2,GOLGA2
HAVCR2,GOLGA7
PTPRO,GOLIM4
NOTCH1,GOPC
ITGB2,GP1BA
GPC4,GPC1
HLA-A,GPC1
ITGA9,GPC1
ITGAM,GPC1
ITGAX,GPC1
ITGB1,GPC1
ITGB2,GPC1
GPC6,GPC4
ITGA10,GPC4
ITGA11,GPC4
ITGA1,GPC4
ITGA2B,GPC4
ITGA2,GPC4
ITGA3,GPC4
ITGA4,GPC4
ITGA5,GPC4
ITGA6,GPC4
ITGA7,GPC4
ITGA8,GPC4
ITGA9,GPC4
ITGAD,GPC4
ITGAE,GPC4
ITGAL,GPC4
ITGAV,GPC4
ITGAX,GPC4
ITGB1,GPC4
ITGB2,GPC4
ITGB3,GPC4
ITGB4,GPC4
ITGB5,GPC4
ITGB6,GPC4
ITGB7,GPC4
ITGB8,GPC4
SDC3,GPC4
SDC4,GPC4
PVR,GPD2
HLA-A,GPR35
MAS1,GPR50
TNFRSF1A,GPR50
MAS1,GPR89A
MAS1,GPR89B
TNFRSF1A,GPRC5B
TNFRSF1A,GPRC5C
PPARG,GPS2
RXRA,GPS2
ZP2,GPX4
PTPRO,GPX8
IL1R1,GRB2
PGR,GRHL2
HLA-F,GRIA3
VDR,GRK2
TNFRSF1A,GRK6
IGF1R,GRM1
MYLK2,GSTT1
JMJD6,GTF2F1
TLR9,GTF2I
TFRC,HAVCR1
TGFBR1,HAVCR1
TNFRSF10B,HAVCR1
IL1RAP,HAVCR2
LGR4,HAVCR2
PIK3CB,HAVCR2
PLD2,HAVCR2
HLA-B,HBA1
PLXNB1,HBA1
TNFSF8,HBA1
HLA-B,HBA2
HLA-DPA1,HBA2
ITGA4,HBA2
PLXNB1,HBA2
TNFSF8,HBA2
IGHM,HBB
LAMP2,HBB
LPAR2,HBB
PLXNB1,HBB
JMJD6,HBS1L
ITGAM,HCK
ITGB2,HCK
LEPR,HCRTR1
RXRA,HDAC1
HTR4,HDAC2
OPRM1,HDAC2
SCARB2,HDAC2
IGF1R,HDAC3
HSPA5,HDAC4
MERTK,HDAC4
RPSA,HDAC4
SMAD1,HDAC4
SMAD2,HDAC4
TRIM27,HDAC4
RARA,HDAC5
SMAD1,HDAC5
SMAD2,HDAC5
ICAM1,HEATR6
PDCD1,HEATR6
PVR,HELLS
NOTCH1,HEYL
MET,HGFAC
NMBR,HIF1A
SORL1,HIF1A
ITGA6,HLA-DRB1
KCND1,HMGA1
ROBO1,HMGA1
NTRK2,HMGCS1
PDGFRA,HMGCS1
PPARD,HMGCS1
SDC1,HMGCS1
NOTCH1,HMGN5
PTGER4,HMOX1
SMO,HMOX1
MYLK,HNRNPAB
IFNAR1,HNRNPK
IL15RA,HNRNPK
JMJD6,HNRNPK
SDC4,HNRNPK
THRA,HNRNPK
IGF1R,HNRNPL
ITGB1,HNRNPL
JMJD6,HNRNPL
LGALS1,HNRNPL
NRP1,HNRNPL
PKD2,HNRNPL
PVR,HNRNPL
RXRA,HNRNPL
JMJD6,HNRNPUL1
VDR,HOXA10
RXRA,HOXA4
RARA,HOXA7
RXRA,HOXB1
RXRA,HOXB4
TRIM27,HOXC8
RXRA,HOXD4
ITGB2,HPCAL1
ITGB1,HRAS
NOTCH1,HRAS
SIGLEC6,HRAS
THBD,HRAS
ITGB1,HSCB
TREM1,HSCB
ITGB2,HSP90AB1
ITGB2,HSPA1A
PGR,HSPA1A
PGR,HSPA1B
VCAM1,HSPA1B
JMJD6,HSPA4
TLR9,HSPA4
IGF1R,HSPA5
ITGA9,HSPA5
LGALS1,HSPA5
TLR9,HSPA6
PGR,HSPA7
VCAM1,HSPA7
HTR1E,HSPA8
IGF1R,HSPA8
IL17RC,HSPA8
IL7R,HSPA8
ITGB2,HSPA8
KCND2,HSPA8
KISS1R,HSPA8
MPZL1,HSPA8
NCL,HSPA8
PTGIR,HSPA8
PTPRB,HSPA8
PTPRF,HSPA8
RRBP1,HSPA8
SDC4,HSPA8
SIRPA,HSPA8
SPHK1,HSPA8
TACR1,HSPA8
TNFRSF21,HSPA8
VANGL2,HSPA8
RXRA,HSPA9
MSN,HSPB1
SCARB2,HSPB1
KDR,HSPD1
LGALS3,HTR2C
ITGB1,HTRA1
PTPRO,HYOU1
RARA,ICAM1
MAS1,IDH2
TLR9,IFI16
PGR,IFI35
IL1R1,IFNAR1
IL1RAP,IFNAR1
IL3RA,IFNAR1
LEPR,IFNAR1
IL1R1,IFNAR2
IL1RAP,IFNAR2
IL3RA,IFNAR2
LEPR,IFNAR2
IL1R1,IFNGR1
IL1RAP,IFNGR1
IL3RA,IFNGR1
LEPR,IFNGR1
IL1R1,IFNGR2
IL1RAP,IFNGR2
IL3RA,IFNGR2
LEPR,IFNGR2
LGALS1,IGBP1
LGALS3,IGBP1
IGF2R,IGF1R
SLAMF1,IGF1R
RPSA,IGF2BP2
RRBP1,IGF2BP2
SDC4,IGF2BP2
PLXDC2,IGFBP1
ITGB1,IGFBP2
ITGA9,IGKC
ITGA9,IGLL5
IL3RA,IL10RA
LEPR,IL10RA
IL1R1,IL10RB
IL1RAP,IL10RB
IL3RA,IL10RB
LEPR,IL10RB
IL1RAP,IL12RB1
IL3RA,IL12RB1
LEPR,IL12RB1
IL1RAP,IL12RB2
IL3RA,IL12RB2
LEPR,IL12RB2
IL1R1,IL13RA1
IL1RAP,IL13RA1
IL3RA,IL13RA1
LEPR,IL13RA1
IL1R1,IL13RA2
IL1RAP,IL13RA2
IL3RA,IL13RA2
LEPR,IL13RA2
LGALS3,IL13RA2
IL1R1,IL15RA
IL3RA,IL15RA
LEPR,IL15RA
IL1R1,IL17RA
IL1RAP,IL17RA
IL3RA,IL17RA
LEPR,IL17RA
IL1R1,IL18R1
IL3RA,IL18R1
LEPR,IL18R1
IL2RA,IL1R1
IL2RB,IL1R1
IL2RG,IL1R1
IL3RA,IL1R1
IL4R,IL1R1
IL5RA,IL1R1
IL6R,IL1R1
IL6ST,IL1R1
IL7R,IL1R1
LEPR,IL1R1
LIFR,IL1R1
MPL,IL1R1
OSMR,IL1R1
PRLR,IL1R1
TNFRSF10B,IL1R1
IL3RA,IL1R2
LEPR,IL1R2
IL2RA,IL1RAP
IL2RB,IL1RAP
IL2RG,IL1RAP
IL3RA,IL1RAP
IL4R,IL1RAP
IL5RA,IL1RAP
IL6R,IL1RAP
IL6ST,IL1RAP
IL7R,IL1RAP
IL9R,IL1RAP
KIT,IL1RAP
LEPR,IL1RAP
LIFR,IL1RAP
MPL,IL1RAP
OSMR,IL1RAP
PCDHGB4,IL1RAP
PRLR,IL1RAP
NRP1,IL27RA
IL3RA,IL2RA
LEPR,IL2RA
IL3RA,IL2RB
LEPR,IL2RB
IL3RA,IL2RG
LEPR,IL2RG
LGALS3,IL31RA
PROCR,IL31RA
IL4R,IL3RA
IL6R,IL3RA
IL6ST,IL3RA
IL7R,IL3RA
IL9R,IL3RA
LEPR,IL3RA
LIFR,IL3RA
MPL,IL3RA
OSMR,IL3RA
PRLR,IL3RA
LEPR,IL4R
LEPR,IL5RA
LEPR,IL6ST
LEPR,IL7R
LEPR,IL9R
KDR,ILKAP
TEK,ILKAP
ITGA9,ILK
ITGAM,ILK
ITGAX,ILK
LGALS3,IMPA2
NOTCH1,INPP5K
MAS1,INTS12
JMJD6,INTS13
PDCD1,INTS4
PDCD1,INTS7
VCAM1,INTS8
LGALS3,IPPK
MS4A4A,IRAK1
LEPR,IRS4
NCAM1,ISG20
LRP6,ITCH
ITGA9,ITGA10
ITGAM,ITGA10
ITGAX,ITGA10
ITGB2,ITGA10
ITGA9,ITGA11
ITGAM,ITGA11
ITGAX,ITGA11
ITGB2,ITGA11
ITGAM,ITGA1
ITGAX,ITGA1
ITGB2,ITGA1
ITGA9,ITGA2B
ITGAX,ITGA2B
ITGA9,ITGA2
ITGAM,ITGA2
ITGAX,ITGA2
ITGB2,ITGA2
ITGA9,ITGA3
ITGAM,ITGA3
ITGAX,ITGA3
ITGB2,ITGA3
LGALS1,ITGA3
LGALS3,ITGA3
ITGA9,ITGA4
ITGAM,ITGA4
ITGAX,ITGA4
ITGB2,ITGA4
ITGA9,ITGA5
ITGAM,ITGA5
ITGAX,ITGA5
ITGB2,ITGA5
KDR,ITGA5
ITGA9,ITGA6
ITGAM,ITGA6
ITGAX,ITGA6
ITGB2,ITGA6
ITGA9,ITGA7
ITGAM,ITGA7
ITGAX,ITGA7
ITGB2,ITGA7
ITGA9,ITGA8
ITGAM,ITGA8
ITGAX,ITGA8
ITGB2,ITGA8
ITGAD,ITGA9
ITGAE,ITGA9
ITGAL,ITGA9
ITGAM,ITGA9
ITGAV,ITGA9
ITGAX,ITGA9
ITGB2,ITGA9
ITGB3,ITGA9
ITGB4,ITGA9
ITGB5,ITGA9
ITGB6,ITGA9
ITGB8,ITGA9
PTK2B,ITGA9
SDC1,ITGA9
SDC2,ITGA9
SDC3,ITGA9
SDC4,ITGA9
ITGAM,ITGAD
ITGAX,ITGAD
ITGB1,ITGAD
ITGAM,ITGAE
ITGB1,ITGAE
ITGB2,ITGAE
ITGB1,ITGAL
ITGAV,ITGAM
ITGB1,ITGAM
ITGB3,ITGAM
ITGB4,ITGAM
ITGB5,ITGAM
ITGB6,ITGAM
ITGB7,ITGAM
ITGB8,ITGAM
LAMA4,ITGAM
LRP1,ITGAM
MMP2,ITGAM
SDC1,ITGAM
SDC3,ITGAM
SDC4,ITGAM
ITGAX,ITGAV
MET,ITGAV
PVR,ITGAV
ITGB3,ITGAX
ITGB4,ITGAX
ITGB6,ITGAX
ITGB7,ITGAX
ITGB8,ITGAX
LAMA4,ITGAX
PTK2B,ITGAX
SDC1,ITGAX
SDC2,ITGAX
SDC3,ITGAX
SDC4,ITGAX
ITGB4,ITGB1
ITGB5,ITGB1
ITGB6,ITGB1
ITGB7,ITGB1
ITGB8,ITGB1
LAMP1,ITGB1
P2RY6,ITGB1
PECAM1,ITGB1
PRLR,ITGB1
PTPRO,ITGB1
SDC2,ITGB1
SDC3,ITGB1
SIRPA,ITGB1
TEK,ITGB1
TGFBR2,ITGB1
TSPAN15,ITGB1
TSPAN5,ITGB1
ITGB4,ITGB2
ITGB5,ITGB2
ITGB6,ITGB2
ITGB7,ITGB2
ITGB8,ITGB2
LAMA4,ITGB2
LRP1,ITGB2
MMP2,ITGB2
PTPRB,ITGB2
SDC1,ITGB2
SDC2,ITGB2
SDC3,ITGB2
SDC4,ITGB2
SELP,ITGB2
PVR,ITGB3
MAS1,ITPRIP
MAS1,JAK1
NCL,JMJD6
TNFRSF1A,JPH1
PTPRO,JUN
KIDINS220,KCMF1
PLXDC2,KCNJ8
NOTCH1,KCTD10
NRP1,KCTD10
LGALS3,KCTD12
NRP1,KCTD9
MET,KDELR2
TLR9,KDM1A
LRP8,KDR
RARA,KDR
S1PR2,KDR
S1PR3,KDR
S1PR5,KDR
TNFRSF25,KDR
RARA,KEAP1
KIT,KHDRBS1
NCSTN,KHDRBS1
PDGFRB,KHDRBS1
PTCH1,KHDRBS1
RPSA,KHDRBS1
RRBP1,KHDRBS1
SDC4,KHDRBS1
TNFRSF1A,KHNYN
NOTCH1,KIAA1191
TNFRSF1A,KIDINS220
TNFRSF1A,KIF14
TNFRSF1A,KIF2C
MAS1,KIRREL1
MMP2,KLHL15
LRP6,KLK5
NCL,KMT2A
THBS1,KMT2A
NOTCH1,KRAS
PVR,KRTAP1-1
PVR,KRTAP3-1
PVR,KRTAP3-3
PVR,KRTAP9-3
LGALS1,LAMP1
LGALS3,LAMP1
MET,LAMP1
PVR,LAMP1
PVR,LANCL2
LGALS1,LASP1
NCL,LASP1
PRNP,LASP1
RPSA,LASP1
RRBP1,LASP1
SDC4,LASP1
MET,LATS2
LIFR,LEPR
MPL,LEPR
OSMR,LEPR
PRLR,LEPR
TENM4,LGALS4
PDCD1,LGR4
LRP6,LGR5
TNFRSF1A,LILRA2
NOTCH1,LILRB2
NRP1,LIPG
LRP10,LITAF
PTPRD,LITAF
PTPRO,LMAN1
TNFRSF1A,LMBR1
LPAR3,LMNA
LRP10,LMNA
LVRN,LMNA
MIP,LMNA
PKD2,LMNA
PMP22,LMNA
PRNP,LMNA
RARA,LMNA
RHAG,LMNA
RPSA,LMNA
RRBP1,LMNA
SCARA3,LMNA
SCARB2,LMNA
SDC4,LMNA
SMAD1,LMNA
SPN,LMNA
STX3,LMNA
STX4,LMNA
TFRC,LMNA
TGM2,LMNA
THBD,LMNA
TNFRSF10C,LMNA
RXRA,LMNB1
TRAF2,LMO2
NOTCH1,LNX2
LRP1,LOXL2
PVR,LRBA
SDC1,LRP6
SDC2,LRP6
SDC3,LRP6
SDC4,LRP6
PKD1,LRRK2
PKD1,LTB4R2
PTPRO,MAD2L1BP
NOTCH1,MAGEA1
NOTCH1,MAGED1
PTPRO,MAIP1
PTPRO,MAN1A2
PTPRO,MAN1B1
NOTCH1,MAP1LC3A
MET,MAP2K3
MET,MAP2K5
TNFRSF1A,MAP3K3
NTRK3,MAPK14
PTPRC,MAPK14
SDC4,MAPK14
TRADD,MAPK14
PTPRF,MAPK1
RRBP1,MAPK1
S1PR5,MAPK1
RXRA,MATR3
TLR9,MCMBP
TNFRSF1A,MCRS1
PDCD1,MCU
NOTCH1,MECP2
NOTCH1,MED1
VDR,MEOX2
PVR,METAP2
S1PR1,MET
MSN,METTL14
NCL,METTL14
P4HB,METTL14
PLG,METTL14
RACK1,METTL14
RARA,METTL14
RPSA,METTL14
SMAD2,METTL14
SMAD3,METTL14
RARA,METTL3
RYR1,METTL3
SMAD2,METTL3
SMAD3,METTL3
PPARG,MFHAS1
TNFRSF1A,MFSD5
TLR9,MICAL1
NCL,MME
RACK1,MME
RPSA,MME
SCARA3,MMP9
PVR,MMS22L
TNFRSF1A,MOB4
NOTCH1,MOV10
NOTCH2,MOV10
NOTCH3,MOV10
RARA,MOV10
RPSA,MOV10
SDC4,MOV10
SCARB2,MPO
TLR9,MSH3
PVR,MTCH2
TLR9,MTDH
PCDHB16,MTHFR
NPY2R,MTOR
NTRK3,MTOR
P2RY6,MTOR
VIPR2,MTOR
RARA,MUS81
RXRA,MYH9
VCAM1,MYL12B
PRNP,MYLK
TLR9,MYO1C
PROCR,NAPA
PROCR,NAPG
PDCD1,NAV1
NCSTN,NCAM1
SDC1,NCAM1
NRP1,NCL
PKD1,NCOR1
NT5E,NDUFA2
TNFRSF19,NEDD4L
PPARG,NFATC2
PPARG,NFATC3
VDR,NFKB2
TNFRSF1A,NFKBIL1
TLR9,NFYA
PTPRO,NGLY1
PVR,NLRX1
TNFSF8,NME4
PDCD1,NOCT
PTPRO,NOMO1
PLXND1,NOTCH1
RXRA,NPM1
RXRA,NR0B1
VDR,NR0B1
PGR,NRIP1
RXRG,NRIP1
PLXNB1,NRP1
ROBO1,NRP1
RORB,NSD1
PCDH7,NT5E
PTPRO,NUP210L
TLR9,OGT
PTPRO,OS9
PTPRO,P4HB
TLR9,PAK2
PPARG,PAK4
RARA,PARK7
PROCR,PCDHGC3
RHBDF2,PDCD1
XPR1,PDCD1
PTPRO,PDIA3
PTPRO,PDIA4
PTPRO,PDIA6
RXRA,PDK4
TLR9,PES1
ROBO1,PFN1
SIRPA,PFN1
ROBO1,PFN2
PTPRO,PGRMC1
PROCR,PHGDH
PVR,PI4K2A
TNFRSF1A,PIDD1
TLR4,PIK3AP1
TNFRSF1A,PIP4K2C
PTPRG,PKD1
PTPRS,PKD1
PTGIR,PKD2
PTPRG,PKD2
PROCR,PLEKHA7
PTPRO,PLXNB2
TNFRSF1B,POTEKP
RXRA,PPARGC1B
VDR,PPARGC1B
PTPRO,PPIB
PVR,PPM1B
SFRP5,PPP1CA
SFRP5,PPP1CB
SFRP5,PPP1CC
RPSA,PPP1R12A
SDC4,PPP1R12A
TRPM2,PPP1R12A
VCAM1,PPP2R5A
PVR,PPT1
PTGER4,PRDX1
RARA,PRDX4
TNFRSF1A,PRELID1
TNFRSF1A,PRKAR2B
TLR9,PRKCD
TNFRSF1A,PRKCE
TNFRSF1A,PRKCI
PTPRO,PRKCSH
TNFRSF1A,PRKCZ
RPSA,PROCR
RRBP1,PROCR
SDC4,PROCR
SDC1,PSG1
SDC2,PSG1
SDC3,PSG1
SDC4,PSG1
SORL1,PSG1
RACK1,PTEN
SDC1,PTK2
SDC2,PTK2
SDC3,PTK2
TEK,PTK2
SIGLEC5,PTPN11
TFRC,PTPRO
RYK,PVR
TAS2R19,PVR
TNFRSF1A,RABGEF1
VCAM1,RARA
VDR,RARB
TNFRSF1B,RBCK1
TLR4,RBFOX3
TLR9,RBMX
RXRA,REPS1
VANGL2,RHOA
VDR,RHOBTB1
ROR1,RNF123
RXFP1,RNF123
RYR1,RNF123
SCN8A,RNF123
TAS1R3,RNF123
TAS2R31,RNF123
TRPM3,RNF123
TNFRSF1A,RNF138
TNFRSF1B,RNF31
TLR9,RNH1
VCAM1,RPL9P7
VCAM1,RPL9P8
TNFRSF1A,RRP12
RXRG,RXRA
TNFRSF1A,SCAI
VCAM1,SEMA4D
STX3,SETD1A
TFRC,SETD1A
THBS1,SETD1A
VDR,SFTPB
SLC1A5,SFXN1
TLR8,SIGLEC10
TLR4,SIGLEC11
TLR4,SIGLEC6
TLR5,SIGLEC6
TLR8,SIGLEC6
TLR9,SIGLEC6
TLR4,SIGLEC7
TLR4,SIGLEC9
TLR8,SIGLEC9
TLR9,SIGLEC9
TNFRSF1A,SIKE1
TNFRSF21,SIRT1
SLC40A1,SLC2A1
VDR,SLC30A10
TNFRSF1A,SLC39A1
TRAF2,SLC7A11
VDR,SLCO1A2
TNFRSF1A,SLMAP
VDR,SMARCA2
TLR9,SMARCA5
VDR,SMARCC1
VDR,SMARCC2
TNFRSF1A,SPATA2
VASN,STAT3
TNFRSF1A,STK11
TNFRSF1A,STRIP1
TNFRSF1A,STRN3
TNFRSF1A,STRN4
TNFRSF1A,STRN
TEK,STYX
TLR9,STYX
VDR,SUPT16H
TNFRSF1A,TBC1D15
TNFRSF1A,THADA
VTN,THBD
VANGL1,TNFRSF1A
VANGL2,TNFRSF1A
XPR1,TNFRSF1A
VDR,TRIP13
VCAM1,TUBA4A
FN1,ACP3
HLA-A,ADSS2
ESR1,ATP5MK
ESR1,MTRFR
ESR1,LINC02910
HLA-A,PKD1L1-AS1
NOTCH1,LINC02907
JMJD6,CARS1
ESR1,POLR1G
NOTCH1,H2AB1
RXRA,H2AB1
NOTCH1,H2AJ
RXRA,H2AJ
NOTCH1,H2AZ2
RXRA,H2AZ2
NOTCH1,H2AX
RXRA,H2AX
NOTCH1,H2AZ1
RXRA,H2AZ1
NOTCH1,H2BS1
RXRA,H2BS1
ICAM1,H3-3B
RXRA,H3-3B
NOTCH1,H2AC4
RXRA,H2AC4
TNFRSF1A,H2AC4
NOTCH1,H2AC6
RXRA,H2AC6
NOTCH1,H2AC7
RXRA,H2AC7
NOTCH1,H2AC8
RXRA,H2AC8
NOTCH1,H2AC14
RXRA,H2AC14
NOTCH1,H2BC1
RXRA,H2BC1
NOTCH1,H2BC3
RXRA,H2BC3
NOTCH1,H2BC5
RXRA,H2BC5
NOTCH1,H2BC9
RXRA,H2BC9
NOTCH1,H2BC11
RXRA,H2BC11
NOTCH1,H2BC12
RXRA,H2BC12
NOTCH1,H2BC13
RXRA,H2BC13
NOTCH1,H2BC14
RXRA,H2BC14
NOTCH1,H2BC15
RXRA,H2BC15
LGALS1,H2BC17
NOTCH1,H2BC17
RXRA,H2BC17
ICAM1,H3C2
RXRA,H3C2
ICAM1,H3C3
RXRA,H3C3
ICAM1,H3C4
RXRA,H3C4
ICAM1,H3C6
RXRA,H3C6
ICAM1,H3C7
RXRA,H3C7
ICAM1,H3C8
RXRA,H3C8
ICAM1,H3C10
RXRA,H3C10
ICAM1,H3C11
RXRA,H3C11
ICAM1,H3C12
RXRA,H3C12
MYLK,H4C1
NOTCH1,H4C1
PGR,H4C1
RXRA,H4C1
TNFRSF1A,H4C1
MYLK,H4C2
NOTCH1,H4C2
PGR,H4C2
RXRA,H4C2
TNFRSF1A,H4C2
MYLK,H4C3
NOTCH1,H4C3
PGR,H4C3
RXRA,H4C3
TNFRSF1A,H4C3
MYLK,H4C4
NOTCH1,H4C4
PGR,H4C4
RXRA,H4C4
TNFRSF1A,H4C4
MYLK,H4C5
NOTCH1,H4C5
PGR,H4C5
RXRA,H4C5
TNFRSF1A,H4C5
MYLK,H4C6
NOTCH1,H4C6
PGR,H4C6
RXRA,H4C6
TNFRSF1A,H4C6
MYLK,H4C8
NOTCH1,H4C8
PGR,H4C8
RXRA,H4C8
TNFRSF1A,H4C8
MYLK,H4C9
NOTCH1,H4C9
PGR,H4C9
MYLK,H4C11
NOTCH1,H4C11
PGR,H4C11
RXRA,H4C11
TNFRSF1A,H4C11
MYLK,H4C12
NOTCH1,H4C12
PGR,H4C12
RXRA,H4C12
TNFRSF1A,H4C12
MYLK,H4C13
NOTCH1,H4C13
PGR,H4C13
RXRA,H4C13
TNFRSF1A,H4C13
NOTCH1,H2AC18
RXRA,H2AC18
NOTCH1,H2AC19
RXRA,H2AC19
MMP2,H2AC20
NOTCH1,H2AC20
RXRA,H2AC20
NOTCH1,H2BC21
RXRA,H2BC21
IL1RAP,H2BC18
ICAM1,H3C15
RXRA,H3C15
VCAM1,H3C15
ICAM1,H3C13
RXRA,H3C13
VCAM1,H3C13
MYLK,H4C14
NOTCH1,H4C14
PGR,H4C14
RXRA,H4C14
TNFRSF1A,H4C14
MYLK,H4C15
NOTCH1,H4C15
PGR,H4C15
RXRA,H4C15
TNFRSF1A,H4C15
NOTCH1,H2BU1
RXRA,H2BU1
PGR,H3-4
MYLK,H4-16
NOTCH1,H4-16
PGR,H4-16
RXRA,H4-16
TNFRSF1A,H4-16
IL1R1,CILK1
